++ /usr/bin/tclsh /soft/module/libexec/modulecmd.tcl bash load gcc/8.3.0
+ eval 'LD_LIBRARY_PATH=/soft/gcc/8.3.0/lib64:/soft/gcc/8.3.0/lib; export LD_LIBRARY_PATH;
LIBRARY_PATH=/soft/gcc/8.3.0/lib64:/soft/gcc/8.3.0/lib; export LIBRARY_PATH;
LOADEDMODULES=cuda/cuda12.4:gcc/8.3.0; export LOADEDMODULES;
_LMFILES_=/soft/module/modulefiles/cuda/cuda12.4:/soft/module/modulefiles/gcc/8.3.0; export _LMFILES_;
CXX=g++; export CXX;
F90=gfortran; export F90;
FC=gfortran; export FC;
__MODULES_LMALTNAME=cuda/cuda12.4\&as\|cuda/default\&as\|cuda/latest:gcc/8.3.0\&as\|gcc/default\&as\|gcc/latest; export __MODULES_LMALTNAME;
C_INCLUDE_PATH=/soft/gcc/8.3.0/include; export C_INCLUDE_PATH;
F77=gfortran; export F77;
PATH=/soft/gcc/8.3.0/bin:/soft/cuda12.4/bin:/soft/git/2.50/bin:/home/zzy/.local/bin:/opt/simplehpc/miniconda3/scm/bin:/home/zzy/.vscode-server/data/User/globalStorage/github.copilot-chat/debugCommand:/home/zzy/.vscode-server/data/User/globalStorage/github.copilot-chat/copilotCli:/home/zzy/.vscode-server/bin/a44adf7f53e00964ab890f9f8758a334f1fc15bc/bin/remote-cli:/soft/git/2.50/bin:/home/zzy/.local/bin:/opt/simplehpc/miniconda3/scm/bin:/soft/git/2.50/bin:/home/zzy/.local/bin:/home/zzy/.nvm/versions/node/v20.20.2/bin:/home/zzy/.conda/envs/dfine/bin:/soft/anaconda3/condabin:/opt/simplehpc/miniconda3/scm/bin:/usr/lib64/qt-3.3/bin:/home/zzy/perl5/bin:/soft/module/bin:/usr/local/bin:/usr/bin:/usr/local/sbin:/usr/sbin:/home/zzy/.local/bin:/home/zzy/bin; export PATH;
CC=gcc; export CC;
test 0;'
++ LD_LIBRARY_PATH=/soft/gcc/8.3.0/lib64:/soft/gcc/8.3.0/lib
++ export LD_LIBRARY_PATH
++ LIBRARY_PATH=/soft/gcc/8.3.0/lib64:/soft/gcc/8.3.0/lib
++ export LIBRARY_PATH
++ LOADEDMODULES=cuda/cuda12.4:gcc/8.3.0
++ export LOADEDMODULES
++ _LMFILES_=/soft/module/modulefiles/cuda/cuda12.4:/soft/module/modulefiles/gcc/8.3.0
++ export _LMFILES_
++ CXX=g++
++ export CXX
++ F90=gfortran
++ export F90
++ FC=gfortran
++ export FC
++ __MODULES_LMALTNAME='cuda/cuda12.4&as|cuda/default&as|cuda/latest:gcc/8.3.0&as|gcc/default&as|gcc/latest'
++ export __MODULES_LMALTNAME
++ C_INCLUDE_PATH=/soft/gcc/8.3.0/include
++ export C_INCLUDE_PATH
++ F77=gfortran
++ export F77
++ PATH=/soft/gcc/8.3.0/bin:/soft/cuda12.4/bin:/soft/git/2.50/bin:/home/zzy/.local/bin:/opt/simplehpc/miniconda3/scm/bin:/home/zzy/.vscode-server/data/User/globalStorage/github.copilot-chat/debugCommand:/home/zzy/.vscode-server/data/User/globalStorage/github.copilot-chat/copilotCli:/home/zzy/.vscode-server/bin/a44adf7f53e00964ab890f9f8758a334f1fc15bc/bin/remote-cli:/soft/git/2.50/bin:/home/zzy/.local/bin:/opt/simplehpc/miniconda3/scm/bin:/soft/git/2.50/bin:/home/zzy/.local/bin:/home/zzy/.nvm/versions/node/v20.20.2/bin:/home/zzy/.conda/envs/dfine/bin:/soft/anaconda3/condabin:/opt/simplehpc/miniconda3/scm/bin:/usr/lib64/qt-3.3/bin:/home/zzy/perl5/bin:/soft/module/bin:/usr/local/bin:/usr/bin:/usr/local/sbin:/usr/sbin:/home/zzy/.local/bin:/home/zzy/bin
++ export PATH
++ CC=gcc
++ export CC
++ test 0
+ _mlstatus=0
+ return 0
++ /usr/bin/tclsh /soft/module/libexec/modulecmd.tcl bash load cuda/cuda12.4
+ eval ''
+ _mlstatus=0
+ return 0
Job: 14875 | Model: l | Node: gpu12 | Port: 34875
CUDA_VISIBLE_DEVICES=0,1,2,3,4,5,6,7
Initialized distributed mode...
cfg: 
{'_collate_fn': None,
 '_criterion': None,
 '_ema': None,
 '_evaluator': None,
 '_lr_scheduler': None,
 '_lr_warmup_scheduler': None,
 '_model': None,
 '_optimizer': None,
 '_postprocessor': None,
 '_scaler': None,
 '_train_batch_size': None,
 '_train_dataloader': None,
 '_train_dataset': None,
 '_train_shuffle': None,
 '_val_batch_size': None,
 '_val_dataloader': None,
 '_val_dataset': None,
 '_val_shuffle': None,
 '_writer': None,
 'batch_size': None,
 'checkpoint_freq': 12,
 'clip_max_norm': 0.1,
 'device': '',
 'ema_decay': 0.9999,
 'ema_warmups': 2000,
 'epochs': 80,
 'find_unused_parameters': False,
 'last_epoch': -1,
 'num_workers': 0,
 'output_dir': './output/dfine_hgnetv2_l_coco',
 'print_freq': 100,
 'resume': None,
 'seed': 0,
 'summary_dir': None,
 'sync_bn': True,
 'task': 'detection',
 'tuning': None,
 'use_amp': True,
 'use_ema': True,
 'yaml_cfg': {'DFINE': {'backbone': 'HGNetv2',
                        'decoder': 'DFINETransformer',
                        'encoder': 'HybridEncoder'},
              'DFINECriterion': {'alpha': 0.75,
                                 'gamma': 2.0,
                                 'losses': ['vfl', 'boxes', 'local'],
                                 'matcher': {'alpha': 0.25,
                                             'gamma': 2.0,
                                             'type': 'HungarianMatcher',
                                             'weight_dict': {'cost_bbox': 5,
                                                             'cost_class': 2,
                                                             'cost_giou': 2}},
                                 'reg_max': 32,
                                 'weight_dict': {'loss_bbox': 5,
                                                 'loss_ddf': 1.5,
                                                 'loss_fgl': 0.15,
                                                 'loss_giou': 2,
                                                 'loss_vfl': 1}},
              'DFINEPostProcessor': {'num_top_queries': 300},
              'DFINETransformer': {'box_noise_scale': 1.0,
                                   'cross_attn_method': 'default',
                                   'eval_idx': -1,
                                   'feat_channels': [256, 256, 256],
                                   'feat_strides': [8, 16, 32],
                                   'hidden_dim': 256,
                                   'label_noise_ratio': 0.5,
                                   'layer_scale': 1,
                                   'num_denoising': 100,
                                   'num_layers': 6,
                                   'num_levels': 3,
                                   'num_points': [3, 6, 3],
                                   'num_queries': 300,
                                   'query_select_method': 'default',
                                   'reg_max': 32,
                                   'reg_scale': 4},
              'HGNetv2': {'freeze_at': 0,
                          'freeze_norm': True,
                          'freeze_stem_only': True,
                          'local_model_dir': 'weight/hgnetv2/',
                          'name': 'B4',
                          'pretrained': True,
                          'return_idx': [1, 2, 3]},
              'HybridEncoder': {'act': 'silu',
                                'depth_mult': 1,
                                'dim_feedforward': 1024,
                                'dropout': 0.0,
                                'enc_act': 'gelu',
                                'expansion': 1.0,
                                'feat_strides': [8, 16, 32],
                                'hidden_dim': 256,
                                'in_channels': [512, 1024, 2048],
                                'nhead': 8,
                                'num_encoder_layers': 1,
                                'use_encoder_idx': [2]},
              '__include__': ['../dataset/coco_detection.yml',
                              '../runtime.yml',
                              './include/dataloader.yml',
                              './include/optimizer.yml',
                              './include/dfine_hgnetv2.yml'],
              'checkpoint_freq': 12,
              'clip_max_norm': 0.1,
              'config': 'configs/dfine/dfine_hgnetv2_l_coco.yml',
              'criterion': 'DFINECriterion',
              'ema': {'decay': 0.9999,
                      'start': 0,
                      'type': 'ModelEMA',
                      'warmups': 1000},
              'epochs': 80,
              'eval_spatial_size': [640, 640],
              'evaluator': {'iou_types': ['bbox'], 'type': 'CocoEvaluator'},
              'exp_name': 'baseline',
              'find_unused_parameters': False,
              'lr_scheduler': {'gamma': 0.1,
                               'milestones': [500],
                               'type': 'MultiStepLR'},
              'lr_warmup_scheduler': {'type': 'LinearWarmup',
                                      'warmup_duration': 500},
              'model': 'DFINE',
              'num_classes': 80,
              'optimizer': {'betas': [0.9, 0.999],
                            'lr': 0.00025,
                            'params': [{'lr': 1.25e-05,
                                        'params': '^(?=.*backbone)(?!.*norm|bn).*$'},
                                       {'params': '^(?=.*(?:encoder|decoder))(?=.*(?:norm|bn)).*$',
                                        'weight_decay': 0.0}],
                            'type': 'AdamW',
                            'weight_decay': 0.000125},
              'output_dir': './output/dfine_hgnetv2_l_coco',
              'postprocessor': 'DFINEPostProcessor',
              'print_freq': 100,
              'print_method': 'builtin',
              'print_rank': 0,
              'project_name': 'D-FINE',
              'remap_mscoco_category': True,
              'scaler': {'enabled': True, 'type': 'GradScaler'},
              'seed': 0,
              'sync_bn': True,
              'task': 'detection',
              'test_only': False,
              'train_dataloader': {'collate_fn': {'base_size': 640,
                                                  'base_size_repeat': 4,
                                                  'ema_restart_decay': 0.9999,
                                                  'stop_epoch': 72,
                                                  'type': 'BatchImageCollateFunction'},
                                   'dataset': {'ann_file': '/home/zzy/datasets/coco/annotations/instances_train2017.json',
                                               'img_folder': '/home/zzy/datasets/coco/train2017/',
                                               'return_masks': False,
                                               'transforms': {'ops': [{'p': 0.5,
                                                                       'type': 'RandomPhotometricDistort'},
                                                                      {'fill': 0,
                                                                       'type': 'RandomZoomOut'},
                                                                      {'p': 0.8,
                                                                       'type': 'RandomIoUCrop'},
                                                                      {'min_size': 1,
                                                                       'type': 'SanitizeBoundingBoxes'},
                                                                      {'type': 'RandomHorizontalFlip'},
                                                                      {'size': [640,
                                                                                640],
                                                                       'type': 'Resize'},
                                                                      {'min_size': 1,
                                                                       'type': 'SanitizeBoundingBoxes'},
                                                                      {'dtype': 'float32',
                                                                       'scale': True,
                                                                       'type': 'ConvertPILImage'},
                                                                      {'fmt': 'cxcywh',
                                                                       'normalize': True,
                                                                       'type': 'ConvertBoxes'}],
                                                              'policy': {'epoch': 72,
                                                                         'name': 'stop_epoch',
                                                                         'ops': ['RandomPhotometricDistort',
                                                                                 'RandomZoomOut',
                                                                                 'RandomIoUCrop']},
                                                              'type': 'Compose'},
                                               'type': 'CocoDetection'},
                                   'drop_last': True,
                                   'num_workers': 4,
                                   'shuffle': True,
                                   'total_batch_size': 128,
                                   'type': 'DataLoader'},
              'use_amp': True,
              'use_ema': True,
              'use_focal_loss': True,
              'use_wandb': False,
              'val_dataloader': {'collate_fn': {'type': 'BatchImageCollateFunction'},
                                 'dataset': {'ann_file': '/home/zzy/datasets/coco/annotations/instances_val2017.json',
                                             'img_folder': '/home/zzy/datasets/coco/val2017/',
                                             'return_masks': False,
                                             'transforms': {'ops': [{'size': [640,
                                                                              640],
                                                                     'type': 'Resize'},
                                                                    {'dtype': 'float32',
                                                                     'scale': True,
                                                                     'type': 'ConvertPILImage'}],
                                                            'type': 'Compose'},
                                             'type': 'CocoDetection'},
                                 'drop_last': False,
                                 'num_workers': 4,
                                 'shuffle': False,
                                 'total_batch_size': 64,
                                 'type': 'DataLoader'}}}
[92mIf the pretrained HGNetV2 can't be downloaded automatically. Please check your network connection.[0m
[92mPlease check your network connection. Or download the model manually from [0mhttps://github.com/Peterande/storage/releases/download/dfinev1.0/PPHGNetV2_B4_stage1.pth[92m to [0mweight/hgnetv2/.[0m
Loaded stage1 B4 HGNetV2 from URL.
Loaded stage1 B4 HGNetV2 from URL.
Initial lr: [1.25e-05, 0.00025, 0.00025]
building train_dataloader with batch_size=16...
loading annotations into memory...
Done (t=15.05s)
creating index...
index created!
building val_dataloader with batch_size=8...
loading annotations into memory...
Done (t=0.44s)
creating index...
index created!

------------------------------------- Calculate Flops Results -------------------------------------
Notations:
number of parameters (Params), number of multiply-accumulate operations(MACs),
number of floating-point operations (FLOPs), floating-point operations per second (FLOPS),
fwd FLOPs (model forward propagation FLOPs), bwd FLOPs (model backward propagation FLOPs),
default model backpropagation takes 2.00 times as much computation as forward propagation.

Total Training Params:                                                  30.7 M  
fwd MACs:                                                               45.4509 GMACs
fwd FLOPs:                                                              91.0344 GFLOPS
fwd+bwd MACs:                                                           136.353 GMACs
fwd+bwd FLOPs:                                                          273.103 GFLOPS
---------------------------------------------------------------------------------------------------
{'Model FLOPs:91.0344 GFLOPS   MACs:45.4509 GMACs   Params:30724195'}
------------------------------------------Start training-------------------------------------------
Epoch: [0/80]  [  0/924]  eta: 1:45:57  lr: 0.000000  loss: 60.4061 (60.4061)  loss_bbox: 1.8574 (1.8574)  loss_bbox_aux_0: 1.8574 (1.8574)  loss_bbox_aux_1: 1.8574 (1.8574)  loss_bbox_aux_2: 1.8574 (1.8574)  loss_bbox_aux_3: 1.8574 (1.8574)  loss_bbox_aux_4: 1.8574 (1.8574)  loss_bbox_dn_0: 0.8542 (0.8542)  loss_bbox_dn_1: 0.8542 (0.8542)  loss_bbox_dn_2: 0.8542 (0.8542)  loss_bbox_dn_3: 0.8542 (0.8542)  loss_bbox_dn_4: 0.8542 (0.8542)  loss_bbox_dn_5: 0.8542 (0.8542)  loss_bbox_dn_pre: 0.8542 (0.8542)  loss_bbox_enc_0: 1.8574 (1.8574)  loss_bbox_pre: 1.8574 (1.8574)  loss_ddf_aux_0: 0.0000 (0.0000)  loss_ddf_aux_1: 0.0000 (0.0000)  loss_ddf_aux_2: 0.0000 (0.0000)  loss_ddf_aux_3: 0.0000 (0.0000)  loss_ddf_aux_4: 0.0000 (0.0000)  loss_ddf_dn_0: 0.0000 (0.0000)  loss_ddf_dn_1: 0.0000 (0.0000)  loss_ddf_dn_2: 0.0000 (0.0000)  loss_ddf_dn_3: 0.0000 (0.0000)  loss_ddf_dn_4: 0.0000 (0.0000)  loss_ddf_dn_5: 0.0000 (0.0000)  loss_fgl: 0.3622 (0.3622)  loss_fgl_aux_0: 0.3622 (0.3622)  loss_fgl_aux_1: 0.3622 (0.3622)  loss_fgl_aux_2: 0.3622 (0.3622)  loss_fgl_aux_3: 0.3622 (0.3622)  loss_fgl_aux_4: 0.3622 (0.3622)  loss_fgl_dn_0: 0.8400 (0.8400)  loss_fgl_dn_1: 0.8400 (0.8400)  loss_fgl_dn_2: 0.8400 (0.8400)  loss_fgl_dn_3: 0.8400 (0.8400)  loss_fgl_dn_4: 0.8400 (0.8400)  loss_fgl_dn_5: 0.8400 (0.8400)  loss_giou: 1.8243 (1.8243)  loss_giou_aux_0: 1.8243 (1.8243)  loss_giou_aux_1: 1.8243 (1.8243)  loss_giou_aux_2: 1.8243 (1.8243)  loss_giou_aux_3: 1.8243 (1.8243)  loss_giou_aux_4: 1.8243 (1.8243)  loss_giou_dn_0: 1.3479 (1.3479)  loss_giou_dn_1: 1.3479 (1.3479)  loss_giou_dn_2: 1.3479 (1.3479)  loss_giou_dn_3: 1.3479 (1.3479)  loss_giou_dn_4: 1.3479 (1.3479)  loss_giou_dn_5: 1.3479 (1.3479)  loss_giou_dn_pre: 1.3479 (1.3479)  loss_giou_enc_0: 1.8243 (1.8243)  loss_giou_pre: 1.8243 (1.8243)  loss_vfl: 0.3181 (0.3181)  loss_vfl_aux_0: 0.3244 (0.3244)  loss_vfl_aux_1: 0.3309 (0.3309)  loss_vfl_aux_2: 0.3143 (0.3143)  loss_vfl_aux_3: 0.3106 (0.3106)  loss_vfl_aux_4: 0.3121 (0.3121)  loss_vfl_dn_0: 0.8503 (0.8503)  loss_vfl_dn_1: 0.8503 (0.8503)  loss_vfl_dn_2: 0.7997 (0.7997)  loss_vfl_dn_3: 0.7938 (0.7938)  loss_vfl_dn_4: 0.8179 (0.8179)  loss_vfl_dn_5: 0.8042 (0.8042)  loss_vfl_dn_pre: 0.8503 (0.8503)  loss_vfl_enc_0: 0.3234 (0.3234)  loss_vfl_pre: 0.3244 (0.3244)  time: 6.8801  data: 2.0096  max mem: 12095
Epoch: [0/80]  [100/924]  eta: 0:16:46  lr: 0.000003  loss: 53.7400 (56.1828)  loss_bbox: 1.2128 (1.4452)  loss_bbox_aux_0: 1.2414 (1.4663)  loss_bbox_aux_1: 1.2323 (1.4602)  loss_bbox_aux_2: 1.2257 (1.4555)  loss_bbox_aux_3: 1.2202 (1.4513)  loss_bbox_aux_4: 1.2165 (1.4480)  loss_bbox_dn_0: 0.8074 (0.8103)  loss_bbox_dn_1: 0.8047 (0.8116)  loss_bbox_dn_2: 0.8029 (0.8135)  loss_bbox_dn_3: 0.8000 (0.8154)  loss_bbox_dn_4: 0.7973 (0.8178)  loss_bbox_dn_5: 0.7960 (0.8199)  loss_bbox_dn_pre: 0.8069 (0.8094)  loss_bbox_enc_0: 1.2641 (1.4781)  loss_bbox_pre: 1.2457 (1.4691)  loss_ddf_aux_0: 0.0158 (0.0050)  loss_ddf_aux_1: 0.0087 (0.0029)  loss_ddf_aux_2: 0.0044 (0.0015)  loss_ddf_aux_3: 0.0017 (0.0006)  loss_ddf_aux_4: 0.0004 (0.0002)  loss_ddf_dn_0: 0.0167 (0.0051)  loss_ddf_dn_1: 0.0091 (0.0029)  loss_ddf_dn_2: 0.0046 (0.0015)  loss_ddf_dn_3: 0.0017 (0.0006)  loss_ddf_dn_4: 0.0004 (0.0002)  loss_ddf_dn_5: -0.0000 (0.0000)  loss_fgl: 0.5817 (0.4645)  loss_fgl_aux_0: 0.5631 (0.4563)  loss_fgl_aux_1: 0.5666 (0.4586)  loss_fgl_aux_2: 0.5714 (0.4602)  loss_fgl_aux_3: 0.5761 (0.4618)  loss_fgl_aux_4: 0.5800 (0.4633)  loss_fgl_dn_0: 0.8430 (0.8414)  loss_fgl_dn_1: 0.8337 (0.8384)  loss_fgl_dn_2: 0.8279 (0.8363)  loss_fgl_dn_3: 0.8233 (0.8344)  loss_fgl_dn_4: 0.8216 (0.8332)  loss_fgl_dn_5: 0.8209 (0.8323)  loss_giou: 1.5254 (1.6913)  loss_giou_aux_0: 1.5519 (1.7074)  loss_giou_aux_1: 1.5440 (1.7021)  loss_giou_aux_2: 1.5363 (1.6987)  loss_giou_aux_3: 1.5299 (1.6958)  loss_giou_aux_4: 1.5262 (1.6933)  loss_giou_dn_0: 1.3363 (1.3422)  loss_giou_dn_1: 1.3372 (1.3426)  loss_giou_dn_2: 1.3377 (1.3429)  loss_giou_dn_3: 1.3379 (1.3433)  loss_giou_dn_4: 1.3367 (1.3434)  loss_giou_dn_5: 1.3366 (1.3436)  loss_giou_dn_pre: 1.3360 (1.3421)  loss_giou_enc_0: 1.5847 (1.7230)  loss_giou_pre: 1.5563 (1.7103)  loss_vfl: 0.5591 (0.4313)  loss_vfl_aux_0: 0.4959 (0.3923)  loss_vfl_aux_1: 0.5125 (0.4031)  loss_vfl_aux_2: 0.5258 (0.4064)  loss_vfl_aux_3: 0.5417 (0.4133)  loss_vfl_aux_4: 0.5569 (0.4219)  loss_vfl_dn_0: 0.5536 (0.6891)  loss_vfl_dn_1: 0.5710 (0.6928)  loss_vfl_dn_2: 0.5625 (0.6634)  loss_vfl_dn_3: 0.5642 (0.6694)  loss_vfl_dn_4: 0.5693 (0.6711)  loss_vfl_dn_5: 0.5608 (0.6667)  loss_vfl_dn_pre: 0.5542 (0.6897)  loss_vfl_enc_0: 0.4720 (0.3869)  loss_vfl_pre: 0.4940 (0.3904)  time: 1.0795  data: 0.0285  max mem: 17528
Epoch: [0/80]  [200/924]  eta: 0:15:08  lr: 0.000005  loss: 50.2089 (54.0525)  loss_bbox: 0.6558 (1.1419)  loss_bbox_aux_0: 0.7029 (1.1939)  loss_bbox_aux_1: 0.6834 (1.1711)  loss_bbox_aux_2: 0.6694 (1.1565)  loss_bbox_aux_3: 0.6597 (1.1483)  loss_bbox_aux_4: 0.6572 (1.1438)  loss_bbox_dn_0: 0.7492 (0.8011)  loss_bbox_dn_1: 0.7256 (0.7941)  loss_bbox_dn_2: 0.7065 (0.7897)  loss_bbox_dn_3: 0.6926 (0.7866)  loss_bbox_dn_4: 0.6846 (0.7852)  loss_bbox_dn_5: 0.6808 (0.7849)  loss_bbox_dn_pre: 0.7699 (0.8082)  loss_bbox_enc_0: 0.8560 (1.2431)  loss_bbox_pre: 0.7449 (1.2136)  loss_ddf_aux_0: 0.0753 (0.0256)  loss_ddf_aux_1: 0.0442 (0.0142)  loss_ddf_aux_2: 0.0202 (0.0067)  loss_ddf_aux_3: 0.0068 (0.0026)  loss_ddf_aux_4: 0.0015 (0.0006)  loss_ddf_dn_0: 0.0379 (0.0160)  loss_ddf_dn_1: 0.0236 (0.0089)  loss_ddf_dn_2: 0.0112 (0.0044)  loss_ddf_dn_3: 0.0040 (0.0017)  loss_ddf_dn_4: 0.0009 (0.0004)  loss_ddf_dn_5: 0.0000 (0.0000)  loss_fgl: 0.8861 (0.6261)  loss_fgl_aux_0: 0.8817 (0.6124)  loss_fgl_aux_1: 0.8790 (0.6170)  loss_fgl_aux_2: 0.8824 (0.6209)  loss_fgl_aux_3: 0.8858 (0.6235)  loss_fgl_aux_4: 0.8865 (0.6252)  loss_fgl_dn_0: 0.8448 (0.8385)  loss_fgl_dn_1: 0.8561 (0.8353)  loss_fgl_dn_2: 0.8711 (0.8368)  loss_fgl_dn_3: 0.8827 (0.8384)  loss_fgl_dn_4: 0.8892 (0.8399)  loss_fgl_dn_5: 0.8939 (0.8411)  loss_giou: 1.1550 (1.4944)  loss_giou_aux_0: 1.2150 (1.5349)  loss_giou_aux_1: 1.1845 (1.5205)  loss_giou_aux_2: 1.1706 (1.5088)  loss_giou_aux_3: 1.1607 (1.5014)  loss_giou_aux_4: 1.1574 (1.4968)  loss_giou_dn_0: 1.2995 (1.3331)  loss_giou_dn_1: 1.2758 (1.3291)  loss_giou_dn_2: 1.2470 (1.3227)  loss_giou_dn_3: 1.2276 (1.3175)  loss_giou_dn_4: 1.2180 (1.3135)  loss_giou_dn_5: 1.2118 (1.3113)  loss_giou_dn_pre: 1.3043 (1.3339)  loss_giou_enc_0: 1.3677 (1.5757)  loss_giou_pre: 1.2272 (1.5424)  loss_vfl: 0.9612 (0.6371)  loss_vfl_aux_0: 0.8776 (0.5653)  loss_vfl_aux_1: 0.9117 (0.5865)  loss_vfl_aux_2: 0.9075 (0.5957)  loss_vfl_aux_3: 0.9436 (0.6115)  loss_vfl_aux_4: 0.9654 (0.6249)  loss_vfl_dn_0: 0.4345 (0.5780)  loss_vfl_dn_1: 0.4689 (0.5920)  loss_vfl_dn_2: 0.4871 (0.5833)  loss_vfl_dn_3: 0.5080 (0.5913)  loss_vfl_dn_4: 0.5247 (0.5989)  loss_vfl_dn_5: 0.5186 (0.5947)  loss_vfl_dn_pre: 0.4279 (0.5782)  loss_vfl_enc_0: 0.7557 (0.5280)  loss_vfl_pre: 0.8346 (0.5525)  time: 1.5617  data: 0.0303  max mem: 17528
Epoch: [0/80]  [300/924]  eta: 0:12:27  lr: 0.000008  loss: 48.0338 (52.2698)  loss_bbox: 0.5101 (0.9409)  loss_bbox_aux_0: 0.5504 (0.9890)  loss_bbox_aux_1: 0.5261 (0.9679)  loss_bbox_aux_2: 0.5131 (0.9527)  loss_bbox_aux_3: 0.5099 (0.9456)  loss_bbox_aux_4: 0.5099 (0.9422)  loss_bbox_dn_0: 0.6415 (0.7502)  loss_bbox_dn_1: 0.6023 (0.7372)  loss_bbox_dn_2: 0.5805 (0.7267)  loss_bbox_dn_3: 0.5713 (0.7214)  loss_bbox_dn_4: 0.5678 (0.7190)  loss_bbox_dn_5: 0.5670 (0.7183)  loss_bbox_dn_pre: 0.6561 (0.7601)  loss_bbox_enc_0: 0.7434 (1.0832)  loss_bbox_pre: 0.5557 (1.0055)  loss_ddf_aux_0: 0.1356 (0.0565)  loss_ddf_aux_1: 0.0682 (0.0323)  loss_ddf_aux_2: 0.0142 (0.0113)  loss_ddf_aux_3: 0.0023 (0.0031)  loss_ddf_aux_4: 0.0003 (0.0006)  loss_ddf_dn_0: 0.0909 (0.0342)  loss_ddf_dn_1: 0.0503 (0.0204)  loss_ddf_dn_2: 0.0146 (0.0079)  loss_ddf_dn_3: 0.0032 (0.0023)  loss_ddf_dn_4: 0.0004 (0.0005)  loss_ddf_dn_5: 0.0000 (0.0000)  loss_fgl: 0.9494 (0.7299)  loss_fgl_aux_0: 0.9487 (0.7180)  loss_fgl_aux_1: 0.9522 (0.7221)  loss_fgl_aux_2: 0.9485 (0.7258)  loss_fgl_aux_3: 0.9484 (0.7279)  loss_fgl_aux_4: 0.9491 (0.7292)  loss_fgl_dn_0: 0.9403 (0.8643)  loss_fgl_dn_1: 0.9571 (0.8661)  loss_fgl_dn_2: 0.9695 (0.8720)  loss_fgl_dn_3: 0.9728 (0.8750)  loss_fgl_dn_4: 0.9760 (0.8769)  loss_fgl_dn_5: 0.9770 (0.8781)  loss_giou: 0.9800 (1.3466)  loss_giou_aux_0: 1.0499 (1.3933)  loss_giou_aux_1: 1.0131 (1.3760)  loss_giou_aux_2: 0.9875 (1.3592)  loss_giou_aux_3: 0.9813 (1.3517)  loss_giou_aux_4: 0.9802 (1.3482)  loss_giou_dn_0: 1.1602 (1.2917)  loss_giou_dn_1: 1.1131 (1.2775)  loss_giou_dn_2: 1.0686 (1.2589)  loss_giou_dn_3: 1.0545 (1.2496)  loss_giou_dn_4: 1.0480 (1.2450)  loss_giou_dn_5: 1.0463 (1.2429)  loss_giou_dn_pre: 1.1719 (1.2953)  loss_giou_enc_0: 1.2321 (1.4760)  loss_giou_pre: 1.0552 (1.3994)  loss_vfl: 1.0179 (0.7635)  loss_vfl_aux_0: 1.0111 (0.7012)  loss_vfl_aux_1: 1.0184 (0.7183)  loss_vfl_aux_2: 1.0342 (0.7292)  loss_vfl_aux_3: 1.0201 (0.7430)  loss_vfl_aux_4: 1.0208 (0.7535)  loss_vfl_dn_0: 0.4653 (0.5372)  loss_vfl_dn_1: 0.5025 (0.5577)  loss_vfl_dn_2: 0.5273 (0.5600)  loss_vfl_dn_3: 0.5330 (0.5706)  loss_vfl_dn_4: 0.5400 (0.5777)  loss_vfl_dn_5: 0.5386 (0.5736)  loss_vfl_dn_pre: 0.4577 (0.5353)  loss_vfl_enc_0: 0.9052 (0.6391)  loss_vfl_pre: 0.9883 (0.6844)  time: 1.0597  data: 0.0298  max mem: 17528
Epoch: [0/80]  [400/924]  eta: 0:10:10  lr: 0.000010  loss: 46.4388 (50.9630)  loss_bbox: 0.4247 (0.8189)  loss_bbox_aux_0: 0.4771 (0.8671)  loss_bbox_aux_1: 0.4370 (0.8429)  loss_bbox_aux_2: 0.4266 (0.8286)  loss_bbox_aux_3: 0.4250 (0.8226)  loss_bbox_aux_4: 0.4248 (0.8199)  loss_bbox_dn_0: 0.5947 (0.7143)  loss_bbox_dn_1: 0.5449 (0.6939)  loss_bbox_dn_2: 0.5287 (0.6812)  loss_bbox_dn_3: 0.5199 (0.6749)  loss_bbox_dn_4: 0.5159 (0.6722)  loss_bbox_dn_5: 0.5147 (0.6713)  loss_bbox_dn_pre: 0.6016 (0.7249)  loss_bbox_enc_0: 0.6897 (0.9883)  loss_bbox_pre: 0.4835 (0.8806)  loss_ddf_aux_0: 0.1780 (0.0836)  loss_ddf_aux_1: 0.0661 (0.0407)  loss_ddf_aux_2: 0.0132 (0.0118)  loss_ddf_aux_3: 0.0020 (0.0029)  loss_ddf_aux_4: 0.0002 (0.0005)  loss_ddf_dn_0: 0.1484 (0.0569)  loss_ddf_dn_1: 0.0612 (0.0294)  loss_ddf_dn_2: 0.0175 (0.0100)  loss_ddf_dn_3: 0.0038 (0.0026)  loss_ddf_dn_4: 0.0004 (0.0004)  loss_ddf_dn_5: 0.0000 (0.0000)  loss_fgl: 0.9954 (0.7945)  loss_fgl_aux_0: 1.0135 (0.7867)  loss_fgl_aux_1: 1.0042 (0.7892)  loss_fgl_aux_2: 0.9976 (0.7915)  loss_fgl_aux_3: 0.9956 (0.7930)  loss_fgl_aux_4: 0.9955 (0.7939)  loss_fgl_dn_0: 0.9737 (0.8899)  loss_fgl_dn_1: 0.9856 (0.8950)  loss_fgl_dn_2: 0.9952 (0.9022)  loss_fgl_dn_3: 0.9978 (0.9054)  loss_fgl_dn_4: 0.9992 (0.9072)  loss_fgl_dn_5: 0.9996 (0.9082)  loss_giou: 0.8450 (1.2351)  loss_giou_aux_0: 0.9241 (1.2885)  loss_giou_aux_1: 0.8674 (1.2638)  loss_giou_aux_2: 0.8483 (1.2457)  loss_giou_aux_3: 0.8455 (1.2390)  loss_giou_aux_4: 0.8453 (1.2363)  loss_giou_dn_0: 1.1029 (1.2501)  loss_giou_dn_1: 1.0385 (1.2240)  loss_giou_dn_2: 0.9948 (1.1995)  loss_giou_dn_3: 0.9792 (1.1886)  loss_giou_dn_4: 0.9722 (1.1837)  loss_giou_dn_5: 0.9705 (1.1818)  loss_giou_dn_pre: 1.1121 (1.2548)  loss_giou_enc_0: 1.1379 (1.3985)  loss_giou_pre: 0.9246 (1.2935)  loss_vfl: 1.0094 (0.8335)  loss_vfl_aux_0: 1.0351 (0.7843)  loss_vfl_aux_1: 1.0667 (0.7991)  loss_vfl_aux_2: 1.0502 (0.8088)  loss_vfl_aux_3: 1.0162 (0.8171)  loss_vfl_aux_4: 1.0176 (0.8247)  loss_vfl_dn_0: 0.4774 (0.5218)  loss_vfl_dn_1: 0.5081 (0.5455)  loss_vfl_dn_2: 0.5220 (0.5515)  loss_vfl_dn_3: 0.5276 (0.5616)  loss_vfl_dn_4: 0.5332 (0.5676)  loss_vfl_dn_5: 0.5286 (0.5653)  loss_vfl_dn_pre: 0.4700 (0.5187)  loss_vfl_enc_0: 0.9725 (0.7178)  loss_vfl_pre: 1.0133 (0.7657)  time: 1.0485  data: 0.0302  max mem: 17528
Epoch: [0/80]  [500/924]  eta: 0:08:05  lr: 0.000013  loss: 45.3436 (50.0340)  loss_bbox: 0.3792 (0.7390)  loss_bbox_aux_0: 0.4380 (0.7902)  loss_bbox_aux_1: 0.3941 (0.7611)  loss_bbox_aux_2: 0.3822 (0.7473)  loss_bbox_aux_3: 0.3791 (0.7420)  loss_bbox_aux_4: 0.3792 (0.7398)  loss_bbox_dn_0: 0.5799 (0.6910)  loss_bbox_dn_1: 0.5122 (0.6639)  loss_bbox_dn_2: 0.4859 (0.6491)  loss_bbox_dn_3: 0.4743 (0.6420)  loss_bbox_dn_4: 0.4710 (0.6393)  loss_bbox_dn_5: 0.4700 (0.6385)  loss_bbox_dn_pre: 0.5844 (0.7002)  loss_bbox_enc_0: 0.6419 (0.9318)  loss_bbox_pre: 0.4413 (0.8014)  loss_ddf_aux_0: 0.2198 (0.1142)  loss_ddf_aux_1: 0.0647 (0.0480)  loss_ddf_aux_2: 0.0122 (0.0125)  loss_ddf_aux_3: 0.0016 (0.0028)  loss_ddf_aux_4: 0.0002 (0.0005)  loss_ddf_dn_0: 0.2649 (0.0895)  loss_ddf_dn_1: 0.0770 (0.0389)  loss_ddf_dn_2: 0.0213 (0.0124)  loss_ddf_dn_3: 0.0043 (0.0030)  loss_ddf_dn_4: 0.0004 (0.0004)  loss_ddf_dn_5: 0.0000 (0.0000)  loss_fgl: 1.0189 (0.8378)  loss_fgl_aux_0: 1.0300 (0.8326)  loss_fgl_aux_1: 1.0189 (0.8333)  loss_fgl_aux_2: 1.0157 (0.8349)  loss_fgl_aux_3: 1.0170 (0.8363)  loss_fgl_aux_4: 1.0181 (0.8372)  loss_fgl_dn_0: 0.9798 (0.9068)  loss_fgl_dn_1: 0.9961 (0.9146)  loss_fgl_dn_2: 1.0045 (0.9223)  loss_fgl_dn_3: 1.0090 (0.9260)  loss_fgl_dn_4: 1.0124 (0.9281)  loss_fgl_dn_5: 1.0134 (0.9291)  loss_giou: 0.8129 (1.1564)  loss_giou_aux_0: 0.8890 (1.2167)  loss_giou_aux_1: 0.8259 (1.1839)  loss_giou_aux_2: 0.8146 (1.1657)  loss_giou_aux_3: 0.8127 (1.1597)  loss_giou_aux_4: 0.8127 (1.1574)  loss_giou_dn_0: 1.0926 (1.2219)  loss_giou_dn_1: 1.0036 (1.1848)  loss_giou_dn_2: 0.9697 (1.1576)  loss_giou_dn_3: 0.9525 (1.1456)  loss_giou_dn_4: 0.9471 (1.1403)  loss_giou_dn_5: 0.9438 (1.1385)  loss_giou_dn_pre: 1.1013 (1.2265)  loss_giou_enc_0: 1.1176 (1.3471)  loss_giou_pre: 0.8939 (1.2209)  loss_vfl: 1.0266 (0.8719)  loss_vfl_aux_0: 1.0181 (0.8311)  loss_vfl_aux_1: 1.0303 (0.8483)  loss_vfl_aux_2: 1.0100 (0.8535)  loss_vfl_aux_3: 0.9925 (0.8570)  loss_vfl_aux_4: 1.0226 (0.8629)  loss_vfl_dn_0: 0.4691 (0.5113)  loss_vfl_dn_1: 0.5140 (0.5383)  loss_vfl_dn_2: 0.5206 (0.5447)  loss_vfl_dn_3: 0.5251 (0.5547)  loss_vfl_dn_4: 0.5295 (0.5601)  loss_vfl_dn_5: 0.5387 (0.5592)  loss_vfl_dn_pre: 0.4665 (0.5079)  loss_vfl_enc_0: 0.9258 (0.7606)  loss_vfl_pre: 0.9969 (0.8118)  time: 1.0546  data: 0.0279  max mem: 17528
Epoch: [0/80]  [600/924]  eta: 0:06:06  lr: 0.000013  loss: 44.4591 (49.1932)  loss_bbox: 0.3777 (0.6798)  loss_bbox_aux_0: 0.4347 (0.7322)  loss_bbox_aux_1: 0.3896 (0.6997)  loss_bbox_aux_2: 0.3806 (0.6868)  loss_bbox_aux_3: 0.3784 (0.6822)  loss_bbox_aux_4: 0.3779 (0.6804)  loss_bbox_dn_0: 0.5766 (0.6713)  loss_bbox_dn_1: 0.4979 (0.6368)  loss_bbox_dn_2: 0.4740 (0.6210)  loss_bbox_dn_3: 0.4619 (0.6138)  loss_bbox_dn_4: 0.4577 (0.6111)  loss_bbox_dn_5: 0.4568 (0.6103)  loss_bbox_dn_pre: 0.5837 (0.6796)  loss_bbox_enc_0: 0.5880 (0.8790)  loss_bbox_pre: 0.4345 (0.7416)  loss_ddf_aux_0: 0.2490 (0.1352)  loss_ddf_aux_1: 0.0564 (0.0497)  loss_ddf_aux_2: 0.0093 (0.0121)  loss_ddf_aux_3: 0.0010 (0.0025)  loss_ddf_aux_4: 0.0001 (0.0004)  loss_ddf_dn_0: 0.2099 (0.1136)  loss_ddf_dn_1: 0.0685 (0.0441)  loss_ddf_dn_2: 0.0177 (0.0135)  loss_ddf_dn_3: 0.0032 (0.0031)  loss_ddf_dn_4: 0.0003 (0.0004)  loss_ddf_dn_5: 0.0000 (0.0000)  loss_fgl: 1.0293 (0.8679)  loss_fgl_aux_0: 1.0536 (0.8678)  loss_fgl_aux_1: 1.0313 (0.8646)  loss_fgl_aux_2: 1.0283 (0.8654)  loss_fgl_aux_3: 1.0286 (0.8666)  loss_fgl_aux_4: 1.0291 (0.8674)  loss_fgl_dn_0: 1.0087 (0.9221)  loss_fgl_dn_1: 1.0244 (0.9315)  loss_fgl_dn_2: 1.0276 (0.9387)  loss_fgl_dn_3: 1.0321 (0.9423)  loss_fgl_dn_4: 1.0337 (0.9443)  loss_fgl_dn_5: 1.0341 (0.9452)  loss_giou: 0.7520 (1.0937)  loss_giou_aux_0: 0.8304 (1.1575)  loss_giou_aux_1: 0.7675 (1.1194)  loss_giou_aux_2: 0.7533 (1.1020)  loss_giou_aux_3: 0.7524 (1.0964)  loss_giou_aux_4: 0.7520 (1.0945)  loss_giou_dn_0: 1.0494 (1.1964)  loss_giou_dn_1: 0.9320 (1.1479)  loss_giou_dn_2: 0.8906 (1.1188)  loss_giou_dn_3: 0.8747 (1.1059)  loss_giou_dn_4: 0.8691 (1.1005)  loss_giou_dn_5: 0.8680 (1.0989)  loss_giou_dn_pre: 1.0471 (1.2005)  loss_giou_enc_0: 0.9950 (1.2957)  loss_giou_pre: 0.8279 (1.1608)  loss_vfl: 0.9807 (0.8917)  loss_vfl_aux_0: 1.0223 (0.8642)  loss_vfl_aux_1: 1.0273 (0.8800)  loss_vfl_aux_2: 0.9955 (0.8813)  loss_vfl_aux_3: 0.9853 (0.8798)  loss_vfl_aux_4: 0.9644 (0.8832)  loss_vfl_dn_0: 0.4869 (0.5063)  loss_vfl_dn_1: 0.5378 (0.5373)  loss_vfl_dn_2: 0.5348 (0.5431)  loss_vfl_dn_3: 0.5377 (0.5521)  loss_vfl_dn_4: 0.5385 (0.5568)  loss_vfl_dn_5: 0.5462 (0.5571)  loss_vfl_dn_pre: 0.4838 (0.5030)  loss_vfl_enc_0: 1.0123 (0.7989)  loss_vfl_pre: 1.0076 (0.8452)  time: 1.0813  data: 0.0288  max mem: 17528
Epoch: [0/80]  [700/924]  eta: 0:04:10  lr: 0.000013  loss: 42.9417 (48.4109)  loss_bbox: 0.3265 (0.6321)  loss_bbox_aux_0: 0.3789 (0.6847)  loss_bbox_aux_1: 0.3353 (0.6505)  loss_bbox_aux_2: 0.3270 (0.6383)  loss_bbox_aux_3: 0.3264 (0.6342)  loss_bbox_aux_4: 0.3264 (0.6326)  loss_bbox_dn_0: 0.5020 (0.6521)  loss_bbox_dn_1: 0.4278 (0.6116)  loss_bbox_dn_2: 0.4076 (0.5949)  loss_bbox_dn_3: 0.4019 (0.5876)  loss_bbox_dn_4: 0.4006 (0.5849)  loss_bbox_dn_5: 0.4003 (0.5842)  loss_bbox_dn_pre: 0.5109 (0.6600)  loss_bbox_enc_0: 0.5121 (0.8307)  loss_bbox_pre: 0.3789 (0.6929)  loss_ddf_aux_0: 0.2447 (0.1506)  loss_ddf_aux_1: 0.0504 (0.0500)  loss_ddf_aux_2: 0.0064 (0.0115)  loss_ddf_aux_3: 0.0008 (0.0023)  loss_ddf_aux_4: 0.0001 (0.0004)  loss_ddf_dn_0: 0.2242 (0.1298)  loss_ddf_dn_1: 0.0683 (0.0479)  loss_ddf_dn_2: 0.0153 (0.0140)  loss_ddf_dn_3: 0.0028 (0.0031)  loss_ddf_dn_4: 0.0003 (0.0004)  loss_ddf_dn_5: 0.0000 (0.0000)  loss_fgl: 1.0100 (0.8898)  loss_fgl_aux_0: 1.0541 (0.8948)  loss_fgl_aux_1: 1.0181 (0.8876)  loss_fgl_aux_2: 1.0100 (0.8876)  loss_fgl_aux_3: 1.0097 (0.8886)  loss_fgl_aux_4: 1.0100 (0.8894)  loss_fgl_dn_0: 1.0238 (0.9357)  loss_fgl_dn_1: 1.0281 (0.9453)  loss_fgl_dn_2: 1.0222 (0.9515)  loss_fgl_dn_3: 1.0222 (0.9548)  loss_fgl_dn_4: 1.0240 (0.9565)  loss_fgl_dn_5: 1.0242 (0.9573)  loss_giou: 0.7358 (1.0437)  loss_giou_aux_0: 0.8064 (1.1093)  loss_giou_aux_1: 0.7492 (1.0679)  loss_giou_aux_2: 0.7367 (1.0512)  loss_giou_aux_3: 0.7357 (1.0461)  loss_giou_aux_4: 0.7357 (1.0444)  loss_giou_dn_0: 1.0264 (1.1735)  loss_giou_dn_1: 0.9132 (1.1150)  loss_giou_dn_2: 0.8741 (1.0845)  loss_giou_dn_3: 0.8606 (1.0712)  loss_giou_dn_4: 0.8558 (1.0658)  loss_giou_dn_5: 0.8547 (1.0642)  loss_giou_dn_pre: 1.0322 (1.1774)  loss_giou_enc_0: 0.9665 (1.2500)  loss_giou_pre: 0.8042 (1.1120)  loss_vfl: 0.9380 (0.9028)  loss_vfl_aux_0: 0.9822 (0.8864)  loss_vfl_aux_1: 0.9900 (0.9014)  loss_vfl_aux_2: 0.9444 (0.8984)  loss_vfl_aux_3: 0.9344 (0.8930)  loss_vfl_aux_4: 0.9266 (0.8948)  loss_vfl_dn_0: 0.4869 (0.5036)  loss_vfl_dn_1: 0.5354 (0.5374)  loss_vfl_dn_2: 0.5324 (0.5422)  loss_vfl_dn_3: 0.5294 (0.5499)  loss_vfl_dn_4: 0.5287 (0.5540)  loss_vfl_dn_5: 0.5331 (0.5548)  loss_vfl_dn_pre: 0.4850 (0.5004)  loss_vfl_enc_0: 0.9700 (0.8272)  loss_vfl_pre: 0.9735 (0.8684)  time: 1.0554  data: 0.0283  max mem: 17528
Epoch: [0/80]  [800/924]  eta: 0:02:21  lr: 0.000013  loss: 42.4333 (47.7107)  loss_bbox: 0.3244 (0.5947)  loss_bbox_aux_0: 0.3707 (0.6466)  loss_bbox_aux_1: 0.3321 (0.6117)  loss_bbox_aux_2: 0.3240 (0.6002)  loss_bbox_aux_3: 0.3243 (0.5966)  loss_bbox_aux_4: 0.3244 (0.5952)  loss_bbox_dn_0: 0.5235 (0.6354)  loss_bbox_dn_1: 0.4420 (0.5900)  loss_bbox_dn_2: 0.4169 (0.5725)  loss_bbox_dn_3: 0.4090 (0.5652)  loss_bbox_dn_4: 0.4067 (0.5627)  loss_bbox_dn_5: 0.4059 (0.5620)  loss_bbox_dn_pre: 0.5295 (0.6430)  loss_bbox_enc_0: 0.4763 (0.7897)  loss_bbox_pre: 0.3727 (0.6540)  loss_ddf_aux_0: 0.2312 (0.1611)  loss_ddf_aux_1: 0.0410 (0.0492)  loss_ddf_aux_2: 0.0045 (0.0107)  loss_ddf_aux_3: 0.0006 (0.0021)  loss_ddf_aux_4: 0.0001 (0.0003)  loss_ddf_dn_0: 0.2652 (0.1459)  loss_ddf_dn_1: 0.0702 (0.0508)  loss_ddf_dn_2: 0.0150 (0.0142)  loss_ddf_dn_3: 0.0026 (0.0031)  loss_ddf_dn_4: 0.0002 (0.0004)  loss_ddf_dn_5: 0.0000 (0.0000)  loss_fgl: 1.0072 (0.9049)  loss_fgl_aux_0: 1.0588 (0.9149)  loss_fgl_aux_1: 1.0147 (0.9037)  loss_fgl_aux_2: 1.0069 (0.9030)  loss_fgl_aux_3: 1.0070 (0.9039)  loss_fgl_aux_4: 1.0071 (0.9045)  loss_fgl_dn_0: 1.0388 (0.9477)  loss_fgl_dn_1: 1.0345 (0.9560)  loss_fgl_dn_2: 1.0298 (0.9611)  loss_fgl_dn_3: 1.0308 (0.9641)  loss_fgl_dn_4: 1.0316 (0.9657)  loss_fgl_dn_5: 1.0318 (0.9664)  loss_giou: 0.7141 (1.0048)  loss_giou_aux_0: 0.7844 (1.0706)  loss_giou_aux_1: 0.7268 (1.0274)  loss_giou_aux_2: 0.7150 (1.0115)  loss_giou_aux_3: 0.7140 (1.0069)  loss_giou_aux_4: 0.7140 (1.0054)  loss_giou_dn_0: 0.9841 (1.1524)  loss_giou_dn_1: 0.8611 (1.0857)  loss_giou_dn_2: 0.8222 (1.0542)  loss_giou_dn_3: 0.8091 (1.0407)  loss_giou_dn_4: 0.8044 (1.0354)  loss_giou_dn_5: 0.8040 (1.0340)  loss_giou_dn_pre: 0.9913 (1.1561)  loss_giou_enc_0: 0.9285 (1.2119)  loss_giou_pre: 0.7816 (1.0730)  loss_vfl: 0.9243 (0.9070)  loss_vfl_aux_0: 0.9742 (0.8993)  loss_vfl_aux_1: 1.0045 (0.9130)  loss_vfl_aux_2: 0.9727 (0.9066)  loss_vfl_aux_3: 0.9409 (0.8988)  loss_vfl_aux_4: 0.9226 (0.8995)  loss_vfl_dn_0: 0.4995 (0.5025)  loss_vfl_dn_1: 0.5460 (0.5380)  loss_vfl_dn_2: 0.5360 (0.5418)  loss_vfl_dn_3: 0.5332 (0.5482)  loss_vfl_dn_4: 0.5297 (0.5516)  loss_vfl_dn_5: 0.5343 (0.5527)  loss_vfl_dn_pre: 0.4964 (0.4994)  loss_vfl_enc_0: 0.9845 (0.8465)  loss_vfl_pre: 0.9692 (0.8827)  time: 1.0743  data: 0.0287  max mem: 17528
Epoch: [0/80]  [900/924]  eta: 0:00:27  lr: 0.000013  loss: 42.1198 (47.0941)  loss_bbox: 0.3152 (0.5637)  loss_bbox_aux_0: 0.3646 (0.6149)  loss_bbox_aux_1: 0.3223 (0.5795)  loss_bbox_aux_2: 0.3161 (0.5687)  loss_bbox_aux_3: 0.3154 (0.5653)  loss_bbox_aux_4: 0.3152 (0.5641)  loss_bbox_dn_0: 0.5102 (0.6216)  loss_bbox_dn_1: 0.4359 (0.5720)  loss_bbox_dn_2: 0.4119 (0.5540)  loss_bbox_dn_3: 0.4065 (0.5467)  loss_bbox_dn_4: 0.4063 (0.5443)  loss_bbox_dn_5: 0.4056 (0.5436)  loss_bbox_dn_pre: 0.5154 (0.6289)  loss_bbox_enc_0: 0.4730 (0.7547)  loss_bbox_pre: 0.3645 (0.6216)  loss_ddf_aux_0: 0.2360 (0.1697)  loss_ddf_aux_1: 0.0370 (0.0482)  loss_ddf_aux_2: 0.0035 (0.0099)  loss_ddf_aux_3: 0.0005 (0.0019)  loss_ddf_aux_4: 0.0001 (0.0003)  loss_ddf_dn_0: 0.2917 (0.1616)  loss_ddf_dn_1: 0.0720 (0.0533)  loss_ddf_dn_2: 0.0143 (0.0142)  loss_ddf_dn_3: 0.0026 (0.0030)  loss_ddf_dn_4: 0.0002 (0.0004)  loss_ddf_dn_5: 0.0000 (0.0000)  loss_fgl: 1.0092 (0.9170)  loss_fgl_aux_0: 1.0568 (0.9319)  loss_fgl_aux_1: 1.0152 (0.9168)  loss_fgl_aux_2: 1.0097 (0.9154)  loss_fgl_aux_3: 1.0089 (0.9161)  loss_fgl_aux_4: 1.0092 (0.9167)  loss_fgl_dn_0: 1.0399 (0.9581)  loss_fgl_dn_1: 1.0309 (0.9645)  loss_fgl_dn_2: 1.0273 (0.9685)  loss_fgl_dn_3: 1.0262 (0.9712)  loss_fgl_dn_4: 1.0270 (0.9727)  loss_fgl_dn_5: 1.0272 (0.9733)  loss_giou: 0.7143 (0.9711)  loss_giou_aux_0: 0.7796 (1.0370)  loss_giou_aux_1: 0.7229 (0.9924)  loss_giou_aux_2: 0.7149 (0.9771)  loss_giou_aux_3: 0.7142 (0.9729)  loss_giou_aux_4: 0.7141 (0.9716)  loss_giou_dn_0: 0.9940 (1.1337)  loss_giou_dn_1: 0.8553 (1.0597)  loss_giou_dn_2: 0.8169 (1.0274)  loss_giou_dn_3: 0.8039 (1.0140)  loss_giou_dn_4: 0.7987 (1.0088)  loss_giou_dn_5: 0.7982 (1.0075)  loss_giou_dn_pre: 0.9942 (1.1373)  loss_giou_enc_0: 0.9219 (1.1781)  loss_giou_pre: 0.7785 (1.0390)  loss_vfl: 0.9208 (0.9092)  loss_vfl_aux_0: 0.9811 (0.9088)  loss_vfl_aux_1: 0.9927 (0.9218)  loss_vfl_aux_2: 0.9281 (0.9123)  loss_vfl_aux_3: 0.9085 (0.9023)  loss_vfl_aux_4: 0.9119 (0.9020)  loss_vfl_dn_0: 0.4887 (0.5017)  loss_vfl_dn_1: 0.5376 (0.5386)  loss_vfl_dn_2: 0.5269 (0.5412)  loss_vfl_dn_3: 0.5308 (0.5465)  loss_vfl_dn_4: 0.5240 (0.5491)  loss_vfl_dn_5: 0.5236 (0.5505)  loss_vfl_dn_pre: 0.4893 (0.4987)  loss_vfl_enc_0: 0.9764 (0.8623)  loss_vfl_pre: 0.9756 (0.8933)  time: 1.0877  data: 0.0304  max mem: 17528
Epoch: [0/80]  [923/924]  eta: 0:00:01  lr: 0.000013  loss: 41.7946 (46.9659)  loss_bbox: 0.3009 (0.5574)  loss_bbox_aux_0: 0.3489 (0.6085)  loss_bbox_aux_1: 0.3073 (0.5730)  loss_bbox_aux_2: 0.3009 (0.5623)  loss_bbox_aux_3: 0.3011 (0.5590)  loss_bbox_aux_4: 0.3010 (0.5578)  loss_bbox_dn_0: 0.5043 (0.6189)  loss_bbox_dn_1: 0.4231 (0.5683)  loss_bbox_dn_2: 0.4017 (0.5502)  loss_bbox_dn_3: 0.3965 (0.5430)  loss_bbox_dn_4: 0.3959 (0.5405)  loss_bbox_dn_5: 0.3958 (0.5399)  loss_bbox_dn_pre: 0.5127 (0.6261)  loss_bbox_enc_0: 0.4418 (0.7473)  loss_bbox_pre: 0.3451 (0.6150)  loss_ddf_aux_0: 0.2380 (0.1715)  loss_ddf_aux_1: 0.0373 (0.0479)  loss_ddf_aux_2: 0.0033 (0.0098)  loss_ddf_aux_3: 0.0004 (0.0019)  loss_ddf_aux_4: 0.0001 (0.0003)  loss_ddf_dn_0: 0.2974 (0.1651)  loss_ddf_dn_1: 0.0725 (0.0538)  loss_ddf_dn_2: 0.0137 (0.0142)  loss_ddf_dn_3: 0.0024 (0.0030)  loss_ddf_dn_4: 0.0002 (0.0004)  loss_ddf_dn_5: 0.0000 (0.0000)  loss_fgl: 1.0109 (0.9194)  loss_fgl_aux_0: 1.0693 (0.9352)  loss_fgl_aux_1: 1.0151 (0.9193)  loss_fgl_aux_2: 1.0107 (0.9178)  loss_fgl_aux_3: 1.0105 (0.9185)  loss_fgl_aux_4: 1.0108 (0.9191)  loss_fgl_dn_0: 1.0441 (0.9602)  loss_fgl_dn_1: 1.0308 (0.9662)  loss_fgl_dn_2: 1.0263 (0.9700)  loss_fgl_dn_3: 1.0274 (0.9726)  loss_fgl_dn_4: 1.0280 (0.9740)  loss_fgl_dn_5: 1.0282 (0.9746)  loss_giou: 0.6904 (0.9644)  loss_giou_aux_0: 0.7636 (1.0303)  loss_giou_aux_1: 0.7013 (0.9854)  loss_giou_aux_2: 0.6911 (0.9702)  loss_giou_aux_3: 0.6905 (0.9661)  loss_giou_aux_4: 0.6904 (0.9648)  loss_giou_dn_0: 0.9673 (1.1298)  loss_giou_dn_1: 0.8295 (1.0542)  loss_giou_dn_2: 0.7927 (1.0218)  loss_giou_dn_3: 0.7809 (1.0084)  loss_giou_dn_4: 0.7784 (1.0033)  loss_giou_dn_5: 0.7780 (1.0020)  loss_giou_dn_pre: 0.9717 (1.1333)  loss_giou_enc_0: 0.8983 (1.1712)  loss_giou_pre: 0.7645 (1.0323)  loss_vfl: 0.9148 (0.9093)  loss_vfl_aux_0: 0.9568 (0.9104)  loss_vfl_aux_1: 0.9707 (0.9231)  loss_vfl_aux_2: 0.9435 (0.9132)  loss_vfl_aux_3: 0.9224 (0.9027)  loss_vfl_aux_4: 0.9086 (0.9022)  loss_vfl_dn_0: 0.4989 (0.5016)  loss_vfl_dn_1: 0.5443 (0.5387)  loss_vfl_dn_2: 0.5333 (0.5410)  loss_vfl_dn_3: 0.5271 (0.5460)  loss_vfl_dn_4: 0.5248 (0.5486)  loss_vfl_dn_5: 0.5263 (0.5499)  loss_vfl_dn_pre: 0.4980 (0.4986)  loss_vfl_enc_0: 0.9875 (0.8656)  loss_vfl_pre: 0.9550 (0.8952)  time: 1.0584  data: 0.0294  max mem: 17528
Epoch: [0/80] Total time: 0:17:24 (1.1301 s / it)
Averaged stats: lr: 0.000013  loss: 41.7946 (46.9659)  loss_bbox: 0.3009 (0.5574)  loss_bbox_aux_0: 0.3489 (0.6085)  loss_bbox_aux_1: 0.3073 (0.5730)  loss_bbox_aux_2: 0.3009 (0.5623)  loss_bbox_aux_3: 0.3011 (0.5590)  loss_bbox_aux_4: 0.3010 (0.5578)  loss_bbox_dn_0: 0.5043 (0.6189)  loss_bbox_dn_1: 0.4231 (0.5683)  loss_bbox_dn_2: 0.4017 (0.5502)  loss_bbox_dn_3: 0.3965 (0.5430)  loss_bbox_dn_4: 0.3959 (0.5405)  loss_bbox_dn_5: 0.3958 (0.5399)  loss_bbox_dn_pre: 0.5127 (0.6261)  loss_bbox_enc_0: 0.4418 (0.7473)  loss_bbox_pre: 0.3451 (0.6150)  loss_ddf_aux_0: 0.2380 (0.1715)  loss_ddf_aux_1: 0.0373 (0.0479)  loss_ddf_aux_2: 0.0033 (0.0098)  loss_ddf_aux_3: 0.0004 (0.0019)  loss_ddf_aux_4: 0.0001 (0.0003)  loss_ddf_dn_0: 0.2974 (0.1651)  loss_ddf_dn_1: 0.0725 (0.0538)  loss_ddf_dn_2: 0.0137 (0.0142)  loss_ddf_dn_3: 0.0024 (0.0030)  loss_ddf_dn_4: 0.0002 (0.0004)  loss_ddf_dn_5: 0.0000 (0.0000)  loss_fgl: 1.0109 (0.9194)  loss_fgl_aux_0: 1.0693 (0.9352)  loss_fgl_aux_1: 1.0151 (0.9193)  loss_fgl_aux_2: 1.0107 (0.9178)  loss_fgl_aux_3: 1.0105 (0.9185)  loss_fgl_aux_4: 1.0108 (0.9191)  loss_fgl_dn_0: 1.0441 (0.9602)  loss_fgl_dn_1: 1.0308 (0.9662)  loss_fgl_dn_2: 1.0263 (0.9700)  loss_fgl_dn_3: 1.0274 (0.9726)  loss_fgl_dn_4: 1.0280 (0.9740)  loss_fgl_dn_5: 1.0282 (0.9746)  loss_giou: 0.6904 (0.9644)  loss_giou_aux_0: 0.7636 (1.0303)  loss_giou_aux_1: 0.7013 (0.9854)  loss_giou_aux_2: 0.6911 (0.9702)  loss_giou_aux_3: 0.6905 (0.9661)  loss_giou_aux_4: 0.6904 (0.9648)  loss_giou_dn_0: 0.9673 (1.1298)  loss_giou_dn_1: 0.8295 (1.0542)  loss_giou_dn_2: 0.7927 (1.0218)  loss_giou_dn_3: 0.7809 (1.0084)  loss_giou_dn_4: 0.7784 (1.0033)  loss_giou_dn_5: 0.7780 (1.0020)  loss_giou_dn_pre: 0.9717 (1.1333)  loss_giou_enc_0: 0.8983 (1.1712)  loss_giou_pre: 0.7645 (1.0323)  loss_vfl: 0.9148 (0.9093)  loss_vfl_aux_0: 0.9568 (0.9104)  loss_vfl_aux_1: 0.9707 (0.9231)  loss_vfl_aux_2: 0.9435 (0.9132)  loss_vfl_aux_3: 0.9224 (0.9027)  loss_vfl_aux_4: 0.9086 (0.9022)  loss_vfl_dn_0: 0.4989 (0.5016)  loss_vfl_dn_1: 0.5443 (0.5387)  loss_vfl_dn_2: 0.5333 (0.5410)  loss_vfl_dn_3: 0.5271 (0.5460)  loss_vfl_dn_4: 0.5248 (0.5486)  loss_vfl_dn_5: 0.5263 (0.5499)  loss_vfl_dn_pre: 0.4980 (0.4986)  loss_vfl_enc_0: 0.9875 (0.8656)  loss_vfl_pre: 0.9550 (0.8952)
Test:  [ 0/79]  eta: 0:02:55    time: 2.2266  data: 1.2860  max mem: 17528
Test:  [10/79]  eta: 0:00:27    time: 0.4045  data: 0.1263  max mem: 17528
Test:  [20/79]  eta: 0:00:18    time: 0.2215  data: 0.0122  max mem: 17528
Test:  [30/79]  eta: 0:00:14    time: 0.2207  data: 0.0142  max mem: 17528
Test:  [40/79]  eta: 0:00:10    time: 0.2251  data: 0.0137  max mem: 17528
Test:  [50/79]  eta: 0:00:07    time: 0.2224  data: 0.0142  max mem: 17528
Test:  [60/79]  eta: 0:00:05    time: 0.3774  data: 0.0152  max mem: 17528
Test:  [70/79]  eta: 0:00:02    time: 0.3723  data: 0.0139  max mem: 17528
Test:  [78/79]  eta: 0:00:00    time: 0.2059  data: 0.0142  max mem: 17528
Test: Total time: 0:00:22 (0.2858 s / it)
Metrics: {'f1': 0.4524318546231962, 'precision': 0.5999291282778172, 'recall': 0.36314886314886313, 'iou': 0.24469803260040085, 'TPs': 1693, 'FPs': 1129, 'FNs': 2969}
Averaged stats: 
Accumulating evaluation results...
COCOeval_opt.accumulate() finished...
DONE (t=2.43s).
IoU metric: bbox
 Average Precision  (AP) @[ IoU=0.50:0.95 | area=   all | maxDets=100 ] = 0.261
 Average Precision  (AP) @[ IoU=0.50      | area=   all | maxDets=100 ] = 0.390
 Average Precision  (AP) @[ IoU=0.75      | area=   all | maxDets=100 ] = 0.281
 Average Precision  (AP) @[ IoU=0.50:0.95 | area= small | maxDets=100 ] = 0.125
 Average Precision  (AP) @[ IoU=0.50:0.95 | area=medium | maxDets=100 ] = 0.294
 Average Precision  (AP) @[ IoU=0.50:0.95 | area= large | maxDets=100 ] = 0.371
 Average Recall     (AR) @[ IoU=0.50:0.95 | area=   all | maxDets=  1 ] = 0.271
 Average Recall     (AR) @[ IoU=0.50:0.95 | area=   all | maxDets= 10 ] = 0.461
 Average Recall     (AR) @[ IoU=0.50:0.95 | area=   all | maxDets=100 ] = 0.547
 Average Recall     (AR) @[ IoU=0.50:0.95 | area= small | maxDets=100 ] = 0.306
 Average Recall     (AR) @[ IoU=0.50:0.95 | area=medium | maxDets=100 ] = 0.598
 Average Recall     (AR) @[ IoU=0.50:0.95 | area= large | maxDets=100 ] = 0.764
 Average Recall     (AR) @[ IoU=0.50      | area=   all | maxDets=100 ] = 0.747
 Average Recall     (AR) @[ IoU=0.75      | area=   all | maxDets=100 ] = 0.586
best_stat: {'epoch': 0, 'coco_eval_bbox': 0.26066630138423375}
Epoch: [1/80]  [  0/924]  eta: 0:44:19  lr: 0.000013  loss: 42.2644 (42.2644)  loss_bbox: 0.3064 (0.3064)  loss_bbox_aux_0: 0.3812 (0.3812)  loss_bbox_aux_1: 0.3157 (0.3157)  loss_bbox_aux_2: 0.3063 (0.3063)  loss_bbox_aux_3: 0.3061 (0.3061)  loss_bbox_aux_4: 0.3062 (0.3062)  loss_bbox_dn_0: 0.5642 (0.5642)  loss_bbox_dn_1: 0.4468 (0.4468)  loss_bbox_dn_2: 0.4152 (0.4152)  loss_bbox_dn_3: 0.4036 (0.4036)  loss_bbox_dn_4: 0.4013 (0.4013)  loss_bbox_dn_5: 0.4014 (0.4014)  loss_bbox_dn_pre: 0.5617 (0.5617)  loss_bbox_enc_0: 0.5016 (0.5016)  loss_bbox_pre: 0.3815 (0.3815)  loss_ddf_aux_0: 0.2552 (0.2552)  loss_ddf_aux_1: 0.0404 (0.0404)  loss_ddf_aux_2: 0.0038 (0.0038)  loss_ddf_aux_3: 0.0005 (0.0005)  loss_ddf_aux_4: 0.0001 (0.0001)  loss_ddf_dn_0: 0.2954 (0.2954)  loss_ddf_dn_1: 0.0753 (0.0753)  loss_ddf_dn_2: 0.0160 (0.0160)  loss_ddf_dn_3: 0.0030 (0.0030)  loss_ddf_dn_4: 0.0003 (0.0003)  loss_ddf_dn_5: 0.0000 (0.0000)  loss_fgl: 1.0569 (1.0569)  loss_fgl_aux_0: 1.1279 (1.1279)  loss_fgl_aux_1: 1.0662 (1.0662)  loss_fgl_aux_2: 1.0584 (1.0584)  loss_fgl_aux_3: 1.0572 (1.0572)  loss_fgl_aux_4: 1.0570 (1.0570)  loss_fgl_dn_0: 1.0568 (1.0568)  loss_fgl_dn_1: 1.0464 (1.0464)  loss_fgl_dn_2: 1.0424 (1.0424)  loss_fgl_dn_3: 1.0442 (1.0442)  loss_fgl_dn_4: 1.0448 (1.0448)  loss_fgl_dn_5: 1.0448 (1.0448)  loss_giou: 0.6169 (0.6169)  loss_giou_aux_0: 0.7130 (0.7130)  loss_giou_aux_1: 0.6297 (0.6297)  loss_giou_aux_2: 0.6161 (0.6161)  loss_giou_aux_3: 0.6165 (0.6165)  loss_giou_aux_4: 0.6166 (0.6166)  loss_giou_dn_0: 0.9846 (0.9846)  loss_giou_dn_1: 0.8236 (0.8236)  loss_giou_dn_2: 0.7777 (0.7777)  loss_giou_dn_3: 0.7598 (0.7598)  loss_giou_dn_4: 0.7549 (0.7549)  loss_giou_dn_5: 0.7545 (0.7545)  loss_giou_dn_pre: 0.9871 (0.9871)  loss_giou_enc_0: 0.8556 (0.8556)  loss_giou_pre: 0.7109 (0.7109)  loss_vfl: 0.9758 (0.9758)  loss_vfl_aux_0: 1.0167 (1.0167)  loss_vfl_aux_1: 1.0276 (1.0276)  loss_vfl_aux_2: 0.9924 (0.9924)  loss_vfl_aux_3: 0.9819 (0.9819)  loss_vfl_aux_4: 0.9599 (0.9599)  loss_vfl_dn_0: 0.4959 (0.4959)  loss_vfl_dn_1: 0.5504 (0.5504)  loss_vfl_dn_2: 0.5407 (0.5407)  loss_vfl_dn_3: 0.5390 (0.5390)  loss_vfl_dn_4: 0.5329 (0.5329)  loss_vfl_dn_5: 0.5356 (0.5356)  loss_vfl_dn_pre: 0.4943 (0.4943)  loss_vfl_enc_0: 1.0042 (1.0042)  loss_vfl_pre: 1.0071 (1.0071)  time: 2.8781  data: 1.8592  max mem: 17528
Epoch: [1/80]  [100/924]  eta: 0:15:07  lr: 0.000013  loss: 41.1702 (41.5925)  loss_bbox: 0.3011 (0.3060)  loss_bbox_aux_0: 0.3445 (0.3534)  loss_bbox_aux_1: 0.3057 (0.3120)  loss_bbox_aux_2: 0.3014 (0.3065)  loss_bbox_aux_3: 0.3011 (0.3061)  loss_bbox_aux_4: 0.3011 (0.3060)  loss_bbox_dn_0: 0.4857 (0.4989)  loss_bbox_dn_1: 0.3977 (0.4102)  loss_bbox_dn_2: 0.3792 (0.3876)  loss_bbox_dn_3: 0.3747 (0.3817)  loss_bbox_dn_4: 0.3726 (0.3801)  loss_bbox_dn_5: 0.3726 (0.3799)  loss_bbox_dn_pre: 0.4865 (0.5016)  loss_bbox_enc_0: 0.4442 (0.4551)  loss_bbox_pre: 0.3429 (0.3531)  loss_ddf_aux_0: 0.2377 (0.2443)  loss_ddf_aux_1: 0.0345 (0.0369)  loss_ddf_aux_2: 0.0031 (0.0032)  loss_ddf_aux_3: 0.0004 (0.0004)  loss_ddf_aux_4: 0.0001 (0.0001)  loss_ddf_dn_0: 0.3007 (0.3154)  loss_ddf_dn_1: 0.0715 (0.0768)  loss_ddf_dn_2: 0.0124 (0.0139)  loss_ddf_dn_3: 0.0023 (0.0025)  loss_ddf_dn_4: 0.0002 (0.0002)  loss_ddf_dn_5: 0.0000 (0.0000)  loss_fgl: 0.9984 (1.0073)  loss_fgl_aux_0: 1.0530 (1.0625)  loss_fgl_aux_1: 1.0050 (1.0135)  loss_fgl_aux_2: 0.9984 (1.0074)  loss_fgl_aux_3: 0.9981 (1.0072)  loss_fgl_aux_4: 0.9982 (1.0073)  loss_fgl_dn_0: 1.0427 (1.0425)  loss_fgl_dn_1: 1.0276 (1.0284)  loss_fgl_dn_2: 1.0215 (1.0235)  loss_fgl_dn_3: 1.0229 (1.0239)  loss_fgl_dn_4: 1.0242 (1.0244)  loss_fgl_dn_5: 1.0242 (1.0246)  loss_giou: 0.7203 (0.7075)  loss_giou_aux_0: 0.7901 (0.7746)  loss_giou_aux_1: 0.7288 (0.7174)  loss_giou_aux_2: 0.7208 (0.7082)  loss_giou_aux_3: 0.7207 (0.7075)  loss_giou_aux_4: 0.7205 (0.7074)  loss_giou_dn_0: 0.9743 (0.9802)  loss_giou_dn_1: 0.8449 (0.8438)  loss_giou_dn_2: 0.8096 (0.8058)  loss_giou_dn_3: 0.8007 (0.7938)  loss_giou_dn_4: 0.7974 (0.7904)  loss_giou_dn_5: 0.7963 (0.7899)  loss_giou_dn_pre: 0.9826 (0.9818)  loss_giou_enc_0: 0.9285 (0.9062)  loss_giou_pre: 0.7876 (0.7737)  loss_vfl: 0.8613 (0.8853)  loss_vfl_aux_0: 0.9070 (0.9414)  loss_vfl_aux_1: 0.9124 (0.9633)  loss_vfl_aux_2: 0.9062 (0.9233)  loss_vfl_aux_3: 0.8549 (0.8906)  loss_vfl_aux_4: 0.8601 (0.8814)  loss_vfl_dn_0: 0.4818 (0.4906)  loss_vfl_dn_1: 0.5337 (0.5400)  loss_vfl_dn_2: 0.5197 (0.5306)  loss_vfl_dn_3: 0.5208 (0.5248)  loss_vfl_dn_4: 0.5145 (0.5208)  loss_vfl_dn_5: 0.5125 (0.5229)  loss_vfl_dn_pre: 0.4806 (0.4889)  loss_vfl_enc_0: 0.9383 (0.9597)  loss_vfl_pre: 0.9019 (0.9365)  time: 1.0664  data: 0.0277  max mem: 17528
Epoch: [1/80]  [200/924]  eta: 0:13:04  lr: 0.000013  loss: 40.7489 (41.3583)  loss_bbox: 0.2924 (0.3038)  loss_bbox_aux_0: 0.3335 (0.3488)  loss_bbox_aux_1: 0.2974 (0.3094)  loss_bbox_aux_2: 0.2924 (0.3043)  loss_bbox_aux_3: 0.2922 (0.3039)  loss_bbox_aux_4: 0.2924 (0.3038)  loss_bbox_dn_0: 0.4716 (0.4914)  loss_bbox_dn_1: 0.3821 (0.4032)  loss_bbox_dn_2: 0.3573 (0.3817)  loss_bbox_dn_3: 0.3527 (0.3758)  loss_bbox_dn_4: 0.3521 (0.3744)  loss_bbox_dn_5: 0.3519 (0.3742)  loss_bbox_dn_pre: 0.4783 (0.4949)  loss_bbox_enc_0: 0.4348 (0.4505)  loss_bbox_pre: 0.3355 (0.3491)  loss_ddf_aux_0: 0.2442 (0.2408)  loss_ddf_aux_1: 0.0310 (0.0340)  loss_ddf_aux_2: 0.0028 (0.0030)  loss_ddf_aux_3: 0.0004 (0.0004)  loss_ddf_aux_4: 0.0001 (0.0001)  loss_ddf_dn_0: 0.3292 (0.3218)  loss_ddf_dn_1: 0.0696 (0.0731)  loss_ddf_dn_2: 0.0119 (0.0129)  loss_ddf_dn_3: 0.0020 (0.0023)  loss_ddf_dn_4: 0.0002 (0.0002)  loss_ddf_dn_5: 0.0000 (0.0000)  loss_fgl: 0.9977 (1.0044)  loss_fgl_aux_0: 1.0612 (1.0608)  loss_fgl_aux_1: 1.0030 (1.0106)  loss_fgl_aux_2: 0.9970 (1.0044)  loss_fgl_aux_3: 0.9974 (1.0043)  loss_fgl_aux_4: 0.9977 (1.0044)  loss_fgl_dn_0: 1.0621 (1.0491)  loss_fgl_dn_1: 1.0343 (1.0301)  loss_fgl_dn_2: 1.0260 (1.0248)  loss_fgl_dn_3: 1.0252 (1.0252)  loss_fgl_dn_4: 1.0256 (1.0257)  loss_fgl_dn_5: 1.0257 (1.0258)  loss_giou: 0.6831 (0.7017)  loss_giou_aux_0: 0.7445 (0.7663)  loss_giou_aux_1: 0.6941 (0.7110)  loss_giou_aux_2: 0.6855 (0.7025)  loss_giou_aux_3: 0.6835 (0.7017)  loss_giou_aux_4: 0.6831 (0.7016)  loss_giou_dn_0: 0.9383 (0.9652)  loss_giou_dn_1: 0.7930 (0.8267)  loss_giou_dn_2: 0.7530 (0.7905)  loss_giou_dn_3: 0.7411 (0.7792)  loss_giou_dn_4: 0.7374 (0.7761)  loss_giou_dn_5: 0.7369 (0.7757)  loss_giou_dn_pre: 0.9369 (0.9668)  loss_giou_enc_0: 0.8760 (0.8981)  loss_giou_pre: 0.7438 (0.7657)  loss_vfl: 0.8706 (0.8847)  loss_vfl_aux_0: 0.9440 (0.9389)  loss_vfl_aux_1: 0.9374 (0.9544)  loss_vfl_aux_2: 0.9202 (0.9203)  loss_vfl_aux_3: 0.8815 (0.8889)  loss_vfl_aux_4: 0.8693 (0.8807)  loss_vfl_dn_0: 0.5031 (0.4964)  loss_vfl_dn_1: 0.5426 (0.5423)  loss_vfl_dn_2: 0.5298 (0.5320)  loss_vfl_dn_3: 0.5252 (0.5261)  loss_vfl_dn_4: 0.5237 (0.5221)  loss_vfl_dn_5: 0.5232 (0.5240)  loss_vfl_dn_pre: 0.5015 (0.4946)  loss_vfl_enc_0: 0.9597 (0.9628)  loss_vfl_pre: 0.9358 (0.9338)  time: 1.0716  data: 0.0265  max mem: 17528
Epoch: [1/80]  [300/924]  eta: 0:11:12  lr: 0.000013  loss: 40.6485 (41.1574)  loss_bbox: 0.2981 (0.3016)  loss_bbox_aux_0: 0.3358 (0.3455)  loss_bbox_aux_1: 0.3007 (0.3070)  loss_bbox_aux_2: 0.2984 (0.3021)  loss_bbox_aux_3: 0.2981 (0.3017)  loss_bbox_aux_4: 0.2981 (0.3016)  loss_bbox_dn_0: 0.4700 (0.4856)  loss_bbox_dn_1: 0.3861 (0.3974)  loss_bbox_dn_2: 0.3685 (0.3766)  loss_bbox_dn_3: 0.3618 (0.3708)  loss_bbox_dn_4: 0.3609 (0.3695)  loss_bbox_dn_5: 0.3609 (0.3693)  loss_bbox_dn_pre: 0.4745 (0.4894)  loss_bbox_enc_0: 0.4290 (0.4462)  loss_bbox_pre: 0.3371 (0.3461)  loss_ddf_aux_0: 0.2426 (0.2391)  loss_ddf_aux_1: 0.0279 (0.0322)  loss_ddf_aux_2: 0.0025 (0.0028)  loss_ddf_aux_3: 0.0004 (0.0004)  loss_ddf_aux_4: 0.0001 (0.0001)  loss_ddf_dn_0: 0.3382 (0.3272)  loss_ddf_dn_1: 0.0640 (0.0707)  loss_ddf_dn_2: 0.0106 (0.0123)  loss_ddf_dn_3: 0.0017 (0.0021)  loss_ddf_dn_4: 0.0002 (0.0002)  loss_ddf_dn_5: 0.0000 (0.0000)  loss_fgl: 0.9943 (1.0021)  loss_fgl_aux_0: 1.0448 (1.0591)  loss_fgl_aux_1: 0.9968 (1.0081)  loss_fgl_aux_2: 0.9939 (1.0022)  loss_fgl_aux_3: 0.9943 (1.0021)  loss_fgl_aux_4: 0.9942 (1.0021)  loss_fgl_dn_0: 1.0530 (1.0523)  loss_fgl_dn_1: 1.0231 (1.0295)  loss_fgl_dn_2: 1.0190 (1.0243)  loss_fgl_dn_3: 1.0184 (1.0247)  loss_fgl_dn_4: 1.0182 (1.0252)  loss_fgl_dn_5: 1.0184 (1.0253)  loss_giou: 0.6987 (0.6983)  loss_giou_aux_0: 0.7623 (0.7620)  loss_giou_aux_1: 0.7044 (0.7074)  loss_giou_aux_2: 0.6991 (0.6992)  loss_giou_aux_3: 0.6988 (0.6984)  loss_giou_aux_4: 0.6986 (0.6983)  loss_giou_dn_0: 0.9412 (0.9563)  loss_giou_dn_1: 0.7983 (0.8171)  loss_giou_dn_2: 0.7621 (0.7818)  loss_giou_dn_3: 0.7551 (0.7709)  loss_giou_dn_4: 0.7533 (0.7679)  loss_giou_dn_5: 0.7532 (0.7675)  loss_giou_dn_pre: 0.9420 (0.9580)  loss_giou_enc_0: 0.8989 (0.8932)  loss_giou_pre: 0.7629 (0.7615)  loss_vfl: 0.8668 (0.8806)  loss_vfl_aux_0: 0.9030 (0.9342)  loss_vfl_aux_1: 0.9219 (0.9484)  loss_vfl_aux_2: 0.8951 (0.9154)  loss_vfl_aux_3: 0.8754 (0.8853)  loss_vfl_aux_4: 0.8715 (0.8771)  loss_vfl_dn_0: 0.4977 (0.4982)  loss_vfl_dn_1: 0.5434 (0.5421)  loss_vfl_dn_2: 0.5328 (0.5316)  loss_vfl_dn_3: 0.5218 (0.5250)  loss_vfl_dn_4: 0.5213 (0.5211)  loss_vfl_dn_5: 0.5207 (0.5229)  loss_vfl_dn_pre: 0.4969 (0.4965)  loss_vfl_enc_0: 0.9394 (0.9574)  loss_vfl_pre: 0.8958 (0.9294)  time: 1.0587  data: 0.0292  max mem: 17528
Epoch: [1/80]  [400/924]  eta: 0:09:24  lr: 0.000013  loss: 40.2333 (40.9734)  loss_bbox: 0.2713 (0.2983)  loss_bbox_aux_0: 0.3153 (0.3413)  loss_bbox_aux_1: 0.2781 (0.3036)  loss_bbox_aux_2: 0.2720 (0.2988)  loss_bbox_aux_3: 0.2714 (0.2984)  loss_bbox_aux_4: 0.2713 (0.2983)  loss_bbox_dn_0: 0.4600 (0.4802)  loss_bbox_dn_1: 0.3747 (0.3917)  loss_bbox_dn_2: 0.3598 (0.3713)  loss_bbox_dn_3: 0.3541 (0.3657)  loss_bbox_dn_4: 0.3541 (0.3644)  loss_bbox_dn_5: 0.3540 (0.3643)  loss_bbox_dn_pre: 0.4615 (0.4841)  loss_bbox_enc_0: 0.4043 (0.4407)  loss_bbox_pre: 0.3144 (0.3419)  loss_ddf_aux_0: 0.2274 (0.2377)  loss_ddf_aux_1: 0.0243 (0.0306)  loss_ddf_aux_2: 0.0021 (0.0027)  loss_ddf_aux_3: 0.0003 (0.0004)  loss_ddf_aux_4: 0.0001 (0.0001)  loss_ddf_dn_0: 0.3403 (0.3339)  loss_ddf_dn_1: 0.0592 (0.0692)  loss_ddf_dn_2: 0.0100 (0.0119)  loss_ddf_dn_3: 0.0016 (0.0021)  loss_ddf_dn_4: 0.0001 (0.0002)  loss_ddf_dn_5: 0.0000 (0.0000)  loss_fgl: 0.9996 (1.0013)  loss_fgl_aux_0: 1.0613 (1.0587)  loss_fgl_aux_1: 1.0034 (1.0070)  loss_fgl_aux_2: 0.9997 (1.0014)  loss_fgl_aux_3: 0.9999 (1.0013)  loss_fgl_aux_4: 0.9996 (1.0013)  loss_fgl_dn_0: 1.0613 (1.0553)  loss_fgl_dn_1: 1.0266 (1.0296)  loss_fgl_dn_2: 1.0221 (1.0247)  loss_fgl_dn_3: 1.0235 (1.0252)  loss_fgl_dn_4: 1.0248 (1.0256)  loss_fgl_dn_5: 1.0250 (1.0258)  loss_giou: 0.6716 (0.6941)  loss_giou_aux_0: 0.7362 (0.7571)  loss_giou_aux_1: 0.6796 (0.7029)  loss_giou_aux_2: 0.6729 (0.6949)  loss_giou_aux_3: 0.6716 (0.6941)  loss_giou_aux_4: 0.6715 (0.6940)  loss_giou_dn_0: 0.9262 (0.9498)  loss_giou_dn_1: 0.7824 (0.8089)  loss_giou_dn_2: 0.7511 (0.7743)  loss_giou_dn_3: 0.7393 (0.7636)  loss_giou_dn_4: 0.7359 (0.7607)  loss_giou_dn_5: 0.7357 (0.7604)  loss_giou_dn_pre: 0.9240 (0.9513)  loss_giou_enc_0: 0.8629 (0.8872)  loss_giou_pre: 0.7364 (0.7566)  loss_vfl: 0.8663 (0.8766)  loss_vfl_aux_0: 0.8990 (0.9309)  loss_vfl_aux_1: 0.9227 (0.9436)  loss_vfl_aux_2: 0.8951 (0.9120)  loss_vfl_aux_3: 0.8669 (0.8821)  loss_vfl_aux_4: 0.8577 (0.8731)  loss_vfl_dn_0: 0.5019 (0.4990)  loss_vfl_dn_1: 0.5376 (0.5417)  loss_vfl_dn_2: 0.5294 (0.5309)  loss_vfl_dn_3: 0.5207 (0.5240)  loss_vfl_dn_4: 0.5186 (0.5201)  loss_vfl_dn_5: 0.5179 (0.5218)  loss_vfl_dn_pre: 0.5001 (0.4975)  loss_vfl_enc_0: 0.9308 (0.9547)  loss_vfl_pre: 0.8952 (0.9265)  time: 1.0874  data: 0.0296  max mem: 17528
Epoch: [1/80]  [500/924]  eta: 0:07:37  lr: 0.000013  loss: 39.9995 (40.7994)  loss_bbox: 0.2778 (0.2952)  loss_bbox_aux_0: 0.3138 (0.3373)  loss_bbox_aux_1: 0.2827 (0.3003)  loss_bbox_aux_2: 0.2784 (0.2957)  loss_bbox_aux_3: 0.2780 (0.2953)  loss_bbox_aux_4: 0.2779 (0.2952)  loss_bbox_dn_0: 0.4452 (0.4759)  loss_bbox_dn_1: 0.3651 (0.3873)  loss_bbox_dn_2: 0.3487 (0.3673)  loss_bbox_dn_3: 0.3434 (0.3618)  loss_bbox_dn_4: 0.3413 (0.3606)  loss_bbox_dn_5: 0.3411 (0.3604)  loss_bbox_dn_pre: 0.4519 (0.4799)  loss_bbox_enc_0: 0.4077 (0.4354)  loss_bbox_pre: 0.3155 (0.3379)  loss_ddf_aux_0: 0.2210 (0.2350)  loss_ddf_aux_1: 0.0220 (0.0291)  loss_ddf_aux_2: 0.0021 (0.0026)  loss_ddf_aux_3: 0.0003 (0.0004)  loss_ddf_aux_4: 0.0001 (0.0001)  loss_ddf_dn_0: 0.3791 (0.3396)  loss_ddf_dn_1: 0.0617 (0.0677)  loss_ddf_dn_2: 0.0098 (0.0116)  loss_ddf_dn_3: 0.0016 (0.0020)  loss_ddf_dn_4: 0.0002 (0.0002)  loss_ddf_dn_5: 0.0000 (0.0000)  loss_fgl: 1.0016 (1.0003)  loss_fgl_aux_0: 1.0561 (1.0581)  loss_fgl_aux_1: 1.0064 (1.0058)  loss_fgl_aux_2: 1.0023 (1.0004)  loss_fgl_aux_3: 1.0016 (1.0003)  loss_fgl_aux_4: 1.0016 (1.0003)  loss_fgl_dn_0: 1.0689 (1.0583)  loss_fgl_dn_1: 1.0302 (1.0297)  loss_fgl_dn_2: 1.0257 (1.0249)  loss_fgl_dn_3: 1.0263 (1.0253)  loss_fgl_dn_4: 1.0268 (1.0258)  loss_fgl_dn_5: 1.0268 (1.0259)  loss_giou: 0.6811 (0.6899)  loss_giou_aux_0: 0.7395 (0.7521)  loss_giou_aux_1: 0.6903 (0.6984)  loss_giou_aux_2: 0.6820 (0.6907)  loss_giou_aux_3: 0.6815 (0.6900)  loss_giou_aux_4: 0.6810 (0.6899)  loss_giou_dn_0: 0.9096 (0.9424)  loss_giou_dn_1: 0.7689 (0.8006)  loss_giou_dn_2: 0.7382 (0.7667)  loss_giou_dn_3: 0.7280 (0.7564)  loss_giou_dn_4: 0.7260 (0.7536)  loss_giou_dn_5: 0.7257 (0.7533)  loss_giou_dn_pre: 0.9154 (0.9440)  loss_giou_enc_0: 0.8661 (0.8816)  loss_giou_pre: 0.7409 (0.7517)  loss_vfl: 0.8581 (0.8736)  loss_vfl_aux_0: 0.9169 (0.9278)  loss_vfl_aux_1: 0.9175 (0.9401)  loss_vfl_aux_2: 0.8973 (0.9086)  loss_vfl_aux_3: 0.8721 (0.8794)  loss_vfl_aux_4: 0.8557 (0.8703)  loss_vfl_dn_0: 0.5046 (0.5002)  loss_vfl_dn_1: 0.5398 (0.5414)  loss_vfl_dn_2: 0.5275 (0.5301)  loss_vfl_dn_3: 0.5204 (0.5231)  loss_vfl_dn_4: 0.5136 (0.5193)  loss_vfl_dn_5: 0.5168 (0.5209)  loss_vfl_dn_pre: 0.5023 (0.4987)  loss_vfl_enc_0: 0.9258 (0.9522)  loss_vfl_pre: 0.9125 (0.9237)  time: 1.0787  data: 0.0283  max mem: 17528
Epoch: [1/80]  [600/924]  eta: 0:05:53  lr: 0.000013  loss: 39.9755 (40.6453)  loss_bbox: 0.2744 (0.2931)  loss_bbox_aux_0: 0.3166 (0.3347)  loss_bbox_aux_1: 0.2815 (0.2981)  loss_bbox_aux_2: 0.2756 (0.2937)  loss_bbox_aux_3: 0.2747 (0.2932)  loss_bbox_aux_4: 0.2745 (0.2932)  loss_bbox_dn_0: 0.4595 (0.4720)  loss_bbox_dn_1: 0.3796 (0.3832)  loss_bbox_dn_2: 0.3556 (0.3637)  loss_bbox_dn_3: 0.3499 (0.3583)  loss_bbox_dn_4: 0.3490 (0.3571)  loss_bbox_dn_5: 0.3489 (0.3569)  loss_bbox_dn_pre: 0.4664 (0.4761)  loss_bbox_enc_0: 0.4114 (0.4316)  loss_bbox_pre: 0.3181 (0.3353)  loss_ddf_aux_0: 0.2241 (0.2327)  loss_ddf_aux_1: 0.0228 (0.0279)  loss_ddf_aux_2: 0.0023 (0.0025)  loss_ddf_aux_3: 0.0003 (0.0004)  loss_ddf_aux_4: 0.0001 (0.0001)  loss_ddf_dn_0: 0.3721 (0.3436)  loss_ddf_dn_1: 0.0616 (0.0662)  loss_ddf_dn_2: 0.0107 (0.0113)  loss_ddf_dn_3: 0.0017 (0.0019)  loss_ddf_dn_4: 0.0002 (0.0002)  loss_ddf_dn_5: 0.0000 (0.0000)  loss_fgl: 0.9908 (0.9991)  loss_fgl_aux_0: 1.0577 (1.0571)  loss_fgl_aux_1: 0.9962 (1.0045)  loss_fgl_aux_2: 0.9915 (0.9993)  loss_fgl_aux_3: 0.9908 (0.9991)  loss_fgl_aux_4: 0.9908 (0.9991)  loss_fgl_dn_0: 1.0755 (1.0609)  loss_fgl_dn_1: 1.0278 (1.0295)  loss_fgl_dn_2: 1.0264 (1.0249)  loss_fgl_dn_3: 1.0270 (1.0253)  loss_fgl_dn_4: 1.0273 (1.0257)  loss_fgl_dn_5: 1.0276 (1.0259)  loss_giou: 0.6565 (0.6874)  loss_giou_aux_0: 0.7180 (0.7489)  loss_giou_aux_1: 0.6662 (0.6957)  loss_giou_aux_2: 0.6575 (0.6882)  loss_giou_aux_3: 0.6568 (0.6875)  loss_giou_aux_4: 0.6565 (0.6874)  loss_giou_dn_0: 0.9067 (0.9363)  loss_giou_dn_1: 0.7620 (0.7941)  loss_giou_dn_2: 0.7279 (0.7609)  loss_giou_dn_3: 0.7177 (0.7509)  loss_giou_dn_4: 0.7152 (0.7482)  loss_giou_dn_5: 0.7145 (0.7479)  loss_giou_dn_pre: 0.9048 (0.9378)  loss_giou_enc_0: 0.8465 (0.8774)  loss_giou_pre: 0.7178 (0.7485)  loss_vfl: 0.8519 (0.8688)  loss_vfl_aux_0: 0.9017 (0.9235)  loss_vfl_aux_1: 0.9313 (0.9360)  loss_vfl_aux_2: 0.8961 (0.9045)  loss_vfl_aux_3: 0.8580 (0.8749)  loss_vfl_aux_4: 0.8507 (0.8656)  loss_vfl_dn_0: 0.4990 (0.5009)  loss_vfl_dn_1: 0.5390 (0.5410)  loss_vfl_dn_2: 0.5224 (0.5291)  loss_vfl_dn_3: 0.5139 (0.5219)  loss_vfl_dn_4: 0.5069 (0.5180)  loss_vfl_dn_5: 0.5106 (0.5197)  loss_vfl_dn_pre: 0.4987 (0.4995)  loss_vfl_enc_0: 0.9395 (0.9479)  loss_vfl_pre: 0.8974 (0.9196)  time: 1.3334  data: 0.0289  max mem: 17528
Epoch: [1/80]  [700/924]  eta: 0:04:05  lr: 0.000013  loss: 39.3858 (40.5016)  loss_bbox: 0.2834 (0.2907)  loss_bbox_aux_0: 0.3189 (0.3319)  loss_bbox_aux_1: 0.2865 (0.2956)  loss_bbox_aux_2: 0.2832 (0.2912)  loss_bbox_aux_3: 0.2832 (0.2908)  loss_bbox_aux_4: 0.2833 (0.2908)  loss_bbox_dn_0: 0.4237 (0.4678)  loss_bbox_dn_1: 0.3470 (0.3787)  loss_bbox_dn_2: 0.3319 (0.3594)  loss_bbox_dn_3: 0.3299 (0.3542)  loss_bbox_dn_4: 0.3288 (0.3530)  loss_bbox_dn_5: 0.3287 (0.3528)  loss_bbox_dn_pre: 0.4302 (0.4719)  loss_bbox_enc_0: 0.4025 (0.4274)  loss_bbox_pre: 0.3206 (0.3324)  loss_ddf_aux_0: 0.2057 (0.2313)  loss_ddf_aux_1: 0.0195 (0.0269)  loss_ddf_aux_2: 0.0021 (0.0025)  loss_ddf_aux_3: 0.0003 (0.0004)  loss_ddf_aux_4: 0.0001 (0.0001)  loss_ddf_dn_0: 0.3555 (0.3475)  loss_ddf_dn_1: 0.0543 (0.0649)  loss_ddf_dn_2: 0.0087 (0.0110)  loss_ddf_dn_3: 0.0014 (0.0019)  loss_ddf_dn_4: 0.0001 (0.0002)  loss_ddf_dn_5: 0.0000 (0.0000)  loss_fgl: 0.9756 (0.9977)  loss_fgl_aux_0: 1.0335 (1.0561)  loss_fgl_aux_1: 0.9801 (1.0030)  loss_fgl_aux_2: 0.9763 (0.9979)  loss_fgl_aux_3: 0.9758 (0.9977)  loss_fgl_aux_4: 0.9756 (0.9977)  loss_fgl_dn_0: 1.0703 (1.0629)  loss_fgl_dn_1: 1.0193 (1.0291)  loss_fgl_dn_2: 1.0172 (1.0247)  loss_fgl_dn_3: 1.0171 (1.0250)  loss_fgl_dn_4: 1.0176 (1.0255)  loss_fgl_dn_5: 1.0179 (1.0256)  loss_giou: 0.6839 (0.6858)  loss_giou_aux_0: 0.7363 (0.7468)  loss_giou_aux_1: 0.6895 (0.6939)  loss_giou_aux_2: 0.6837 (0.6866)  loss_giou_aux_3: 0.6837 (0.6859)  loss_giou_aux_4: 0.6839 (0.6858)  loss_giou_dn_0: 0.8901 (0.9314)  loss_giou_dn_1: 0.7549 (0.7887)  loss_giou_dn_2: 0.7301 (0.7560)  loss_giou_dn_3: 0.7222 (0.7462)  loss_giou_dn_4: 0.7200 (0.7437)  loss_giou_dn_5: 0.7194 (0.7433)  loss_giou_dn_pre: 0.8933 (0.9328)  loss_giou_enc_0: 0.8610 (0.8741)  loss_giou_pre: 0.7339 (0.7463)  loss_vfl: 0.8200 (0.8645)  loss_vfl_aux_0: 0.8841 (0.9205)  loss_vfl_aux_1: 0.8841 (0.9321)  loss_vfl_aux_2: 0.8577 (0.9003)  loss_vfl_aux_3: 0.8242 (0.8708)  loss_vfl_aux_4: 0.8193 (0.8613)  loss_vfl_dn_0: 0.5051 (0.5014)  loss_vfl_dn_1: 0.5305 (0.5402)  loss_vfl_dn_2: 0.5155 (0.5281)  loss_vfl_dn_3: 0.5092 (0.5208)  loss_vfl_dn_4: 0.5040 (0.5169)  loss_vfl_dn_5: 0.5061 (0.5185)  loss_vfl_dn_pre: 0.5047 (0.5001)  loss_vfl_enc_0: 0.8984 (0.9439)  loss_vfl_pre: 0.8812 (0.9168)  time: 1.1821  data: 0.0275  max mem: 17528
Epoch: [1/80]  [800/924]  eta: 0:02:16  lr: 0.000013  loss: 39.2786 (40.3875)  loss_bbox: 0.2710 (0.2897)  loss_bbox_aux_0: 0.3114 (0.3303)  loss_bbox_aux_1: 0.2765 (0.2944)  loss_bbox_aux_2: 0.2719 (0.2901)  loss_bbox_aux_3: 0.2714 (0.2898)  loss_bbox_aux_4: 0.2710 (0.2897)  loss_bbox_dn_0: 0.4356 (0.4654)  loss_bbox_dn_1: 0.3442 (0.3761)  loss_bbox_dn_2: 0.3296 (0.3570)  loss_bbox_dn_3: 0.3246 (0.3519)  loss_bbox_dn_4: 0.3233 (0.3507)  loss_bbox_dn_5: 0.3231 (0.3506)  loss_bbox_dn_pre: 0.4399 (0.4695)  loss_bbox_enc_0: 0.3958 (0.4244)  loss_bbox_pre: 0.3109 (0.3308)  loss_ddf_aux_0: 0.2031 (0.2283)  loss_ddf_aux_1: 0.0197 (0.0259)  loss_ddf_aux_2: 0.0022 (0.0024)  loss_ddf_aux_3: 0.0003 (0.0004)  loss_ddf_aux_4: 0.0001 (0.0001)  loss_ddf_dn_0: 0.3589 (0.3504)  loss_ddf_dn_1: 0.0514 (0.0636)  loss_ddf_dn_2: 0.0087 (0.0108)  loss_ddf_dn_3: 0.0014 (0.0018)  loss_ddf_dn_4: 0.0001 (0.0002)  loss_ddf_dn_5: 0.0000 (0.0000)  loss_fgl: 0.9804 (0.9967)  loss_fgl_aux_0: 1.0409 (1.0553)  loss_fgl_aux_1: 0.9853 (1.0020)  loss_fgl_aux_2: 0.9805 (0.9970)  loss_fgl_aux_3: 0.9802 (0.9968)  loss_fgl_aux_4: 0.9804 (0.9967)  loss_fgl_dn_0: 1.0775 (1.0650)  loss_fgl_dn_1: 1.0264 (1.0290)  loss_fgl_dn_2: 1.0216 (1.0248)  loss_fgl_dn_3: 1.0209 (1.0250)  loss_fgl_dn_4: 1.0213 (1.0255)  loss_fgl_dn_5: 1.0214 (1.0256)  loss_giou: 0.6659 (0.6841)  loss_giou_aux_0: 0.7262 (0.7445)  loss_giou_aux_1: 0.6739 (0.6920)  loss_giou_aux_2: 0.6663 (0.6848)  loss_giou_aux_3: 0.6659 (0.6842)  loss_giou_aux_4: 0.6659 (0.6841)  loss_giou_dn_0: 0.8945 (0.9261)  loss_giou_dn_1: 0.7416 (0.7829)  loss_giou_dn_2: 0.7142 (0.7507)  loss_giou_dn_3: 0.7073 (0.7412)  loss_giou_dn_4: 0.7057 (0.7388)  loss_giou_dn_5: 0.7052 (0.7384)  loss_giou_dn_pre: 0.8925 (0.9275)  loss_giou_enc_0: 0.8439 (0.8707)  loss_giou_pre: 0.7265 (0.7440)  loss_vfl: 0.8201 (0.8612)  loss_vfl_aux_0: 0.8926 (0.9185)  loss_vfl_aux_1: 0.9041 (0.9294)  loss_vfl_aux_2: 0.8688 (0.8973)  loss_vfl_aux_3: 0.8348 (0.8677)  loss_vfl_aux_4: 0.8233 (0.8582)  loss_vfl_dn_0: 0.5021 (0.5019)  loss_vfl_dn_1: 0.5328 (0.5396)  loss_vfl_dn_2: 0.5133 (0.5272)  loss_vfl_dn_3: 0.5055 (0.5197)  loss_vfl_dn_4: 0.4971 (0.5158)  loss_vfl_dn_5: 0.5016 (0.5173)  loss_vfl_dn_pre: 0.5003 (0.5006)  loss_vfl_enc_0: 0.9220 (0.9405)  loss_vfl_pre: 0.8906 (0.9150)  time: 1.0624  data: 0.0267  max mem: 17528
Epoch: [1/80]  [900/924]  eta: 0:00:26  lr: 0.000013  loss: 39.3658 (40.2724)  loss_bbox: 0.2802 (0.2884)  loss_bbox_aux_0: 0.3105 (0.3284)  loss_bbox_aux_1: 0.2834 (0.2931)  loss_bbox_aux_2: 0.2806 (0.2888)  loss_bbox_aux_3: 0.2802 (0.2884)  loss_bbox_aux_4: 0.2802 (0.2884)  loss_bbox_dn_0: 0.4396 (0.4617)  loss_bbox_dn_1: 0.3502 (0.3727)  loss_bbox_dn_2: 0.3316 (0.3539)  loss_bbox_dn_3: 0.3278 (0.3489)  loss_bbox_dn_4: 0.3267 (0.3477)  loss_bbox_dn_5: 0.3264 (0.3476)  loss_bbox_dn_pre: 0.4447 (0.4659)  loss_bbox_enc_0: 0.3917 (0.4213)  loss_bbox_pre: 0.3113 (0.3290)  loss_ddf_aux_0: 0.2055 (0.2253)  loss_ddf_aux_1: 0.0180 (0.0251)  loss_ddf_aux_2: 0.0020 (0.0024)  loss_ddf_aux_3: 0.0003 (0.0004)  loss_ddf_aux_4: 0.0001 (0.0001)  loss_ddf_dn_0: 0.3882 (0.3525)  loss_ddf_dn_1: 0.0550 (0.0623)  loss_ddf_dn_2: 0.0092 (0.0106)  loss_ddf_dn_3: 0.0015 (0.0018)  loss_ddf_dn_4: 0.0001 (0.0002)  loss_ddf_dn_5: 0.0000 (0.0000)  loss_fgl: 0.9908 (0.9956)  loss_fgl_aux_0: 1.0503 (1.0541)  loss_fgl_aux_1: 0.9949 (1.0008)  loss_fgl_aux_2: 0.9911 (0.9960)  loss_fgl_aux_3: 0.9910 (0.9957)  loss_fgl_aux_4: 0.9908 (0.9956)  loss_fgl_dn_0: 1.0881 (1.0669)  loss_fgl_dn_1: 1.0312 (1.0288)  loss_fgl_dn_2: 1.0292 (1.0247)  loss_fgl_dn_3: 1.0285 (1.0249)  loss_fgl_dn_4: 1.0290 (1.0254)  loss_fgl_dn_5: 1.0291 (1.0255)  loss_giou: 0.6585 (0.6832)  loss_giou_aux_0: 0.7201 (0.7428)  loss_giou_aux_1: 0.6654 (0.6909)  loss_giou_aux_2: 0.6589 (0.6839)  loss_giou_aux_3: 0.6585 (0.6832)  loss_giou_aux_4: 0.6585 (0.6831)  loss_giou_dn_0: 0.8746 (0.9212)  loss_giou_dn_1: 0.7171 (0.7777)  loss_giou_dn_2: 0.6922 (0.7460)  loss_giou_dn_3: 0.6843 (0.7366)  loss_giou_dn_4: 0.6829 (0.7343)  loss_giou_dn_5: 0.6828 (0.7340)  loss_giou_dn_pre: 0.8701 (0.9226)  loss_giou_enc_0: 0.8345 (0.8680)  loss_giou_pre: 0.7179 (0.7424)  loss_vfl: 0.8280 (0.8577)  loss_vfl_aux_0: 0.9000 (0.9166)  loss_vfl_aux_1: 0.9041 (0.9264)  loss_vfl_aux_2: 0.8750 (0.8945)  loss_vfl_aux_3: 0.8439 (0.8646)  loss_vfl_aux_4: 0.8258 (0.8548)  loss_vfl_dn_0: 0.5089 (0.5023)  loss_vfl_dn_1: 0.5350 (0.5390)  loss_vfl_dn_2: 0.5192 (0.5263)  loss_vfl_dn_3: 0.5097 (0.5187)  loss_vfl_dn_4: 0.5093 (0.5149)  loss_vfl_dn_5: 0.5102 (0.5163)  loss_vfl_dn_pre: 0.5094 (0.5011)  loss_vfl_enc_0: 0.9028 (0.9374)  loss_vfl_pre: 0.9031 (0.9133)  time: 1.0558  data: 0.0261  max mem: 17528
Epoch: [1/80]  [923/924]  eta: 0:00:01  lr: 0.000013  loss: 39.1708 (40.2449)  loss_bbox: 0.2736 (0.2880)  loss_bbox_aux_0: 0.3019 (0.3279)  loss_bbox_aux_1: 0.2769 (0.2927)  loss_bbox_aux_2: 0.2738 (0.2884)  loss_bbox_aux_3: 0.2736 (0.2881)  loss_bbox_aux_4: 0.2735 (0.2880)  loss_bbox_dn_0: 0.4305 (0.4608)  loss_bbox_dn_1: 0.3424 (0.3718)  loss_bbox_dn_2: 0.3239 (0.3532)  loss_bbox_dn_3: 0.3198 (0.3482)  loss_bbox_dn_4: 0.3187 (0.3470)  loss_bbox_dn_5: 0.3185 (0.3468)  loss_bbox_dn_pre: 0.4348 (0.4649)  loss_bbox_enc_0: 0.3818 (0.4203)  loss_bbox_pre: 0.3009 (0.3285)  loss_ddf_aux_0: 0.1827 (0.2243)  loss_ddf_aux_1: 0.0175 (0.0249)  loss_ddf_aux_2: 0.0021 (0.0024)  loss_ddf_aux_3: 0.0003 (0.0004)  loss_ddf_aux_4: 0.0001 (0.0001)  loss_ddf_dn_0: 0.3583 (0.3527)  loss_ddf_dn_1: 0.0522 (0.0620)  loss_ddf_dn_2: 0.0092 (0.0105)  loss_ddf_dn_3: 0.0014 (0.0018)  loss_ddf_dn_4: 0.0001 (0.0002)  loss_ddf_dn_5: 0.0000 (0.0000)  loss_fgl: 0.9821 (0.9954)  loss_fgl_aux_0: 1.0412 (1.0538)  loss_fgl_aux_1: 0.9852 (1.0005)  loss_fgl_aux_2: 0.9831 (0.9957)  loss_fgl_aux_3: 0.9822 (0.9954)  loss_fgl_aux_4: 0.9821 (0.9954)  loss_fgl_dn_0: 1.0788 (1.0672)  loss_fgl_dn_1: 1.0241 (1.0288)  loss_fgl_dn_2: 1.0219 (1.0247)  loss_fgl_dn_3: 1.0212 (1.0249)  loss_fgl_dn_4: 1.0216 (1.0254)  loss_fgl_dn_5: 1.0217 (1.0255)  loss_giou: 0.6699 (0.6832)  loss_giou_aux_0: 0.7240 (0.7426)  loss_giou_aux_1: 0.6770 (0.6909)  loss_giou_aux_2: 0.6707 (0.6839)  loss_giou_aux_3: 0.6705 (0.6832)  loss_giou_aux_4: 0.6700 (0.6832)  loss_giou_dn_0: 0.8793 (0.9201)  loss_giou_dn_1: 0.7322 (0.7767)  loss_giou_dn_2: 0.7042 (0.7451)  loss_giou_dn_3: 0.6986 (0.7358)  loss_giou_dn_4: 0.6983 (0.7334)  loss_giou_dn_5: 0.6981 (0.7331)  loss_giou_dn_pre: 0.8802 (0.9215)  loss_giou_enc_0: 0.8407 (0.8675)  loss_giou_pre: 0.7238 (0.7422)  loss_vfl: 0.8255 (0.8567)  loss_vfl_aux_0: 0.9016 (0.9160)  loss_vfl_aux_1: 0.9008 (0.9255)  loss_vfl_aux_2: 0.8690 (0.8935)  loss_vfl_aux_3: 0.8373 (0.8637)  loss_vfl_aux_4: 0.8242 (0.8538)  loss_vfl_dn_0: 0.5086 (0.5024)  loss_vfl_dn_1: 0.5325 (0.5387)  loss_vfl_dn_2: 0.5215 (0.5261)  loss_vfl_dn_3: 0.5085 (0.5185)  loss_vfl_dn_4: 0.5052 (0.5146)  loss_vfl_dn_5: 0.5076 (0.5160)  loss_vfl_dn_pre: 0.5062 (0.5012)  loss_vfl_enc_0: 0.9119 (0.9366)  loss_vfl_pre: 0.9016 (0.9128)  time: 1.0484  data: 0.0274  max mem: 17528
Epoch: [1/80] Total time: 0:16:54 (1.0984 s / it)
Averaged stats: lr: 0.000013  loss: 39.1708 (40.2449)  loss_bbox: 0.2736 (0.2880)  loss_bbox_aux_0: 0.3019 (0.3279)  loss_bbox_aux_1: 0.2769 (0.2927)  loss_bbox_aux_2: 0.2738 (0.2884)  loss_bbox_aux_3: 0.2736 (0.2881)  loss_bbox_aux_4: 0.2735 (0.2880)  loss_bbox_dn_0: 0.4305 (0.4608)  loss_bbox_dn_1: 0.3424 (0.3718)  loss_bbox_dn_2: 0.3239 (0.3532)  loss_bbox_dn_3: 0.3198 (0.3482)  loss_bbox_dn_4: 0.3187 (0.3470)  loss_bbox_dn_5: 0.3185 (0.3468)  loss_bbox_dn_pre: 0.4348 (0.4649)  loss_bbox_enc_0: 0.3818 (0.4203)  loss_bbox_pre: 0.3009 (0.3285)  loss_ddf_aux_0: 0.1827 (0.2243)  loss_ddf_aux_1: 0.0175 (0.0249)  loss_ddf_aux_2: 0.0021 (0.0024)  loss_ddf_aux_3: 0.0003 (0.0004)  loss_ddf_aux_4: 0.0001 (0.0001)  loss_ddf_dn_0: 0.3583 (0.3527)  loss_ddf_dn_1: 0.0522 (0.0620)  loss_ddf_dn_2: 0.0092 (0.0105)  loss_ddf_dn_3: 0.0014 (0.0018)  loss_ddf_dn_4: 0.0001 (0.0002)  loss_ddf_dn_5: 0.0000 (0.0000)  loss_fgl: 0.9821 (0.9954)  loss_fgl_aux_0: 1.0412 (1.0538)  loss_fgl_aux_1: 0.9852 (1.0005)  loss_fgl_aux_2: 0.9831 (0.9957)  loss_fgl_aux_3: 0.9822 (0.9954)  loss_fgl_aux_4: 0.9821 (0.9954)  loss_fgl_dn_0: 1.0788 (1.0672)  loss_fgl_dn_1: 1.0241 (1.0288)  loss_fgl_dn_2: 1.0219 (1.0247)  loss_fgl_dn_3: 1.0212 (1.0249)  loss_fgl_dn_4: 1.0216 (1.0254)  loss_fgl_dn_5: 1.0217 (1.0255)  loss_giou: 0.6699 (0.6832)  loss_giou_aux_0: 0.7240 (0.7426)  loss_giou_aux_1: 0.6770 (0.6909)  loss_giou_aux_2: 0.6707 (0.6839)  loss_giou_aux_3: 0.6705 (0.6832)  loss_giou_aux_4: 0.6700 (0.6832)  loss_giou_dn_0: 0.8793 (0.9201)  loss_giou_dn_1: 0.7322 (0.7767)  loss_giou_dn_2: 0.7042 (0.7451)  loss_giou_dn_3: 0.6986 (0.7358)  loss_giou_dn_4: 0.6983 (0.7334)  loss_giou_dn_5: 0.6981 (0.7331)  loss_giou_dn_pre: 0.8802 (0.9215)  loss_giou_enc_0: 0.8407 (0.8675)  loss_giou_pre: 0.7238 (0.7422)  loss_vfl: 0.8255 (0.8567)  loss_vfl_aux_0: 0.9016 (0.9160)  loss_vfl_aux_1: 0.9008 (0.9255)  loss_vfl_aux_2: 0.8690 (0.8935)  loss_vfl_aux_3: 0.8373 (0.8637)  loss_vfl_aux_4: 0.8242 (0.8538)  loss_vfl_dn_0: 0.5086 (0.5024)  loss_vfl_dn_1: 0.5325 (0.5387)  loss_vfl_dn_2: 0.5215 (0.5261)  loss_vfl_dn_3: 0.5085 (0.5185)  loss_vfl_dn_4: 0.5052 (0.5146)  loss_vfl_dn_5: 0.5076 (0.5160)  loss_vfl_dn_pre: 0.5062 (0.5012)  loss_vfl_enc_0: 0.9119 (0.9366)  loss_vfl_pre: 0.9016 (0.9128)
Test:  [ 0/79]  eta: 0:01:33    time: 1.1875  data: 0.9067  max mem: 17528
Test:  [10/79]  eta: 0:00:21    time: 0.3130  data: 0.0949  max mem: 17528
Test:  [20/79]  eta: 0:00:15    time: 0.2192  data: 0.0134  max mem: 17528
Test:  [30/79]  eta: 0:00:17    time: 0.3711  data: 0.0133  max mem: 17528
Test:  [40/79]  eta: 0:00:12    time: 0.3715  data: 0.0132  max mem: 17528
Test:  [50/79]  eta: 0:00:08    time: 0.2121  data: 0.0136  max mem: 17528
Test:  [60/79]  eta: 0:00:05    time: 0.2050  data: 0.0134  max mem: 17528
Test:  [70/79]  eta: 0:00:02    time: 0.1998  data: 0.0122  max mem: 17528
Test:  [78/79]  eta: 0:00:00    time: 0.1892  data: 0.0128  max mem: 17528
Test: Total time: 0:00:20 (0.2622 s / it)
Metrics: {'f1': 0.5515847960601086, 'precision': 0.6705557261283389, 'recall': 0.46846846846846846, 'iou': 0.3252888763377016, 'TPs': 2184, 'FPs': 1073, 'FNs': 2478}
Averaged stats: 
Accumulating evaluation results...
COCOeval_opt.accumulate() finished...
DONE (t=2.93s).
IoU metric: bbox
 Average Precision  (AP) @[ IoU=0.50:0.95 | area=   all | maxDets=100 ] = 0.361
 Average Precision  (AP) @[ IoU=0.50      | area=   all | maxDets=100 ] = 0.510
 Average Precision  (AP) @[ IoU=0.75      | area=   all | maxDets=100 ] = 0.391
 Average Precision  (AP) @[ IoU=0.50:0.95 | area= small | maxDets=100 ] = 0.188
 Average Precision  (AP) @[ IoU=0.50:0.95 | area=medium | maxDets=100 ] = 0.400
 Average Precision  (AP) @[ IoU=0.50:0.95 | area= large | maxDets=100 ] = 0.524
 Average Recall     (AR) @[ IoU=0.50:0.95 | area=   all | maxDets=  1 ] = 0.317
 Average Recall     (AR) @[ IoU=0.50:0.95 | area=   all | maxDets= 10 ] = 0.526
 Average Recall     (AR) @[ IoU=0.50:0.95 | area=   all | maxDets=100 ] = 0.605
 Average Recall     (AR) @[ IoU=0.50:0.95 | area= small | maxDets=100 ] = 0.370
 Average Recall     (AR) @[ IoU=0.50:0.95 | area=medium | maxDets=100 ] = 0.659
 Average Recall     (AR) @[ IoU=0.50:0.95 | area= large | maxDets=100 ] = 0.817
 Average Recall     (AR) @[ IoU=0.50      | area=   all | maxDets=100 ] = 0.805
 Average Recall     (AR) @[ IoU=0.75      | area=   all | maxDets=100 ] = 0.648
best_stat: {'epoch': 1, 'coco_eval_bbox': 0.36137858492401176}
Epoch: [2/80]  [  0/924]  eta: 0:40:28  lr: 0.000013  loss: 39.5415 (39.5415)  loss_bbox: 0.2743 (0.2743)  loss_bbox_aux_0: 0.3154 (0.3154)  loss_bbox_aux_1: 0.2780 (0.2780)  loss_bbox_aux_2: 0.2745 (0.2745)  loss_bbox_aux_3: 0.2743 (0.2743)  loss_bbox_aux_4: 0.2743 (0.2743)  loss_bbox_dn_0: 0.4302 (0.4302)  loss_bbox_dn_1: 0.3326 (0.3326)  loss_bbox_dn_2: 0.3164 (0.3164)  loss_bbox_dn_3: 0.3125 (0.3125)  loss_bbox_dn_4: 0.3119 (0.3119)  loss_bbox_dn_5: 0.3117 (0.3117)  loss_bbox_dn_pre: 0.4303 (0.4303)  loss_bbox_enc_0: 0.3888 (0.3888)  loss_bbox_pre: 0.3155 (0.3155)  loss_ddf_aux_0: 0.1979 (0.1979)  loss_ddf_aux_1: 0.0168 (0.0168)  loss_ddf_aux_2: 0.0019 (0.0019)  loss_ddf_aux_3: 0.0003 (0.0003)  loss_ddf_aux_4: 0.0001 (0.0001)  loss_ddf_dn_0: 0.3551 (0.3551)  loss_ddf_dn_1: 0.0499 (0.0499)  loss_ddf_dn_2: 0.0089 (0.0089)  loss_ddf_dn_3: 0.0014 (0.0014)  loss_ddf_dn_4: 0.0001 (0.0001)  loss_ddf_dn_5: 0.0000 (0.0000)  loss_fgl: 0.9450 (0.9450)  loss_fgl_aux_0: 1.0219 (1.0219)  loss_fgl_aux_1: 0.9506 (0.9506)  loss_fgl_aux_2: 0.9458 (0.9458)  loss_fgl_aux_3: 0.9452 (0.9452)  loss_fgl_aux_4: 0.9449 (0.9449)  loss_fgl_dn_0: 1.0870 (1.0870)  loss_fgl_dn_1: 1.0181 (1.0181)  loss_fgl_dn_2: 1.0140 (1.0140)  loss_fgl_dn_3: 1.0132 (1.0132)  loss_fgl_dn_4: 1.0133 (1.0133)  loss_fgl_dn_5: 1.0133 (1.0133)  loss_giou: 0.7445 (0.7445)  loss_giou_aux_0: 0.8005 (0.8005)  loss_giou_aux_1: 0.7498 (0.7498)  loss_giou_aux_2: 0.7436 (0.7436)  loss_giou_aux_3: 0.7443 (0.7443)  loss_giou_aux_4: 0.7444 (0.7444)  loss_giou_dn_0: 0.9419 (0.9419)  loss_giou_dn_1: 0.7755 (0.7755)  loss_giou_dn_2: 0.7485 (0.7485)  loss_giou_dn_3: 0.7428 (0.7428)  loss_giou_dn_4: 0.7407 (0.7407)  loss_giou_dn_5: 0.7404 (0.7404)  loss_giou_dn_pre: 0.9351 (0.9351)  loss_giou_enc_0: 0.8916 (0.8916)  loss_giou_pre: 0.7953 (0.7953)  loss_vfl: 0.8172 (0.8172)  loss_vfl_aux_0: 0.8564 (0.8564)  loss_vfl_aux_1: 0.8625 (0.8625)  loss_vfl_aux_2: 0.8691 (0.8691)  loss_vfl_aux_3: 0.8185 (0.8185)  loss_vfl_aux_4: 0.8214 (0.8214)  loss_vfl_dn_0: 0.4998 (0.4998)  loss_vfl_dn_1: 0.5244 (0.5244)  loss_vfl_dn_2: 0.5146 (0.5146)  loss_vfl_dn_3: 0.5024 (0.5024)  loss_vfl_dn_4: 0.5018 (0.5018)  loss_vfl_dn_5: 0.5030 (0.5030)  loss_vfl_dn_pre: 0.5005 (0.5005)  loss_vfl_enc_0: 0.8707 (0.8707)  loss_vfl_pre: 0.8549 (0.8549)  time: 2.6281  data: 1.6391  max mem: 17528
Epoch: [2/80]  [100/924]  eta: 0:15:13  lr: 0.000013  loss: 39.2642 (39.0191)  loss_bbox: 0.2773 (0.2706)  loss_bbox_aux_0: 0.3203 (0.3060)  loss_bbox_aux_1: 0.2836 (0.2747)  loss_bbox_aux_2: 0.2774 (0.2710)  loss_bbox_aux_3: 0.2776 (0.2707)  loss_bbox_aux_4: 0.2772 (0.2706)  loss_bbox_dn_0: 0.4530 (0.4301)  loss_bbox_dn_1: 0.3492 (0.3393)  loss_bbox_dn_2: 0.3322 (0.3226)  loss_bbox_dn_3: 0.3299 (0.3185)  loss_bbox_dn_4: 0.3285 (0.3176)  loss_bbox_dn_5: 0.3283 (0.3176)  loss_bbox_dn_pre: 0.4567 (0.4343)  loss_bbox_enc_0: 0.3905 (0.3859)  loss_bbox_pre: 0.3167 (0.3060)  loss_ddf_aux_0: 0.2005 (0.1937)  loss_ddf_aux_1: 0.0185 (0.0178)  loss_ddf_aux_2: 0.0020 (0.0020)  loss_ddf_aux_3: 0.0003 (0.0003)  loss_ddf_aux_4: 0.0001 (0.0001)  loss_ddf_dn_0: 0.3932 (0.3762)  loss_ddf_dn_1: 0.0617 (0.0536)  loss_ddf_dn_2: 0.0100 (0.0088)  loss_ddf_dn_3: 0.0014 (0.0013)  loss_ddf_dn_4: 0.0001 (0.0001)  loss_ddf_dn_5: 0.0000 (0.0000)  loss_fgl: 1.0010 (0.9884)  loss_fgl_aux_0: 1.0617 (1.0471)  loss_fgl_aux_1: 1.0037 (0.9931)  loss_fgl_aux_2: 1.0001 (0.9890)  loss_fgl_aux_3: 1.0006 (0.9885)  loss_fgl_aux_4: 1.0008 (0.9884)  loss_fgl_dn_0: 1.0760 (1.0838)  loss_fgl_dn_1: 1.0302 (1.0278)  loss_fgl_dn_2: 1.0260 (1.0242)  loss_fgl_dn_3: 1.0258 (1.0241)  loss_fgl_dn_4: 1.0261 (1.0246)  loss_fgl_dn_5: 1.0263 (1.0247)  loss_giou: 0.6500 (0.6623)  loss_giou_aux_0: 0.7102 (0.7152)  loss_giou_aux_1: 0.6570 (0.6689)  loss_giou_aux_2: 0.6500 (0.6628)  loss_giou_aux_3: 0.6500 (0.6623)  loss_giou_aux_4: 0.6499 (0.6623)  loss_giou_dn_0: 0.8986 (0.8799)  loss_giou_dn_1: 0.7350 (0.7296)  loss_giou_dn_2: 0.6994 (0.7011)  loss_giou_dn_3: 0.6892 (0.6936)  loss_giou_dn_4: 0.6872 (0.6919)  loss_giou_dn_5: 0.6870 (0.6916)  loss_giou_dn_pre: 0.8991 (0.8809)  loss_giou_enc_0: 0.8112 (0.8285)  loss_giou_pre: 0.7088 (0.7144)  loss_vfl: 0.8372 (0.8195)  loss_vfl_aux_0: 0.8943 (0.8957)  loss_vfl_aux_1: 0.9055 (0.8928)  loss_vfl_aux_2: 0.8748 (0.8604)  loss_vfl_aux_3: 0.8458 (0.8291)  loss_vfl_aux_4: 0.8317 (0.8182)  loss_vfl_dn_0: 0.4974 (0.5032)  loss_vfl_dn_1: 0.5321 (0.5307)  loss_vfl_dn_2: 0.5155 (0.5167)  loss_vfl_dn_3: 0.5084 (0.5082)  loss_vfl_dn_4: 0.5055 (0.5033)  loss_vfl_dn_5: 0.5037 (0.5037)  loss_vfl_dn_pre: 0.4967 (0.5025)  loss_vfl_enc_0: 0.9017 (0.9024)  loss_vfl_pre: 0.8956 (0.8940)  time: 1.0676  data: 0.0267  max mem: 17528
Epoch: [2/80]  [200/924]  eta: 0:13:11  lr: 0.000013  loss: 38.6376 (38.9688)  loss_bbox: 0.2577 (0.2683)  loss_bbox_aux_0: 0.2958 (0.3034)  loss_bbox_aux_1: 0.2635 (0.2725)  loss_bbox_aux_2: 0.2581 (0.2688)  loss_bbox_aux_3: 0.2578 (0.2684)  loss_bbox_aux_4: 0.2577 (0.2683)  loss_bbox_dn_0: 0.4205 (0.4259)  loss_bbox_dn_1: 0.3326 (0.3372)  loss_bbox_dn_2: 0.3147 (0.3205)  loss_bbox_dn_3: 0.3083 (0.3166)  loss_bbox_dn_4: 0.3073 (0.3158)  loss_bbox_dn_5: 0.3071 (0.3157)  loss_bbox_dn_pre: 0.4261 (0.4302)  loss_bbox_enc_0: 0.3718 (0.3810)  loss_bbox_pre: 0.2969 (0.3036)  loss_ddf_aux_0: 0.1854 (0.1924)  loss_ddf_aux_1: 0.0178 (0.0177)  loss_ddf_aux_2: 0.0019 (0.0019)  loss_ddf_aux_3: 0.0003 (0.0003)  loss_ddf_aux_4: 0.0001 (0.0001)  loss_ddf_dn_0: 0.3769 (0.3750)  loss_ddf_dn_1: 0.0524 (0.0524)  loss_ddf_dn_2: 0.0088 (0.0086)  loss_ddf_dn_3: 0.0013 (0.0013)  loss_ddf_dn_4: 0.0001 (0.0001)  loss_ddf_dn_5: 0.0000 (0.0000)  loss_fgl: 0.9884 (0.9854)  loss_fgl_aux_0: 1.0447 (1.0437)  loss_fgl_aux_1: 0.9941 (0.9903)  loss_fgl_aux_2: 0.9894 (0.9860)  loss_fgl_aux_3: 0.9887 (0.9856)  loss_fgl_aux_4: 0.9884 (0.9854)  loss_fgl_dn_0: 1.0919 (1.0837)  loss_fgl_dn_1: 1.0307 (1.0269)  loss_fgl_dn_2: 1.0251 (1.0233)  loss_fgl_dn_3: 1.0261 (1.0232)  loss_fgl_dn_4: 1.0264 (1.0237)  loss_fgl_dn_5: 1.0265 (1.0238)  loss_giou: 0.6652 (0.6691)  loss_giou_aux_0: 0.7172 (0.7218)  loss_giou_aux_1: 0.6727 (0.6756)  loss_giou_aux_2: 0.6662 (0.6695)  loss_giou_aux_3: 0.6651 (0.6691)  loss_giou_aux_4: 0.6651 (0.6691)  loss_giou_dn_0: 0.8555 (0.8766)  loss_giou_dn_1: 0.7060 (0.7292)  loss_giou_dn_2: 0.6763 (0.7013)  loss_giou_dn_3: 0.6710 (0.6940)  loss_giou_dn_4: 0.6695 (0.6924)  loss_giou_dn_5: 0.6695 (0.6921)  loss_giou_dn_pre: 0.8606 (0.8775)  loss_giou_enc_0: 0.8217 (0.8337)  loss_giou_pre: 0.7153 (0.7210)  loss_vfl: 0.8088 (0.8155)  loss_vfl_aux_0: 0.8964 (0.8913)  loss_vfl_aux_1: 0.8808 (0.8890)  loss_vfl_aux_2: 0.8599 (0.8581)  loss_vfl_aux_3: 0.8141 (0.8259)  loss_vfl_aux_4: 0.8043 (0.8142)  loss_vfl_dn_0: 0.5073 (0.5041)  loss_vfl_dn_1: 0.5308 (0.5299)  loss_vfl_dn_2: 0.5170 (0.5158)  loss_vfl_dn_3: 0.5082 (0.5069)  loss_vfl_dn_4: 0.5068 (0.5023)  loss_vfl_dn_5: 0.5067 (0.5029)  loss_vfl_dn_pre: 0.5067 (0.5035)  loss_vfl_enc_0: 0.9035 (0.9002)  loss_vfl_pre: 0.8987 (0.8898)  time: 1.0889  data: 0.0289  max mem: 17528
Epoch: [2/80]  [300/924]  eta: 0:11:20  lr: 0.000013  loss: 38.6396 (38.9168)  loss_bbox: 0.2627 (0.2697)  loss_bbox_aux_0: 0.2969 (0.3044)  loss_bbox_aux_1: 0.2681 (0.2739)  loss_bbox_aux_2: 0.2636 (0.2701)  loss_bbox_aux_3: 0.2630 (0.2698)  loss_bbox_aux_4: 0.2628 (0.2697)  loss_bbox_dn_0: 0.4233 (0.4255)  loss_bbox_dn_1: 0.3324 (0.3370)  loss_bbox_dn_2: 0.3149 (0.3204)  loss_bbox_dn_3: 0.3085 (0.3164)  loss_bbox_dn_4: 0.3064 (0.3155)  loss_bbox_dn_5: 0.3059 (0.3155)  loss_bbox_dn_pre: 0.4292 (0.4302)  loss_bbox_enc_0: 0.3684 (0.3820)  loss_bbox_pre: 0.2971 (0.3048)  loss_ddf_aux_0: 0.1820 (0.1897)  loss_ddf_aux_1: 0.0162 (0.0173)  loss_ddf_aux_2: 0.0021 (0.0019)  loss_ddf_aux_3: 0.0004 (0.0003)  loss_ddf_aux_4: 0.0001 (0.0001)  loss_ddf_dn_0: 0.3883 (0.3739)  loss_ddf_dn_1: 0.0494 (0.0515)  loss_ddf_dn_2: 0.0084 (0.0086)  loss_ddf_dn_3: 0.0014 (0.0013)  loss_ddf_dn_4: 0.0001 (0.0001)  loss_ddf_dn_5: 0.0000 (0.0000)  loss_fgl: 0.9830 (0.9850)  loss_fgl_aux_0: 1.0446 (1.0436)  loss_fgl_aux_1: 0.9882 (0.9901)  loss_fgl_aux_2: 0.9839 (0.9857)  loss_fgl_aux_3: 0.9832 (0.9852)  loss_fgl_aux_4: 0.9831 (0.9850)  loss_fgl_dn_0: 1.0963 (1.0853)  loss_fgl_dn_1: 1.0284 (1.0269)  loss_fgl_dn_2: 1.0240 (1.0231)  loss_fgl_dn_3: 1.0248 (1.0230)  loss_fgl_dn_4: 1.0255 (1.0234)  loss_fgl_dn_5: 1.0256 (1.0236)  loss_giou: 0.6320 (0.6680)  loss_giou_aux_0: 0.6781 (0.7198)  loss_giou_aux_1: 0.6363 (0.6743)  loss_giou_aux_2: 0.6326 (0.6684)  loss_giou_aux_3: 0.6321 (0.6680)  loss_giou_aux_4: 0.6320 (0.6680)  loss_giou_dn_0: 0.8453 (0.8721)  loss_giou_dn_1: 0.6944 (0.7250)  loss_giou_dn_2: 0.6659 (0.6973)  loss_giou_dn_3: 0.6583 (0.6900)  loss_giou_dn_4: 0.6564 (0.6884)  loss_giou_dn_5: 0.6560 (0.6882)  loss_giou_dn_pre: 0.8500 (0.8733)  loss_giou_enc_0: 0.7910 (0.8305)  loss_giou_pre: 0.6778 (0.7191)  loss_vfl: 0.8179 (0.8144)  loss_vfl_aux_0: 0.9002 (0.8894)  loss_vfl_aux_1: 0.8806 (0.8872)  loss_vfl_aux_2: 0.8546 (0.8558)  loss_vfl_aux_3: 0.8217 (0.8242)  loss_vfl_aux_4: 0.8189 (0.8129)  loss_vfl_dn_0: 0.5102 (0.5048)  loss_vfl_dn_1: 0.5302 (0.5297)  loss_vfl_dn_2: 0.5142 (0.5154)  loss_vfl_dn_3: 0.5064 (0.5064)  loss_vfl_dn_4: 0.5005 (0.5018)  loss_vfl_dn_5: 0.5010 (0.5024)  loss_vfl_dn_pre: 0.5101 (0.5043)  loss_vfl_enc_0: 0.9043 (0.9000)  loss_vfl_pre: 0.8953 (0.8880)  time: 1.0853  data: 0.0312  max mem: 17528
Epoch: [2/80]  [400/924]  eta: 0:09:31  lr: 0.000013  loss: 38.6671 (38.8667)  loss_bbox: 0.2642 (0.2689)  loss_bbox_aux_0: 0.2893 (0.3033)  loss_bbox_aux_1: 0.2676 (0.2731)  loss_bbox_aux_2: 0.2654 (0.2693)  loss_bbox_aux_3: 0.2646 (0.2690)  loss_bbox_aux_4: 0.2644 (0.2689)  loss_bbox_dn_0: 0.4148 (0.4235)  loss_bbox_dn_1: 0.3279 (0.3353)  loss_bbox_dn_2: 0.3119 (0.3188)  loss_bbox_dn_3: 0.3080 (0.3148)  loss_bbox_dn_4: 0.3078 (0.3140)  loss_bbox_dn_5: 0.3078 (0.3139)  loss_bbox_dn_pre: 0.4205 (0.4283)  loss_bbox_enc_0: 0.3627 (0.3800)  loss_bbox_pre: 0.2903 (0.3037)  loss_ddf_aux_0: 0.1733 (0.1868)  loss_ddf_aux_1: 0.0161 (0.0170)  loss_ddf_aux_2: 0.0020 (0.0019)  loss_ddf_aux_3: 0.0003 (0.0003)  loss_ddf_aux_4: 0.0001 (0.0001)  loss_ddf_dn_0: 0.3841 (0.3729)  loss_ddf_dn_1: 0.0491 (0.0508)  loss_ddf_dn_2: 0.0077 (0.0085)  loss_ddf_dn_3: 0.0012 (0.0013)  loss_ddf_dn_4: 0.0001 (0.0001)  loss_ddf_dn_5: 0.0000 (0.0000)  loss_fgl: 0.9859 (0.9851)  loss_fgl_aux_0: 1.0395 (1.0434)  loss_fgl_aux_1: 0.9914 (0.9903)  loss_fgl_aux_2: 0.9868 (0.9858)  loss_fgl_aux_3: 0.9862 (0.9853)  loss_fgl_aux_4: 0.9859 (0.9851)  loss_fgl_dn_0: 1.0871 (1.0867)  loss_fgl_dn_1: 1.0265 (1.0273)  loss_fgl_dn_2: 1.0211 (1.0233)  loss_fgl_dn_3: 1.0208 (1.0232)  loss_fgl_dn_4: 1.0213 (1.0237)  loss_fgl_dn_5: 1.0213 (1.0238)  loss_giou: 0.6618 (0.6688)  loss_giou_aux_0: 0.7125 (0.7204)  loss_giou_aux_1: 0.6673 (0.6751)  loss_giou_aux_2: 0.6627 (0.6693)  loss_giou_aux_3: 0.6621 (0.6689)  loss_giou_aux_4: 0.6619 (0.6688)  loss_giou_dn_0: 0.8428 (0.8685)  loss_giou_dn_1: 0.7016 (0.7216)  loss_giou_dn_2: 0.6756 (0.6942)  loss_giou_dn_3: 0.6691 (0.6871)  loss_giou_dn_4: 0.6666 (0.6855)  loss_giou_dn_5: 0.6663 (0.6853)  loss_giou_dn_pre: 0.8489 (0.8698)  loss_giou_enc_0: 0.8175 (0.8303)  loss_giou_pre: 0.7134 (0.7196)  loss_vfl: 0.8165 (0.8127)  loss_vfl_aux_0: 0.8810 (0.8882)  loss_vfl_aux_1: 0.8781 (0.8860)  loss_vfl_aux_2: 0.8597 (0.8547)  loss_vfl_aux_3: 0.8238 (0.8226)  loss_vfl_aux_4: 0.8170 (0.8115)  loss_vfl_dn_0: 0.5105 (0.5057)  loss_vfl_dn_1: 0.5304 (0.5297)  loss_vfl_dn_2: 0.5159 (0.5153)  loss_vfl_dn_3: 0.5049 (0.5063)  loss_vfl_dn_4: 0.5050 (0.5016)  loss_vfl_dn_5: 0.5048 (0.5022)  loss_vfl_dn_pre: 0.5089 (0.5052)  loss_vfl_enc_0: 0.8856 (0.8976)  loss_vfl_pre: 0.8813 (0.8869)  time: 1.0974  data: 0.0315  max mem: 17528
Epoch: [2/80]  [500/924]  eta: 0:07:42  lr: 0.000013  loss: 38.5829 (38.8056)  loss_bbox: 0.2589 (0.2682)  loss_bbox_aux_0: 0.2867 (0.3026)  loss_bbox_aux_1: 0.2643 (0.2725)  loss_bbox_aux_2: 0.2594 (0.2687)  loss_bbox_aux_3: 0.2592 (0.2683)  loss_bbox_aux_4: 0.2590 (0.2682)  loss_bbox_dn_0: 0.4259 (0.4222)  loss_bbox_dn_1: 0.3330 (0.3337)  loss_bbox_dn_2: 0.3182 (0.3172)  loss_bbox_dn_3: 0.3176 (0.3132)  loss_bbox_dn_4: 0.3171 (0.3123)  loss_bbox_dn_5: 0.3172 (0.3123)  loss_bbox_dn_pre: 0.4342 (0.4270)  loss_bbox_enc_0: 0.3597 (0.3783)  loss_bbox_pre: 0.2903 (0.3031)  loss_ddf_aux_0: 0.1783 (0.1854)  loss_ddf_aux_1: 0.0171 (0.0172)  loss_ddf_aux_2: 0.0020 (0.0020)  loss_ddf_aux_3: 0.0003 (0.0003)  loss_ddf_aux_4: 0.0001 (0.0001)  loss_ddf_dn_0: 0.3730 (0.3739)  loss_ddf_dn_1: 0.0499 (0.0507)  loss_ddf_dn_2: 0.0083 (0.0084)  loss_ddf_dn_3: 0.0012 (0.0013)  loss_ddf_dn_4: 0.0001 (0.0001)  loss_ddf_dn_5: 0.0000 (0.0000)  loss_fgl: 0.9937 (0.9844)  loss_fgl_aux_0: 1.0500 (1.0431)  loss_fgl_aux_1: 0.9985 (0.9898)  loss_fgl_aux_2: 0.9936 (0.9851)  loss_fgl_aux_3: 0.9935 (0.9846)  loss_fgl_aux_4: 0.9936 (0.9844)  loss_fgl_dn_0: 1.0888 (1.0878)  loss_fgl_dn_1: 1.0313 (1.0274)  loss_fgl_dn_2: 1.0249 (1.0232)  loss_fgl_dn_3: 1.0247 (1.0231)  loss_fgl_dn_4: 1.0246 (1.0235)  loss_fgl_dn_5: 1.0248 (1.0236)  loss_giou: 0.6557 (0.6685)  loss_giou_aux_0: 0.6946 (0.7198)  loss_giou_aux_1: 0.6620 (0.6749)  loss_giou_aux_2: 0.6555 (0.6689)  loss_giou_aux_3: 0.6556 (0.6685)  loss_giou_aux_4: 0.6557 (0.6685)  loss_giou_dn_0: 0.8393 (0.8660)  loss_giou_dn_1: 0.7004 (0.7185)  loss_giou_dn_2: 0.6711 (0.6911)  loss_giou_dn_3: 0.6650 (0.6840)  loss_giou_dn_4: 0.6631 (0.6824)  loss_giou_dn_5: 0.6631 (0.6822)  loss_giou_dn_pre: 0.8407 (0.8671)  loss_giou_enc_0: 0.7988 (0.8285)  loss_giou_pre: 0.6947 (0.7191)  loss_vfl: 0.8242 (0.8109)  loss_vfl_aux_0: 0.8951 (0.8865)  loss_vfl_aux_1: 0.8993 (0.8849)  loss_vfl_aux_2: 0.8640 (0.8534)  loss_vfl_aux_3: 0.8320 (0.8209)  loss_vfl_aux_4: 0.8239 (0.8097)  loss_vfl_dn_0: 0.5087 (0.5058)  loss_vfl_dn_1: 0.5292 (0.5290)  loss_vfl_dn_2: 0.5146 (0.5147)  loss_vfl_dn_3: 0.5011 (0.5056)  loss_vfl_dn_4: 0.5004 (0.5009)  loss_vfl_dn_5: 0.5018 (0.5014)  loss_vfl_dn_pre: 0.5081 (0.5052)  loss_vfl_enc_0: 0.9170 (0.8957)  loss_vfl_pre: 0.8951 (0.8855)  time: 1.0617  data: 0.0295  max mem: 17528
Epoch: [2/80]  [600/924]  eta: 0:06:03  lr: 0.000013  loss: 38.4450 (38.7506)  loss_bbox: 0.2611 (0.2677)  loss_bbox_aux_0: 0.2895 (0.3018)  loss_bbox_aux_1: 0.2658 (0.2720)  loss_bbox_aux_2: 0.2615 (0.2682)  loss_bbox_aux_3: 0.2612 (0.2678)  loss_bbox_aux_4: 0.2611 (0.2677)  loss_bbox_dn_0: 0.4105 (0.4212)  loss_bbox_dn_1: 0.3236 (0.3327)  loss_bbox_dn_2: 0.3087 (0.3163)  loss_bbox_dn_3: 0.3049 (0.3124)  loss_bbox_dn_4: 0.3040 (0.3115)  loss_bbox_dn_5: 0.3038 (0.3114)  loss_bbox_dn_pre: 0.4169 (0.4261)  loss_bbox_enc_0: 0.3587 (0.3769)  loss_bbox_pre: 0.2905 (0.3023)  loss_ddf_aux_0: 0.1621 (0.1829)  loss_ddf_aux_1: 0.0167 (0.0171)  loss_ddf_aux_2: 0.0018 (0.0020)  loss_ddf_aux_3: 0.0003 (0.0003)  loss_ddf_aux_4: 0.0001 (0.0001)  loss_ddf_dn_0: 0.3690 (0.3738)  loss_ddf_dn_1: 0.0494 (0.0505)  loss_ddf_dn_2: 0.0076 (0.0084)  loss_ddf_dn_3: 0.0011 (0.0013)  loss_ddf_dn_4: 0.0001 (0.0001)  loss_ddf_dn_5: 0.0000 (0.0000)  loss_fgl: 0.9845 (0.9844)  loss_fgl_aux_0: 1.0374 (1.0426)  loss_fgl_aux_1: 0.9897 (0.9899)  loss_fgl_aux_2: 0.9862 (0.9851)  loss_fgl_aux_3: 0.9850 (0.9846)  loss_fgl_aux_4: 0.9846 (0.9844)  loss_fgl_dn_0: 1.0919 (1.0888)  loss_fgl_dn_1: 1.0296 (1.0274)  loss_fgl_dn_2: 1.0234 (1.0231)  loss_fgl_dn_3: 1.0237 (1.0230)  loss_fgl_dn_4: 1.0241 (1.0234)  loss_fgl_dn_5: 1.0242 (1.0235)  loss_giou: 0.6633 (0.6678)  loss_giou_aux_0: 0.7207 (0.7187)  loss_giou_aux_1: 0.6706 (0.6741)  loss_giou_aux_2: 0.6635 (0.6681)  loss_giou_aux_3: 0.6631 (0.6678)  loss_giou_aux_4: 0.6632 (0.6678)  loss_giou_dn_0: 0.8399 (0.8627)  loss_giou_dn_1: 0.6939 (0.7152)  loss_giou_dn_2: 0.6695 (0.6879)  loss_giou_dn_3: 0.6642 (0.6809)  loss_giou_dn_4: 0.6632 (0.6794)  loss_giou_dn_5: 0.6628 (0.6792)  loss_giou_dn_pre: 0.8397 (0.8638)  loss_giou_enc_0: 0.8134 (0.8267)  loss_giou_pre: 0.7201 (0.7180)  loss_vfl: 0.7818 (0.8099)  loss_vfl_aux_0: 0.8568 (0.8855)  loss_vfl_aux_1: 0.8574 (0.8842)  loss_vfl_aux_2: 0.8333 (0.8523)  loss_vfl_aux_3: 0.8054 (0.8202)  loss_vfl_aux_4: 0.7820 (0.8088)  loss_vfl_dn_0: 0.5085 (0.5060)  loss_vfl_dn_1: 0.5235 (0.5285)  loss_vfl_dn_2: 0.5101 (0.5141)  loss_vfl_dn_3: 0.5001 (0.5050)  loss_vfl_dn_4: 0.4938 (0.5002)  loss_vfl_dn_5: 0.4964 (0.5007)  loss_vfl_dn_pre: 0.5075 (0.5055)  loss_vfl_enc_0: 0.8802 (0.8946)  loss_vfl_pre: 0.8592 (0.8845)  time: 1.1961  data: 0.0285  max mem: 17528
Epoch: [2/80]  [700/924]  eta: 0:04:11  lr: 0.000013  loss: 38.1434 (38.6707)  loss_bbox: 0.2580 (0.2668)  loss_bbox_aux_0: 0.2880 (0.3004)  loss_bbox_aux_1: 0.2629 (0.2711)  loss_bbox_aux_2: 0.2591 (0.2673)  loss_bbox_aux_3: 0.2583 (0.2669)  loss_bbox_aux_4: 0.2580 (0.2668)  loss_bbox_dn_0: 0.3885 (0.4189)  loss_bbox_dn_1: 0.3091 (0.3308)  loss_bbox_dn_2: 0.2887 (0.3146)  loss_bbox_dn_3: 0.2868 (0.3107)  loss_bbox_dn_4: 0.2868 (0.3098)  loss_bbox_dn_5: 0.2866 (0.3098)  loss_bbox_dn_pre: 0.3938 (0.4238)  loss_bbox_enc_0: 0.3570 (0.3744)  loss_bbox_pre: 0.2881 (0.3009)  loss_ddf_aux_0: 0.1506 (0.1799)  loss_ddf_aux_1: 0.0154 (0.0169)  loss_ddf_aux_2: 0.0019 (0.0020)  loss_ddf_aux_3: 0.0003 (0.0003)  loss_ddf_aux_4: 0.0001 (0.0001)  loss_ddf_dn_0: 0.3468 (0.3718)  loss_ddf_dn_1: 0.0449 (0.0499)  loss_ddf_dn_2: 0.0076 (0.0083)  loss_ddf_dn_3: 0.0011 (0.0012)  loss_ddf_dn_4: 0.0001 (0.0001)  loss_ddf_dn_5: 0.0000 (0.0000)  loss_fgl: 0.9749 (0.9836)  loss_fgl_aux_0: 1.0363 (1.0416)  loss_fgl_aux_1: 0.9830 (0.9892)  loss_fgl_aux_2: 0.9756 (0.9844)  loss_fgl_aux_3: 0.9751 (0.9838)  loss_fgl_aux_4: 0.9750 (0.9836)  loss_fgl_dn_0: 1.0907 (1.0896)  loss_fgl_dn_1: 1.0277 (1.0271)  loss_fgl_dn_2: 1.0209 (1.0226)  loss_fgl_dn_3: 1.0208 (1.0225)  loss_fgl_dn_4: 1.0210 (1.0229)  loss_fgl_dn_5: 1.0211 (1.0230)  loss_giou: 0.6718 (0.6672)  loss_giou_aux_0: 0.7174 (0.7175)  loss_giou_aux_1: 0.6774 (0.6735)  loss_giou_aux_2: 0.6714 (0.6676)  loss_giou_aux_3: 0.6712 (0.6672)  loss_giou_aux_4: 0.6716 (0.6672)  loss_giou_dn_0: 0.8338 (0.8591)  loss_giou_dn_1: 0.6873 (0.7122)  loss_giou_dn_2: 0.6601 (0.6850)  loss_giou_dn_3: 0.6534 (0.6781)  loss_giou_dn_4: 0.6510 (0.6766)  loss_giou_dn_5: 0.6506 (0.6764)  loss_giou_dn_pre: 0.8357 (0.8602)  loss_giou_enc_0: 0.8132 (0.8243)  loss_giou_pre: 0.7160 (0.7168)  loss_vfl: 0.7979 (0.8082)  loss_vfl_aux_0: 0.8669 (0.8842)  loss_vfl_aux_1: 0.8591 (0.8825)  loss_vfl_aux_2: 0.8357 (0.8504)  loss_vfl_aux_3: 0.7960 (0.8184)  loss_vfl_aux_4: 0.7873 (0.8070)  loss_vfl_dn_0: 0.5095 (0.5064)  loss_vfl_dn_1: 0.5258 (0.5279)  loss_vfl_dn_2: 0.5082 (0.5135)  loss_vfl_dn_3: 0.4966 (0.5042)  loss_vfl_dn_4: 0.4955 (0.4995)  loss_vfl_dn_5: 0.4933 (0.5000)  loss_vfl_dn_pre: 0.5086 (0.5059)  loss_vfl_enc_0: 0.8779 (0.8930)  loss_vfl_pre: 0.8665 (0.8832)  time: 1.1162  data: 0.0315  max mem: 17528
Epoch: [2/80]  [800/924]  eta: 0:02:18  lr: 0.000013  loss: 38.5943 (38.6203)  loss_bbox: 0.2610 (0.2664)  loss_bbox_aux_0: 0.3016 (0.2999)  loss_bbox_aux_1: 0.2677 (0.2706)  loss_bbox_aux_2: 0.2621 (0.2669)  loss_bbox_aux_3: 0.2612 (0.2665)  loss_bbox_aux_4: 0.2611 (0.2664)  loss_bbox_dn_0: 0.4112 (0.4178)  loss_bbox_dn_1: 0.3198 (0.3298)  loss_bbox_dn_2: 0.3013 (0.3136)  loss_bbox_dn_3: 0.2967 (0.3097)  loss_bbox_dn_4: 0.2951 (0.3088)  loss_bbox_dn_5: 0.2952 (0.3088)  loss_bbox_dn_pre: 0.4138 (0.4226)  loss_bbox_enc_0: 0.3634 (0.3733)  loss_bbox_pre: 0.3025 (0.3004)  loss_ddf_aux_0: 0.1685 (0.1783)  loss_ddf_aux_1: 0.0172 (0.0168)  loss_ddf_aux_2: 0.0021 (0.0020)  loss_ddf_aux_3: 0.0003 (0.0003)  loss_ddf_aux_4: 0.0001 (0.0001)  loss_ddf_dn_0: 0.3532 (0.3708)  loss_ddf_dn_1: 0.0522 (0.0497)  loss_ddf_dn_2: 0.0084 (0.0083)  loss_ddf_dn_3: 0.0011 (0.0012)  loss_ddf_dn_4: 0.0001 (0.0001)  loss_ddf_dn_5: 0.0000 (0.0000)  loss_fgl: 0.9845 (0.9827)  loss_fgl_aux_0: 1.0442 (1.0410)  loss_fgl_aux_1: 0.9932 (0.9884)  loss_fgl_aux_2: 0.9861 (0.9835)  loss_fgl_aux_3: 0.9847 (0.9829)  loss_fgl_aux_4: 0.9845 (0.9827)  loss_fgl_dn_0: 1.0941 (1.0904)  loss_fgl_dn_1: 1.0248 (1.0269)  loss_fgl_dn_2: 1.0201 (1.0222)  loss_fgl_dn_3: 1.0191 (1.0220)  loss_fgl_dn_4: 1.0193 (1.0225)  loss_fgl_dn_5: 1.0195 (1.0226)  loss_giou: 0.6755 (0.6673)  loss_giou_aux_0: 0.7254 (0.7174)  loss_giou_aux_1: 0.6830 (0.6736)  loss_giou_aux_2: 0.6756 (0.6677)  loss_giou_aux_3: 0.6756 (0.6673)  loss_giou_aux_4: 0.6757 (0.6673)  loss_giou_dn_0: 0.8564 (0.8568)  loss_giou_dn_1: 0.6954 (0.7100)  loss_giou_dn_2: 0.6694 (0.6829)  loss_giou_dn_3: 0.6634 (0.6760)  loss_giou_dn_4: 0.6614 (0.6745)  loss_giou_dn_5: 0.6611 (0.6743)  loss_giou_dn_pre: 0.8565 (0.8579)  loss_giou_enc_0: 0.8183 (0.8236)  loss_giou_pre: 0.7255 (0.7167)  loss_vfl: 0.8085 (0.8062)  loss_vfl_aux_0: 0.8806 (0.8834)  loss_vfl_aux_1: 0.8798 (0.8813)  loss_vfl_aux_2: 0.8469 (0.8487)  loss_vfl_aux_3: 0.8204 (0.8168)  loss_vfl_aux_4: 0.8060 (0.8052)  loss_vfl_dn_0: 0.4993 (0.5066)  loss_vfl_dn_1: 0.5247 (0.5273)  loss_vfl_dn_2: 0.5090 (0.5129)  loss_vfl_dn_3: 0.4994 (0.5036)  loss_vfl_dn_4: 0.4940 (0.4988)  loss_vfl_dn_5: 0.4946 (0.4992)  loss_vfl_dn_pre: 0.4983 (0.5062)  loss_vfl_enc_0: 0.8739 (0.8913)  loss_vfl_pre: 0.8800 (0.8824)  time: 1.0917  data: 0.0301  max mem: 17528
Epoch: [2/80]  [900/924]  eta: 0:00:26  lr: 0.000013  loss: 38.0840 (38.5714)  loss_bbox: 0.2585 (0.2656)  loss_bbox_aux_0: 0.2930 (0.2990)  loss_bbox_aux_1: 0.2609 (0.2699)  loss_bbox_aux_2: 0.2593 (0.2661)  loss_bbox_aux_3: 0.2587 (0.2658)  loss_bbox_aux_4: 0.2585 (0.2657)  loss_bbox_dn_0: 0.3938 (0.4161)  loss_bbox_dn_1: 0.3133 (0.3285)  loss_bbox_dn_2: 0.2996 (0.3123)  loss_bbox_dn_3: 0.2974 (0.3085)  loss_bbox_dn_4: 0.2960 (0.3076)  loss_bbox_dn_5: 0.2957 (0.3075)  loss_bbox_dn_pre: 0.3993 (0.4209)  loss_bbox_enc_0: 0.3618 (0.3721)  loss_bbox_pre: 0.2932 (0.2995)  loss_ddf_aux_0: 0.1517 (0.1766)  loss_ddf_aux_1: 0.0175 (0.0168)  loss_ddf_aux_2: 0.0021 (0.0020)  loss_ddf_aux_3: 0.0003 (0.0003)  loss_ddf_aux_4: 0.0001 (0.0001)  loss_ddf_dn_0: 0.3360 (0.3693)  loss_ddf_dn_1: 0.0448 (0.0495)  loss_ddf_dn_2: 0.0073 (0.0082)  loss_ddf_dn_3: 0.0010 (0.0012)  loss_ddf_dn_4: 0.0001 (0.0001)  loss_ddf_dn_5: 0.0000 (0.0000)  loss_fgl: 0.9696 (0.9822)  loss_fgl_aux_0: 1.0302 (1.0407)  loss_fgl_aux_1: 0.9757 (0.9881)  loss_fgl_aux_2: 0.9704 (0.9830)  loss_fgl_aux_3: 0.9700 (0.9824)  loss_fgl_aux_4: 0.9696 (0.9822)  loss_fgl_dn_0: 1.0876 (1.0909)  loss_fgl_dn_1: 1.0230 (1.0267)  loss_fgl_dn_2: 1.0172 (1.0218)  loss_fgl_dn_3: 1.0160 (1.0217)  loss_fgl_dn_4: 1.0161 (1.0221)  loss_fgl_dn_5: 1.0163 (1.0222)  loss_giou: 0.6838 (0.6675)  loss_giou_aux_0: 0.7314 (0.7174)  loss_giou_aux_1: 0.6899 (0.6737)  loss_giou_aux_2: 0.6849 (0.6679)  loss_giou_aux_3: 0.6838 (0.6675)  loss_giou_aux_4: 0.6837 (0.6675)  loss_giou_dn_0: 0.8395 (0.8544)  loss_giou_dn_1: 0.6957 (0.7079)  loss_giou_dn_2: 0.6722 (0.6809)  loss_giou_dn_3: 0.6687 (0.6742)  loss_giou_dn_4: 0.6673 (0.6727)  loss_giou_dn_5: 0.6669 (0.6725)  loss_giou_dn_pre: 0.8409 (0.8555)  loss_giou_enc_0: 0.8431 (0.8231)  loss_giou_pre: 0.7313 (0.7166)  loss_vfl: 0.7771 (0.8054)  loss_vfl_aux_0: 0.8561 (0.8822)  loss_vfl_aux_1: 0.8512 (0.8801)  loss_vfl_aux_2: 0.8196 (0.8477)  loss_vfl_aux_3: 0.8008 (0.8161)  loss_vfl_aux_4: 0.7832 (0.8044)  loss_vfl_dn_0: 0.5046 (0.5067)  loss_vfl_dn_1: 0.5168 (0.5266)  loss_vfl_dn_2: 0.5054 (0.5123)  loss_vfl_dn_3: 0.4947 (0.5031)  loss_vfl_dn_4: 0.4879 (0.4983)  loss_vfl_dn_5: 0.4886 (0.4987)  loss_vfl_dn_pre: 0.5046 (0.5062)  loss_vfl_enc_0: 0.8413 (0.8894)  loss_vfl_pre: 0.8554 (0.8815)  time: 1.0631  data: 0.0282  max mem: 17528
Epoch: [2/80]  [923/924]  eta: 0:00:01  lr: 0.000013  loss: 37.9847 (38.5578)  loss_bbox: 0.2579 (0.2655)  loss_bbox_aux_0: 0.2867 (0.2988)  loss_bbox_aux_1: 0.2608 (0.2697)  loss_bbox_aux_2: 0.2577 (0.2660)  loss_bbox_aux_3: 0.2579 (0.2656)  loss_bbox_aux_4: 0.2580 (0.2655)  loss_bbox_dn_0: 0.3966 (0.4155)  loss_bbox_dn_1: 0.3109 (0.3280)  loss_bbox_dn_2: 0.2947 (0.3119)  loss_bbox_dn_3: 0.2901 (0.3080)  loss_bbox_dn_4: 0.2898 (0.3072)  loss_bbox_dn_5: 0.2899 (0.3071)  loss_bbox_dn_pre: 0.4008 (0.4203)  loss_bbox_enc_0: 0.3463 (0.3716)  loss_bbox_pre: 0.2854 (0.2992)  loss_ddf_aux_0: 0.1601 (0.1763)  loss_ddf_aux_1: 0.0173 (0.0169)  loss_ddf_aux_2: 0.0020 (0.0020)  loss_ddf_aux_3: 0.0003 (0.0003)  loss_ddf_aux_4: 0.0001 (0.0001)  loss_ddf_dn_0: 0.3768 (0.3693)  loss_ddf_dn_1: 0.0487 (0.0495)  loss_ddf_dn_2: 0.0076 (0.0082)  loss_ddf_dn_3: 0.0012 (0.0012)  loss_ddf_dn_4: 0.0001 (0.0001)  loss_ddf_dn_5: 0.0000 (0.0000)  loss_fgl: 0.9814 (0.9820)  loss_fgl_aux_0: 1.0354 (1.0405)  loss_fgl_aux_1: 0.9866 (0.9879)  loss_fgl_aux_2: 0.9821 (0.9828)  loss_fgl_aux_3: 0.9815 (0.9822)  loss_fgl_aux_4: 0.9813 (0.9820)  loss_fgl_dn_0: 1.0990 (1.0910)  loss_fgl_dn_1: 1.0248 (1.0266)  loss_fgl_dn_2: 1.0174 (1.0217)  loss_fgl_dn_3: 1.0164 (1.0215)  loss_fgl_dn_4: 1.0168 (1.0219)  loss_fgl_dn_5: 1.0168 (1.0221)  loss_giou: 0.6485 (0.6676)  loss_giou_aux_0: 0.6941 (0.7174)  loss_giou_aux_1: 0.6547 (0.6738)  loss_giou_aux_2: 0.6485 (0.6680)  loss_giou_aux_3: 0.6485 (0.6676)  loss_giou_aux_4: 0.6485 (0.6676)  loss_giou_dn_0: 0.8245 (0.8540)  loss_giou_dn_1: 0.6692 (0.7074)  loss_giou_dn_2: 0.6461 (0.6805)  loss_giou_dn_3: 0.6406 (0.6738)  loss_giou_dn_4: 0.6385 (0.6723)  loss_giou_dn_5: 0.6382 (0.6721)  loss_giou_dn_pre: 0.8243 (0.8550)  loss_giou_enc_0: 0.7983 (0.8230)  loss_giou_pre: 0.6948 (0.7167)  loss_vfl: 0.7797 (0.8050)  loss_vfl_aux_0: 0.8677 (0.8819)  loss_vfl_aux_1: 0.8865 (0.8798)  loss_vfl_aux_2: 0.8334 (0.8474)  loss_vfl_aux_3: 0.7971 (0.8157)  loss_vfl_aux_4: 0.7871 (0.8041)  loss_vfl_dn_0: 0.5078 (0.5066)  loss_vfl_dn_1: 0.5193 (0.5264)  loss_vfl_dn_2: 0.5047 (0.5121)  loss_vfl_dn_3: 0.4978 (0.5029)  loss_vfl_dn_4: 0.4921 (0.4982)  loss_vfl_dn_5: 0.4931 (0.4986)  loss_vfl_dn_pre: 0.5081 (0.5062)  loss_vfl_enc_0: 0.8640 (0.8889)  loss_vfl_pre: 0.8682 (0.8811)  time: 1.0532  data: 0.0289  max mem: 17528
Epoch: [2/80] Total time: 0:17:07 (1.1118 s / it)
Averaged stats: lr: 0.000013  loss: 37.9847 (38.5578)  loss_bbox: 0.2579 (0.2655)  loss_bbox_aux_0: 0.2867 (0.2988)  loss_bbox_aux_1: 0.2608 (0.2697)  loss_bbox_aux_2: 0.2577 (0.2660)  loss_bbox_aux_3: 0.2579 (0.2656)  loss_bbox_aux_4: 0.2580 (0.2655)  loss_bbox_dn_0: 0.3966 (0.4155)  loss_bbox_dn_1: 0.3109 (0.3280)  loss_bbox_dn_2: 0.2947 (0.3119)  loss_bbox_dn_3: 0.2901 (0.3080)  loss_bbox_dn_4: 0.2898 (0.3072)  loss_bbox_dn_5: 0.2899 (0.3071)  loss_bbox_dn_pre: 0.4008 (0.4203)  loss_bbox_enc_0: 0.3463 (0.3716)  loss_bbox_pre: 0.2854 (0.2992)  loss_ddf_aux_0: 0.1601 (0.1763)  loss_ddf_aux_1: 0.0173 (0.0169)  loss_ddf_aux_2: 0.0020 (0.0020)  loss_ddf_aux_3: 0.0003 (0.0003)  loss_ddf_aux_4: 0.0001 (0.0001)  loss_ddf_dn_0: 0.3768 (0.3693)  loss_ddf_dn_1: 0.0487 (0.0495)  loss_ddf_dn_2: 0.0076 (0.0082)  loss_ddf_dn_3: 0.0012 (0.0012)  loss_ddf_dn_4: 0.0001 (0.0001)  loss_ddf_dn_5: 0.0000 (0.0000)  loss_fgl: 0.9814 (0.9820)  loss_fgl_aux_0: 1.0354 (1.0405)  loss_fgl_aux_1: 0.9866 (0.9879)  loss_fgl_aux_2: 0.9821 (0.9828)  loss_fgl_aux_3: 0.9815 (0.9822)  loss_fgl_aux_4: 0.9813 (0.9820)  loss_fgl_dn_0: 1.0990 (1.0910)  loss_fgl_dn_1: 1.0248 (1.0266)  loss_fgl_dn_2: 1.0174 (1.0217)  loss_fgl_dn_3: 1.0164 (1.0215)  loss_fgl_dn_4: 1.0168 (1.0219)  loss_fgl_dn_5: 1.0168 (1.0221)  loss_giou: 0.6485 (0.6676)  loss_giou_aux_0: 0.6941 (0.7174)  loss_giou_aux_1: 0.6547 (0.6738)  loss_giou_aux_2: 0.6485 (0.6680)  loss_giou_aux_3: 0.6485 (0.6676)  loss_giou_aux_4: 0.6485 (0.6676)  loss_giou_dn_0: 0.8245 (0.8540)  loss_giou_dn_1: 0.6692 (0.7074)  loss_giou_dn_2: 0.6461 (0.6805)  loss_giou_dn_3: 0.6406 (0.6738)  loss_giou_dn_4: 0.6385 (0.6723)  loss_giou_dn_5: 0.6382 (0.6721)  loss_giou_dn_pre: 0.8243 (0.8550)  loss_giou_enc_0: 0.7983 (0.8230)  loss_giou_pre: 0.6948 (0.7167)  loss_vfl: 0.7797 (0.8050)  loss_vfl_aux_0: 0.8677 (0.8819)  loss_vfl_aux_1: 0.8865 (0.8798)  loss_vfl_aux_2: 0.8334 (0.8474)  loss_vfl_aux_3: 0.7971 (0.8157)  loss_vfl_aux_4: 0.7871 (0.8041)  loss_vfl_dn_0: 0.5078 (0.5066)  loss_vfl_dn_1: 0.5193 (0.5264)  loss_vfl_dn_2: 0.5047 (0.5121)  loss_vfl_dn_3: 0.4978 (0.5029)  loss_vfl_dn_4: 0.4921 (0.4982)  loss_vfl_dn_5: 0.4931 (0.4986)  loss_vfl_dn_pre: 0.5081 (0.5062)  loss_vfl_enc_0: 0.8640 (0.8889)  loss_vfl_pre: 0.8682 (0.8811)
Test:  [ 0/79]  eta: 0:01:39    time: 1.2544  data: 1.0415  max mem: 17528
Test:  [10/79]  eta: 0:00:21    time: 0.3107  data: 0.1051  max mem: 17528
Test:  [20/79]  eta: 0:00:23    time: 0.3640  data: 0.0128  max mem: 17528
Test:  [30/79]  eta: 0:00:16    time: 0.3637  data: 0.0137  max mem: 17528
Test:  [40/79]  eta: 0:00:12    time: 0.2121  data: 0.0129  max mem: 17528
Test:  [50/79]  eta: 0:00:08    time: 0.2089  data: 0.0124  max mem: 17528
Test:  [60/79]  eta: 0:00:05    time: 0.2121  data: 0.0147  max mem: 17528
Test:  [70/79]  eta: 0:00:02    time: 0.2126  data: 0.0156  max mem: 17528
Test:  [78/79]  eta: 0:00:00    time: 0.2040  data: 0.0144  max mem: 17528
Test: Total time: 0:00:20 (0.2654 s / it)
Metrics: {'f1': 0.5896483407627539, 'precision': 0.6974223784417106, 'recall': 0.5107250107250108, 'iou': 0.35814566364196226, 'TPs': 2381, 'FPs': 1033, 'FNs': 2281}
Averaged stats: 
Accumulating evaluation results...
COCOeval_opt.accumulate() finished...
DONE (t=2.91s).
IoU metric: bbox
 Average Precision  (AP) @[ IoU=0.50:0.95 | area=   all | maxDets=100 ] = 0.404
 Average Precision  (AP) @[ IoU=0.50      | area=   all | maxDets=100 ] = 0.563
 Average Precision  (AP) @[ IoU=0.75      | area=   all | maxDets=100 ] = 0.436
 Average Precision  (AP) @[ IoU=0.50:0.95 | area= small | maxDets=100 ] = 0.206
 Average Precision  (AP) @[ IoU=0.50:0.95 | area=medium | maxDets=100 ] = 0.440
 Average Precision  (AP) @[ IoU=0.50:0.95 | area= large | maxDets=100 ] = 0.583
 Average Recall     (AR) @[ IoU=0.50:0.95 | area=   all | maxDets=  1 ] = 0.340
 Average Recall     (AR) @[ IoU=0.50:0.95 | area=   all | maxDets= 10 ] = 0.561
 Average Recall     (AR) @[ IoU=0.50:0.95 | area=   all | maxDets=100 ] = 0.637
 Average Recall     (AR) @[ IoU=0.50:0.95 | area= small | maxDets=100 ] = 0.409
 Average Recall     (AR) @[ IoU=0.50:0.95 | area=medium | maxDets=100 ] = 0.691
 Average Recall     (AR) @[ IoU=0.50:0.95 | area= large | maxDets=100 ] = 0.846
 Average Recall     (AR) @[ IoU=0.50      | area=   all | maxDets=100 ] = 0.837
 Average Recall     (AR) @[ IoU=0.75      | area=   all | maxDets=100 ] = 0.683
best_stat: {'epoch': 2, 'coco_eval_bbox': 0.404091209130802}
Epoch: [3/80]  [  0/924]  eta: 0:38:54  lr: 0.000013  loss: 38.4354 (38.4354)  loss_bbox: 0.2836 (0.2836)  loss_bbox_aux_0: 0.3170 (0.3170)  loss_bbox_aux_1: 0.2901 (0.2901)  loss_bbox_aux_2: 0.2848 (0.2848)  loss_bbox_aux_3: 0.2839 (0.2839)  loss_bbox_aux_4: 0.2836 (0.2836)  loss_bbox_dn_0: 0.4026 (0.4026)  loss_bbox_dn_1: 0.3122 (0.3122)  loss_bbox_dn_2: 0.2966 (0.2966)  loss_bbox_dn_3: 0.2925 (0.2925)  loss_bbox_dn_4: 0.2901 (0.2901)  loss_bbox_dn_5: 0.2896 (0.2896)  loss_bbox_dn_pre: 0.4095 (0.4095)  loss_bbox_enc_0: 0.4022 (0.4022)  loss_bbox_pre: 0.3164 (0.3164)  loss_ddf_aux_0: 0.1644 (0.1644)  loss_ddf_aux_1: 0.0165 (0.0165)  loss_ddf_aux_2: 0.0017 (0.0017)  loss_ddf_aux_3: 0.0003 (0.0003)  loss_ddf_aux_4: 0.0000 (0.0000)  loss_ddf_dn_0: 0.3209 (0.3209)  loss_ddf_dn_1: 0.0399 (0.0399)  loss_ddf_dn_2: 0.0065 (0.0065)  loss_ddf_dn_3: 0.0010 (0.0010)  loss_ddf_dn_4: 0.0001 (0.0001)  loss_ddf_dn_5: 0.0000 (0.0000)  loss_fgl: 0.9868 (0.9868)  loss_fgl_aux_0: 1.0455 (1.0455)  loss_fgl_aux_1: 0.9943 (0.9943)  loss_fgl_aux_2: 0.9876 (0.9876)  loss_fgl_aux_3: 0.9870 (0.9870)  loss_fgl_aux_4: 0.9868 (0.9868)  loss_fgl_dn_0: 1.1008 (1.1008)  loss_fgl_dn_1: 1.0218 (1.0218)  loss_fgl_dn_2: 1.0151 (1.0151)  loss_fgl_dn_3: 1.0151 (1.0151)  loss_fgl_dn_4: 1.0159 (1.0159)  loss_fgl_dn_5: 1.0162 (1.0162)  loss_giou: 0.6953 (0.6953)  loss_giou_aux_0: 0.7449 (0.7449)  loss_giou_aux_1: 0.7025 (0.7025)  loss_giou_aux_2: 0.6960 (0.6960)  loss_giou_aux_3: 0.6955 (0.6955)  loss_giou_aux_4: 0.6954 (0.6954)  loss_giou_dn_0: 0.8168 (0.8168)  loss_giou_dn_1: 0.6808 (0.6808)  loss_giou_dn_2: 0.6555 (0.6555)  loss_giou_dn_3: 0.6491 (0.6491)  loss_giou_dn_4: 0.6464 (0.6464)  loss_giou_dn_5: 0.6459 (0.6459)  loss_giou_dn_pre: 0.8220 (0.8220)  loss_giou_enc_0: 0.8695 (0.8695)  loss_giou_pre: 0.7421 (0.7421)  loss_vfl: 0.8079 (0.8079)  loss_vfl_aux_0: 0.8304 (0.8304)  loss_vfl_aux_1: 0.8397 (0.8397)  loss_vfl_aux_2: 0.8259 (0.8259)  loss_vfl_aux_3: 0.7889 (0.7889)  loss_vfl_aux_4: 0.7973 (0.7973)  loss_vfl_dn_0: 0.5196 (0.5196)  loss_vfl_dn_1: 0.5273 (0.5273)  loss_vfl_dn_2: 0.5189 (0.5189)  loss_vfl_dn_3: 0.5058 (0.5058)  loss_vfl_dn_4: 0.5045 (0.5045)  loss_vfl_dn_5: 0.5099 (0.5099)  loss_vfl_dn_pre: 0.5187 (0.5187)  loss_vfl_enc_0: 0.8689 (0.8689)  loss_vfl_pre: 0.8351 (0.8351)  time: 2.5264  data: 1.5644  max mem: 17528
Epoch: [3/80]  [100/924]  eta: 0:15:26  lr: 0.000013  loss: 37.7940 (37.9001)  loss_bbox: 0.2558 (0.2551)  loss_bbox_aux_0: 0.2879 (0.2860)  loss_bbox_aux_1: 0.2589 (0.2594)  loss_bbox_aux_2: 0.2552 (0.2556)  loss_bbox_aux_3: 0.2558 (0.2552)  loss_bbox_aux_4: 0.2558 (0.2551)  loss_bbox_dn_0: 0.4025 (0.3982)  loss_bbox_dn_1: 0.3027 (0.3114)  loss_bbox_dn_2: 0.2893 (0.2960)  loss_bbox_dn_3: 0.2871 (0.2923)  loss_bbox_dn_4: 0.2866 (0.2915)  loss_bbox_dn_5: 0.2865 (0.2914)  loss_bbox_dn_pre: 0.4070 (0.4027)  loss_bbox_enc_0: 0.3469 (0.3499)  loss_bbox_pre: 0.2892 (0.2865)  loss_ddf_aux_0: 0.1490 (0.1584)  loss_ddf_aux_1: 0.0152 (0.0169)  loss_ddf_aux_2: 0.0019 (0.0020)  loss_ddf_aux_3: 0.0003 (0.0003)  loss_ddf_aux_4: 0.0001 (0.0001)  loss_ddf_dn_0: 0.3529 (0.3585)  loss_ddf_dn_1: 0.0460 (0.0472)  loss_ddf_dn_2: 0.0072 (0.0076)  loss_ddf_dn_3: 0.0010 (0.0011)  loss_ddf_dn_4: 0.0001 (0.0001)  loss_ddf_dn_5: 0.0000 (0.0000)  loss_fgl: 0.9832 (0.9807)  loss_fgl_aux_0: 1.0374 (1.0394)  loss_fgl_aux_1: 0.9896 (0.9875)  loss_fgl_aux_2: 0.9836 (0.9815)  loss_fgl_aux_3: 0.9832 (0.9809)  loss_fgl_aux_4: 0.9832 (0.9807)  loss_fgl_dn_0: 1.1037 (1.1006)  loss_fgl_dn_1: 1.0290 (1.0269)  loss_fgl_dn_2: 1.0203 (1.0196)  loss_fgl_dn_3: 1.0205 (1.0196)  loss_fgl_dn_4: 1.0211 (1.0200)  loss_fgl_dn_5: 1.0212 (1.0201)  loss_giou: 0.6481 (0.6609)  loss_giou_aux_0: 0.6911 (0.7075)  loss_giou_aux_1: 0.6531 (0.6671)  loss_giou_aux_2: 0.6488 (0.6612)  loss_giou_aux_3: 0.6481 (0.6609)  loss_giou_aux_4: 0.6480 (0.6609)  loss_giou_dn_0: 0.8111 (0.8225)  loss_giou_dn_1: 0.6670 (0.6777)  loss_giou_dn_2: 0.6420 (0.6522)  loss_giou_dn_3: 0.6352 (0.6461)  loss_giou_dn_4: 0.6341 (0.6449)  loss_giou_dn_5: 0.6338 (0.6447)  loss_giou_dn_pre: 0.8111 (0.8232)  loss_giou_enc_0: 0.7930 (0.8041)  loss_giou_pre: 0.6908 (0.7065)  loss_vfl: 0.7847 (0.7932)  loss_vfl_aux_0: 0.8818 (0.8727)  loss_vfl_aux_1: 0.8701 (0.8653)  loss_vfl_aux_2: 0.8297 (0.8324)  loss_vfl_aux_3: 0.7958 (0.8016)  loss_vfl_aux_4: 0.7763 (0.7916)  loss_vfl_dn_0: 0.5121 (0.5089)  loss_vfl_dn_1: 0.5201 (0.5210)  loss_vfl_dn_2: 0.5055 (0.5061)  loss_vfl_dn_3: 0.4961 (0.4963)  loss_vfl_dn_4: 0.4911 (0.4912)  loss_vfl_dn_5: 0.4931 (0.4917)  loss_vfl_dn_pre: 0.5115 (0.5088)  loss_vfl_enc_0: 0.8649 (0.8699)  loss_vfl_pre: 0.8883 (0.8729)  time: 1.0712  data: 0.0277  max mem: 17528
Epoch: [3/80]  [200/924]  eta: 0:13:20  lr: 0.000013  loss: 37.7565 (37.8634)  loss_bbox: 0.2475 (0.2551)  loss_bbox_aux_0: 0.2741 (0.2856)  loss_bbox_aux_1: 0.2518 (0.2594)  loss_bbox_aux_2: 0.2480 (0.2557)  loss_bbox_aux_3: 0.2476 (0.2552)  loss_bbox_aux_4: 0.2475 (0.2551)  loss_bbox_dn_0: 0.3754 (0.3961)  loss_bbox_dn_1: 0.2953 (0.3106)  loss_bbox_dn_2: 0.2834 (0.2953)  loss_bbox_dn_3: 0.2806 (0.2917)  loss_bbox_dn_4: 0.2798 (0.2909)  loss_bbox_dn_5: 0.2796 (0.2908)  loss_bbox_dn_pre: 0.3807 (0.4008)  loss_bbox_enc_0: 0.3413 (0.3490)  loss_bbox_pre: 0.2744 (0.2860)  loss_ddf_aux_0: 0.1532 (0.1558)  loss_ddf_aux_1: 0.0157 (0.0168)  loss_ddf_aux_2: 0.0020 (0.0020)  loss_ddf_aux_3: 0.0003 (0.0003)  loss_ddf_aux_4: 0.0001 (0.0001)  loss_ddf_dn_0: 0.3524 (0.3559)  loss_ddf_dn_1: 0.0458 (0.0472)  loss_ddf_dn_2: 0.0074 (0.0077)  loss_ddf_dn_3: 0.0011 (0.0011)  loss_ddf_dn_4: 0.0001 (0.0001)  loss_ddf_dn_5: 0.0000 (0.0000)  loss_fgl: 0.9796 (0.9784)  loss_fgl_aux_0: 1.0330 (1.0366)  loss_fgl_aux_1: 0.9859 (0.9854)  loss_fgl_aux_2: 0.9797 (0.9793)  loss_fgl_aux_3: 0.9797 (0.9786)  loss_fgl_aux_4: 0.9796 (0.9784)  loss_fgl_dn_0: 1.0900 (1.0990)  loss_fgl_dn_1: 1.0250 (1.0251)  loss_fgl_dn_2: 1.0170 (1.0179)  loss_fgl_dn_3: 1.0174 (1.0178)  loss_fgl_dn_4: 1.0177 (1.0182)  loss_fgl_dn_5: 1.0178 (1.0184)  loss_giou: 0.6736 (0.6626)  loss_giou_aux_0: 0.7181 (0.7086)  loss_giou_aux_1: 0.6764 (0.6688)  loss_giou_aux_2: 0.6731 (0.6629)  loss_giou_aux_3: 0.6734 (0.6625)  loss_giou_aux_4: 0.6736 (0.6626)  loss_giou_dn_0: 0.8243 (0.8236)  loss_giou_dn_1: 0.6819 (0.6803)  loss_giou_dn_2: 0.6584 (0.6549)  loss_giou_dn_3: 0.6543 (0.6488)  loss_giou_dn_4: 0.6534 (0.6475)  loss_giou_dn_5: 0.6531 (0.6473)  loss_giou_dn_pre: 0.8272 (0.8243)  loss_giou_enc_0: 0.8137 (0.8045)  loss_giou_pre: 0.7165 (0.7076)  loss_vfl: 0.7685 (0.7896)  loss_vfl_aux_0: 0.8566 (0.8715)  loss_vfl_aux_1: 0.8325 (0.8642)  loss_vfl_aux_2: 0.8187 (0.8298)  loss_vfl_aux_3: 0.7828 (0.7996)  loss_vfl_aux_4: 0.7730 (0.7890)  loss_vfl_dn_0: 0.5061 (0.5085)  loss_vfl_dn_1: 0.5156 (0.5197)  loss_vfl_dn_2: 0.4984 (0.5048)  loss_vfl_dn_3: 0.4953 (0.4954)  loss_vfl_dn_4: 0.4845 (0.4904)  loss_vfl_dn_5: 0.4848 (0.4908)  loss_vfl_dn_pre: 0.5061 (0.5084)  loss_vfl_enc_0: 0.8379 (0.8664)  loss_vfl_pre: 0.8561 (0.8713)  time: 1.0817  data: 0.0303  max mem: 17528
Epoch: [3/80]  [300/924]  eta: 0:11:27  lr: 0.000013  loss: 37.9699 (37.8737)  loss_bbox: 0.2587 (0.2554)  loss_bbox_aux_0: 0.2889 (0.2864)  loss_bbox_aux_1: 0.2637 (0.2598)  loss_bbox_aux_2: 0.2599 (0.2560)  loss_bbox_aux_3: 0.2589 (0.2555)  loss_bbox_aux_4: 0.2587 (0.2554)  loss_bbox_dn_0: 0.4107 (0.3971)  loss_bbox_dn_1: 0.3234 (0.3111)  loss_bbox_dn_2: 0.2997 (0.2957)  loss_bbox_dn_3: 0.2983 (0.2921)  loss_bbox_dn_4: 0.2987 (0.2913)  loss_bbox_dn_5: 0.2989 (0.2912)  loss_bbox_dn_pre: 0.4157 (0.4017)  loss_bbox_enc_0: 0.3502 (0.3505)  loss_bbox_pre: 0.2888 (0.2868)  loss_ddf_aux_0: 0.1528 (0.1565)  loss_ddf_aux_1: 0.0169 (0.0171)  loss_ddf_aux_2: 0.0020 (0.0020)  loss_ddf_aux_3: 0.0003 (0.0003)  loss_ddf_aux_4: 0.0001 (0.0001)  loss_ddf_dn_0: 0.3424 (0.3558)  loss_ddf_dn_1: 0.0465 (0.0474)  loss_ddf_dn_2: 0.0083 (0.0078)  loss_ddf_dn_3: 0.0012 (0.0011)  loss_ddf_dn_4: 0.0001 (0.0001)  loss_ddf_dn_5: 0.0000 (0.0000)  loss_fgl: 0.9603 (0.9770)  loss_fgl_aux_0: 1.0167 (1.0359)  loss_fgl_aux_1: 0.9675 (0.9840)  loss_fgl_aux_2: 0.9600 (0.9777)  loss_fgl_aux_3: 0.9602 (0.9772)  loss_fgl_aux_4: 0.9603 (0.9770)  loss_fgl_dn_0: 1.0965 (1.0989)  loss_fgl_dn_1: 1.0208 (1.0247)  loss_fgl_dn_2: 1.0114 (1.0173)  loss_fgl_dn_3: 1.0120 (1.0173)  loss_fgl_dn_4: 1.0126 (1.0177)  loss_fgl_dn_5: 1.0128 (1.0178)  loss_giou: 0.6737 (0.6640)  loss_giou_aux_0: 0.7190 (0.7101)  loss_giou_aux_1: 0.6803 (0.6701)  loss_giou_aux_2: 0.6737 (0.6642)  loss_giou_aux_3: 0.6738 (0.6639)  loss_giou_aux_4: 0.6738 (0.6639)  loss_giou_dn_0: 0.8357 (0.8240)  loss_giou_dn_1: 0.6843 (0.6809)  loss_giou_dn_2: 0.6584 (0.6557)  loss_giou_dn_3: 0.6535 (0.6497)  loss_giou_dn_4: 0.6516 (0.6483)  loss_giou_dn_5: 0.6514 (0.6482)  loss_giou_dn_pre: 0.8337 (0.8245)  loss_giou_enc_0: 0.8140 (0.8065)  loss_giou_pre: 0.7193 (0.7091)  loss_vfl: 0.7750 (0.7891)  loss_vfl_aux_0: 0.8626 (0.8711)  loss_vfl_aux_1: 0.8545 (0.8634)  loss_vfl_aux_2: 0.8234 (0.8306)  loss_vfl_aux_3: 0.8015 (0.7995)  loss_vfl_aux_4: 0.7774 (0.7887)  loss_vfl_dn_0: 0.5037 (0.5080)  loss_vfl_dn_1: 0.5182 (0.5192)  loss_vfl_dn_2: 0.5027 (0.5049)  loss_vfl_dn_3: 0.4973 (0.4951)  loss_vfl_dn_4: 0.4883 (0.4902)  loss_vfl_dn_5: 0.4890 (0.4906)  loss_vfl_dn_pre: 0.5032 (0.5080)  loss_vfl_enc_0: 0.8511 (0.8646)  loss_vfl_pre: 0.8641 (0.8711)  time: 1.0944  data: 0.0289  max mem: 17528
Epoch: [3/80]  [400/924]  eta: 0:09:40  lr: 0.000013  loss: 37.8385 (37.8326)  loss_bbox: 0.2482 (0.2548)  loss_bbox_aux_0: 0.2777 (0.2853)  loss_bbox_aux_1: 0.2507 (0.2590)  loss_bbox_aux_2: 0.2481 (0.2553)  loss_bbox_aux_3: 0.2482 (0.2549)  loss_bbox_aux_4: 0.2481 (0.2548)  loss_bbox_dn_0: 0.3959 (0.3961)  loss_bbox_dn_1: 0.3116 (0.3103)  loss_bbox_dn_2: 0.2968 (0.2949)  loss_bbox_dn_3: 0.2950 (0.2913)  loss_bbox_dn_4: 0.2938 (0.2906)  loss_bbox_dn_5: 0.2938 (0.2905)  loss_bbox_dn_pre: 0.3990 (0.4007)  loss_bbox_enc_0: 0.3393 (0.3496)  loss_bbox_pre: 0.2772 (0.2857)  loss_ddf_aux_0: 0.1399 (0.1540)  loss_ddf_aux_1: 0.0166 (0.0170)  loss_ddf_aux_2: 0.0016 (0.0020)  loss_ddf_aux_3: 0.0003 (0.0003)  loss_ddf_aux_4: 0.0001 (0.0001)  loss_ddf_dn_0: 0.3338 (0.3540)  loss_ddf_dn_1: 0.0471 (0.0477)  loss_ddf_dn_2: 0.0070 (0.0077)  loss_ddf_dn_3: 0.0011 (0.0011)  loss_ddf_dn_4: 0.0001 (0.0001)  loss_ddf_dn_5: 0.0000 (0.0000)  loss_fgl: 0.9774 (0.9764)  loss_fgl_aux_0: 1.0306 (1.0351)  loss_fgl_aux_1: 0.9852 (0.9834)  loss_fgl_aux_2: 0.9776 (0.9772)  loss_fgl_aux_3: 0.9774 (0.9766)  loss_fgl_aux_4: 0.9774 (0.9764)  loss_fgl_dn_0: 1.0984 (1.0989)  loss_fgl_dn_1: 1.0239 (1.0243)  loss_fgl_dn_2: 1.0167 (1.0169)  loss_fgl_dn_3: 1.0172 (1.0168)  loss_fgl_dn_4: 1.0180 (1.0172)  loss_fgl_dn_5: 1.0182 (1.0174)  loss_giou: 0.6770 (0.6643)  loss_giou_aux_0: 0.7140 (0.7097)  loss_giou_aux_1: 0.6814 (0.6703)  loss_giou_aux_2: 0.6761 (0.6645)  loss_giou_aux_3: 0.6766 (0.6642)  loss_giou_aux_4: 0.6768 (0.6643)  loss_giou_dn_0: 0.8315 (0.8232)  loss_giou_dn_1: 0.6954 (0.6808)  loss_giou_dn_2: 0.6707 (0.6555)  loss_giou_dn_3: 0.6639 (0.6496)  loss_giou_dn_4: 0.6619 (0.6483)  loss_giou_dn_5: 0.6613 (0.6481)  loss_giou_dn_pre: 0.8290 (0.8235)  loss_giou_enc_0: 0.8091 (0.8057)  loss_giou_pre: 0.7121 (0.7085)  loss_vfl: 0.7782 (0.7877)  loss_vfl_aux_0: 0.8702 (0.8696)  loss_vfl_aux_1: 0.8405 (0.8612)  loss_vfl_aux_2: 0.8206 (0.8286)  loss_vfl_aux_3: 0.7930 (0.7984)  loss_vfl_aux_4: 0.7848 (0.7873)  loss_vfl_dn_0: 0.5025 (0.5078)  loss_vfl_dn_1: 0.5146 (0.5184)  loss_vfl_dn_2: 0.4998 (0.5041)  loss_vfl_dn_3: 0.4921 (0.4941)  loss_vfl_dn_4: 0.4844 (0.4892)  loss_vfl_dn_5: 0.4855 (0.4896)  loss_vfl_dn_pre: 0.5028 (0.5078)  loss_vfl_enc_0: 0.8535 (0.8637)  loss_vfl_pre: 0.8729 (0.8698)  time: 1.0855  data: 0.0269  max mem: 17528
Epoch: [3/80]  [500/924]  eta: 0:07:52  lr: 0.000013  loss: 37.3329 (37.7799)  loss_bbox: 0.2477 (0.2541)  loss_bbox_aux_0: 0.2753 (0.2842)  loss_bbox_aux_1: 0.2507 (0.2583)  loss_bbox_aux_2: 0.2476 (0.2546)  loss_bbox_aux_3: 0.2476 (0.2542)  loss_bbox_aux_4: 0.2476 (0.2541)  loss_bbox_dn_0: 0.3773 (0.3949)  loss_bbox_dn_1: 0.2939 (0.3094)  loss_bbox_dn_2: 0.2800 (0.2940)  loss_bbox_dn_3: 0.2778 (0.2904)  loss_bbox_dn_4: 0.2763 (0.2896)  loss_bbox_dn_5: 0.2762 (0.2896)  loss_bbox_dn_pre: 0.3829 (0.3997)  loss_bbox_enc_0: 0.3368 (0.3486)  loss_bbox_pre: 0.2760 (0.2846)  loss_ddf_aux_0: 0.1377 (0.1519)  loss_ddf_aux_1: 0.0163 (0.0170)  loss_ddf_aux_2: 0.0019 (0.0020)  loss_ddf_aux_3: 0.0003 (0.0003)  loss_ddf_aux_4: 0.0001 (0.0001)  loss_ddf_dn_0: 0.3540 (0.3542)  loss_ddf_dn_1: 0.0479 (0.0479)  loss_ddf_dn_2: 0.0074 (0.0078)  loss_ddf_dn_3: 0.0011 (0.0011)  loss_ddf_dn_4: 0.0001 (0.0001)  loss_ddf_dn_5: 0.0000 (0.0000)  loss_fgl: 0.9755 (0.9764)  loss_fgl_aux_0: 1.0362 (1.0349)  loss_fgl_aux_1: 0.9819 (0.9835)  loss_fgl_aux_2: 0.9762 (0.9771)  loss_fgl_aux_3: 0.9757 (0.9766)  loss_fgl_aux_4: 0.9754 (0.9764)  loss_fgl_dn_0: 1.1021 (1.0989)  loss_fgl_dn_1: 1.0252 (1.0240)  loss_fgl_dn_2: 1.0151 (1.0165)  loss_fgl_dn_3: 1.0146 (1.0165)  loss_fgl_dn_4: 1.0152 (1.0169)  loss_fgl_dn_5: 1.0153 (1.0170)  loss_giou: 0.6472 (0.6627)  loss_giou_aux_0: 0.6835 (0.7079)  loss_giou_aux_1: 0.6481 (0.6687)  loss_giou_aux_2: 0.6461 (0.6630)  loss_giou_aux_3: 0.6470 (0.6627)  loss_giou_aux_4: 0.6472 (0.6627)  loss_giou_dn_0: 0.7962 (0.8211)  loss_giou_dn_1: 0.6479 (0.6788)  loss_giou_dn_2: 0.6272 (0.6537)  loss_giou_dn_3: 0.6229 (0.6476)  loss_giou_dn_4: 0.6217 (0.6464)  loss_giou_dn_5: 0.6213 (0.6462)  loss_giou_dn_pre: 0.7957 (0.8214)  loss_giou_enc_0: 0.7811 (0.8040)  loss_giou_pre: 0.6813 (0.7067)  loss_vfl: 0.7698 (0.7867)  loss_vfl_aux_0: 0.8570 (0.8683)  loss_vfl_aux_1: 0.8571 (0.8607)  loss_vfl_aux_2: 0.8179 (0.8281)  loss_vfl_aux_3: 0.7971 (0.7977)  loss_vfl_aux_4: 0.7664 (0.7861)  loss_vfl_dn_0: 0.5088 (0.5079)  loss_vfl_dn_1: 0.5161 (0.5181)  loss_vfl_dn_2: 0.4996 (0.5039)  loss_vfl_dn_3: 0.4904 (0.4939)  loss_vfl_dn_4: 0.4843 (0.4890)  loss_vfl_dn_5: 0.4860 (0.4893)  loss_vfl_dn_pre: 0.5086 (0.5080)  loss_vfl_enc_0: 0.8441 (0.8626)  loss_vfl_pre: 0.8589 (0.8686)  time: 1.2042  data: 0.0304  max mem: 17528
Epoch: [3/80]  [600/924]  eta: 0:06:02  lr: 0.000013  loss: 37.4607 (37.7204)  loss_bbox: 0.2440 (0.2531)  loss_bbox_aux_0: 0.2769 (0.2828)  loss_bbox_aux_1: 0.2502 (0.2572)  loss_bbox_aux_2: 0.2446 (0.2536)  loss_bbox_aux_3: 0.2441 (0.2532)  loss_bbox_aux_4: 0.2440 (0.2531)  loss_bbox_dn_0: 0.3950 (0.3924)  loss_bbox_dn_1: 0.3035 (0.3077)  loss_bbox_dn_2: 0.2868 (0.2925)  loss_bbox_dn_3: 0.2840 (0.2889)  loss_bbox_dn_4: 0.2847 (0.2882)  loss_bbox_dn_5: 0.2849 (0.2881)  loss_bbox_dn_pre: 0.4004 (0.3973)  loss_bbox_enc_0: 0.3372 (0.3465)  loss_bbox_pre: 0.2776 (0.2831)  loss_ddf_aux_0: 0.1334 (0.1496)  loss_ddf_aux_1: 0.0163 (0.0169)  loss_ddf_aux_2: 0.0018 (0.0019)  loss_ddf_aux_3: 0.0003 (0.0003)  loss_ddf_aux_4: 0.0001 (0.0001)  loss_ddf_dn_0: 0.3303 (0.3527)  loss_ddf_dn_1: 0.0454 (0.0478)  loss_ddf_dn_2: 0.0078 (0.0078)  loss_ddf_dn_3: 0.0010 (0.0011)  loss_ddf_dn_4: 0.0001 (0.0001)  loss_ddf_dn_5: 0.0000 (0.0000)  loss_fgl: 0.9716 (0.9760)  loss_fgl_aux_0: 1.0286 (1.0340)  loss_fgl_aux_1: 0.9783 (0.9832)  loss_fgl_aux_2: 0.9722 (0.9768)  loss_fgl_aux_3: 0.9719 (0.9762)  loss_fgl_aux_4: 0.9716 (0.9760)  loss_fgl_dn_0: 1.0958 (1.0991)  loss_fgl_dn_1: 1.0192 (1.0238)  loss_fgl_dn_2: 1.0100 (1.0160)  loss_fgl_dn_3: 1.0108 (1.0160)  loss_fgl_dn_4: 1.0113 (1.0165)  loss_fgl_dn_5: 1.0115 (1.0166)  loss_giou: 0.6674 (0.6633)  loss_giou_aux_0: 0.7152 (0.7080)  loss_giou_aux_1: 0.6731 (0.6692)  loss_giou_aux_2: 0.6684 (0.6635)  loss_giou_aux_3: 0.6678 (0.6632)  loss_giou_aux_4: 0.6675 (0.6632)  loss_giou_dn_0: 0.8210 (0.8191)  loss_giou_dn_1: 0.6782 (0.6775)  loss_giou_dn_2: 0.6540 (0.6526)  loss_giou_dn_3: 0.6478 (0.6466)  loss_giou_dn_4: 0.6468 (0.6453)  loss_giou_dn_5: 0.6467 (0.6452)  loss_giou_dn_pre: 0.8218 (0.8194)  loss_giou_enc_0: 0.8104 (0.8036)  loss_giou_pre: 0.7140 (0.7068)  loss_vfl: 0.7825 (0.7848)  loss_vfl_aux_0: 0.8542 (0.8659)  loss_vfl_aux_1: 0.8374 (0.8585)  loss_vfl_aux_2: 0.8071 (0.8259)  loss_vfl_aux_3: 0.7856 (0.7959)  loss_vfl_aux_4: 0.7811 (0.7844)  loss_vfl_dn_0: 0.5043 (0.5078)  loss_vfl_dn_1: 0.5097 (0.5174)  loss_vfl_dn_2: 0.4971 (0.5030)  loss_vfl_dn_3: 0.4893 (0.4932)  loss_vfl_dn_4: 0.4838 (0.4883)  loss_vfl_dn_5: 0.4865 (0.4886)  loss_vfl_dn_pre: 0.5044 (0.5079)  loss_vfl_enc_0: 0.8444 (0.8602)  loss_vfl_pre: 0.8526 (0.8662)  time: 1.0726  data: 0.0277  max mem: 17528
Epoch: [3/80]  [700/924]  eta: 0:04:11  lr: 0.000013  loss: 37.1488 (37.6773)  loss_bbox: 0.2358 (0.2526)  loss_bbox_aux_0: 0.2633 (0.2822)  loss_bbox_aux_1: 0.2378 (0.2567)  loss_bbox_aux_2: 0.2357 (0.2531)  loss_bbox_aux_3: 0.2358 (0.2527)  loss_bbox_aux_4: 0.2358 (0.2526)  loss_bbox_dn_0: 0.3566 (0.3913)  loss_bbox_dn_1: 0.2846 (0.3068)  loss_bbox_dn_2: 0.2725 (0.2917)  loss_bbox_dn_3: 0.2697 (0.2881)  loss_bbox_dn_4: 0.2691 (0.2874)  loss_bbox_dn_5: 0.2691 (0.2873)  loss_bbox_dn_pre: 0.3626 (0.3960)  loss_bbox_enc_0: 0.3205 (0.3461)  loss_bbox_pre: 0.2630 (0.2826)  loss_ddf_aux_0: 0.1418 (0.1489)  loss_ddf_aux_1: 0.0171 (0.0169)  loss_ddf_aux_2: 0.0018 (0.0019)  loss_ddf_aux_3: 0.0003 (0.0003)  loss_ddf_aux_4: 0.0001 (0.0001)  loss_ddf_dn_0: 0.3308 (0.3524)  loss_ddf_dn_1: 0.0449 (0.0479)  loss_ddf_dn_2: 0.0071 (0.0078)  loss_ddf_dn_3: 0.0009 (0.0011)  loss_ddf_dn_4: 0.0001 (0.0001)  loss_ddf_dn_5: 0.0000 (0.0000)  loss_fgl: 0.9686 (0.9753)  loss_fgl_aux_0: 1.0229 (1.0337)  loss_fgl_aux_1: 0.9749 (0.9824)  loss_fgl_aux_2: 0.9690 (0.9760)  loss_fgl_aux_3: 0.9687 (0.9755)  loss_fgl_aux_4: 0.9686 (0.9753)  loss_fgl_dn_0: 1.1043 (1.0994)  loss_fgl_dn_1: 1.0191 (1.0235)  loss_fgl_dn_2: 1.0102 (1.0156)  loss_fgl_dn_3: 1.0107 (1.0156)  loss_fgl_dn_4: 1.0109 (1.0161)  loss_fgl_dn_5: 1.0110 (1.0162)  loss_giou: 0.6565 (0.6631)  loss_giou_aux_0: 0.6980 (0.7077)  loss_giou_aux_1: 0.6632 (0.6690)  loss_giou_aux_2: 0.6570 (0.6634)  loss_giou_aux_3: 0.6566 (0.6631)  loss_giou_aux_4: 0.6565 (0.6631)  loss_giou_dn_0: 0.7947 (0.8178)  loss_giou_dn_1: 0.6603 (0.6764)  loss_giou_dn_2: 0.6391 (0.6516)  loss_giou_dn_3: 0.6342 (0.6456)  loss_giou_dn_4: 0.6332 (0.6443)  loss_giou_dn_5: 0.6331 (0.6442)  loss_giou_dn_pre: 0.7939 (0.8180)  loss_giou_enc_0: 0.7972 (0.8033)  loss_giou_pre: 0.6966 (0.7064)  loss_vfl: 0.7647 (0.7827)  loss_vfl_aux_0: 0.8507 (0.8649)  loss_vfl_aux_1: 0.8359 (0.8571)  loss_vfl_aux_2: 0.7959 (0.8240)  loss_vfl_aux_3: 0.7848 (0.7938)  loss_vfl_aux_4: 0.7708 (0.7823)  loss_vfl_dn_0: 0.5105 (0.5077)  loss_vfl_dn_1: 0.5138 (0.5168)  loss_vfl_dn_2: 0.5000 (0.5024)  loss_vfl_dn_3: 0.4909 (0.4925)  loss_vfl_dn_4: 0.4865 (0.4876)  loss_vfl_dn_5: 0.4854 (0.4878)  loss_vfl_dn_pre: 0.5109 (0.5077)  loss_vfl_enc_0: 0.8307 (0.8583)  loss_vfl_pre: 0.8526 (0.8653)  time: 1.0919  data: 0.0273  max mem: 17528
Epoch: [3/80]  [800/924]  eta: 0:02:18  lr: 0.000013  loss: 37.3521 (37.6366)  loss_bbox: 0.2433 (0.2519)  loss_bbox_aux_0: 0.2703 (0.2813)  loss_bbox_aux_1: 0.2474 (0.2559)  loss_bbox_aux_2: 0.2433 (0.2523)  loss_bbox_aux_3: 0.2432 (0.2519)  loss_bbox_aux_4: 0.2432 (0.2519)  loss_bbox_dn_0: 0.3808 (0.3900)  loss_bbox_dn_1: 0.2985 (0.3058)  loss_bbox_dn_2: 0.2832 (0.2908)  loss_bbox_dn_3: 0.2801 (0.2872)  loss_bbox_dn_4: 0.2799 (0.2865)  loss_bbox_dn_5: 0.2797 (0.2864)  loss_bbox_dn_pre: 0.3861 (0.3948)  loss_bbox_enc_0: 0.3321 (0.3445)  loss_bbox_pre: 0.2715 (0.2816)  loss_ddf_aux_0: 0.1344 (0.1473)  loss_ddf_aux_1: 0.0165 (0.0168)  loss_ddf_aux_2: 0.0016 (0.0019)  loss_ddf_aux_3: 0.0003 (0.0003)  loss_ddf_aux_4: 0.0001 (0.0001)  loss_ddf_dn_0: 0.3338 (0.3504)  loss_ddf_dn_1: 0.0475 (0.0478)  loss_ddf_dn_2: 0.0076 (0.0077)  loss_ddf_dn_3: 0.0010 (0.0011)  loss_ddf_dn_4: 0.0001 (0.0001)  loss_ddf_dn_5: 0.0000 (0.0000)  loss_fgl: 0.9777 (0.9755)  loss_fgl_aux_0: 1.0329 (1.0335)  loss_fgl_aux_1: 0.9857 (0.9826)  loss_fgl_aux_2: 0.9780 (0.9762)  loss_fgl_aux_3: 0.9777 (0.9756)  loss_fgl_aux_4: 0.9776 (0.9755)  loss_fgl_dn_0: 1.1039 (1.0996)  loss_fgl_dn_1: 1.0247 (1.0234)  loss_fgl_dn_2: 1.0160 (1.0154)  loss_fgl_dn_3: 1.0162 (1.0155)  loss_fgl_dn_4: 1.0165 (1.0159)  loss_fgl_dn_5: 1.0167 (1.0160)  loss_giou: 0.6338 (0.6631)  loss_giou_aux_0: 0.6753 (0.7074)  loss_giou_aux_1: 0.6398 (0.6690)  loss_giou_aux_2: 0.6339 (0.6634)  loss_giou_aux_3: 0.6338 (0.6631)  loss_giou_aux_4: 0.6339 (0.6631)  loss_giou_dn_0: 0.7924 (0.8161)  loss_giou_dn_1: 0.6485 (0.6750)  loss_giou_dn_2: 0.6277 (0.6504)  loss_giou_dn_3: 0.6211 (0.6445)  loss_giou_dn_4: 0.6189 (0.6432)  loss_giou_dn_5: 0.6184 (0.6431)  loss_giou_dn_pre: 0.7871 (0.8163)  loss_giou_enc_0: 0.7684 (0.8023)  loss_giou_pre: 0.6735 (0.7061)  loss_vfl: 0.8033 (0.7816)  loss_vfl_aux_0: 0.8708 (0.8637)  loss_vfl_aux_1: 0.8623 (0.8554)  loss_vfl_aux_2: 0.8481 (0.8229)  loss_vfl_aux_3: 0.8119 (0.7928)  loss_vfl_aux_4: 0.8118 (0.7814)  loss_vfl_dn_0: 0.5090 (0.5078)  loss_vfl_dn_1: 0.5141 (0.5163)  loss_vfl_dn_2: 0.5011 (0.5019)  loss_vfl_dn_3: 0.4910 (0.4919)  loss_vfl_dn_4: 0.4854 (0.4871)  loss_vfl_dn_5: 0.4829 (0.4873)  loss_vfl_dn_pre: 0.5097 (0.5078)  loss_vfl_enc_0: 0.8765 (0.8573)  loss_vfl_pre: 0.8724 (0.8642)  time: 1.0750  data: 0.0281  max mem: 17528
Epoch: [3/80]  [900/924]  eta: 0:00:26  lr: 0.000013  loss: 37.1806 (37.5825)  loss_bbox: 0.2463 (0.2509)  loss_bbox_aux_0: 0.2714 (0.2800)  loss_bbox_aux_1: 0.2474 (0.2549)  loss_bbox_aux_2: 0.2459 (0.2514)  loss_bbox_aux_3: 0.2462 (0.2510)  loss_bbox_aux_4: 0.2463 (0.2509)  loss_bbox_dn_0: 0.3710 (0.3881)  loss_bbox_dn_1: 0.2962 (0.3041)  loss_bbox_dn_2: 0.2817 (0.2891)  loss_bbox_dn_3: 0.2774 (0.2856)  loss_bbox_dn_4: 0.2767 (0.2848)  loss_bbox_dn_5: 0.2768 (0.2848)  loss_bbox_dn_pre: 0.3751 (0.3928)  loss_bbox_enc_0: 0.3274 (0.3427)  loss_bbox_pre: 0.2725 (0.2804)  loss_ddf_aux_0: 0.1263 (0.1452)  loss_ddf_aux_1: 0.0161 (0.0168)  loss_ddf_aux_2: 0.0018 (0.0019)  loss_ddf_aux_3: 0.0003 (0.0003)  loss_ddf_aux_4: 0.0001 (0.0001)  loss_ddf_dn_0: 0.3273 (0.3487)  loss_ddf_dn_1: 0.0461 (0.0476)  loss_ddf_dn_2: 0.0076 (0.0077)  loss_ddf_dn_3: 0.0011 (0.0011)  loss_ddf_dn_4: 0.0001 (0.0001)  loss_ddf_dn_5: 0.0000 (0.0000)  loss_fgl: 0.9668 (0.9754)  loss_fgl_aux_0: 1.0240 (1.0331)  loss_fgl_aux_1: 0.9728 (0.9825)  loss_fgl_aux_2: 0.9676 (0.9761)  loss_fgl_aux_3: 0.9671 (0.9755)  loss_fgl_aux_4: 0.9668 (0.9754)  loss_fgl_dn_0: 1.0928 (1.0997)  loss_fgl_dn_1: 1.0134 (1.0231)  loss_fgl_dn_2: 1.0050 (1.0149)  loss_fgl_dn_3: 1.0048 (1.0150)  loss_fgl_dn_4: 1.0051 (1.0154)  loss_fgl_dn_5: 1.0053 (1.0156)  loss_giou: 0.6655 (0.6635)  loss_giou_aux_0: 0.7083 (0.7075)  loss_giou_aux_1: 0.6704 (0.6693)  loss_giou_aux_2: 0.6657 (0.6638)  loss_giou_aux_3: 0.6655 (0.6635)  loss_giou_aux_4: 0.6655 (0.6635)  loss_giou_dn_0: 0.8070 (0.8146)  loss_giou_dn_1: 0.6754 (0.6737)  loss_giou_dn_2: 0.6560 (0.6493)  loss_giou_dn_3: 0.6523 (0.6434)  loss_giou_dn_4: 0.6513 (0.6422)  loss_giou_dn_5: 0.6511 (0.6420)  loss_giou_dn_pre: 0.8074 (0.8147)  loss_giou_enc_0: 0.7991 (0.8018)  loss_giou_pre: 0.7087 (0.7062)  loss_vfl: 0.7486 (0.7801)  loss_vfl_aux_0: 0.8288 (0.8615)  loss_vfl_aux_1: 0.8123 (0.8535)  loss_vfl_aux_2: 0.7979 (0.8212)  loss_vfl_aux_3: 0.7568 (0.7914)  loss_vfl_aux_4: 0.7491 (0.7799)  loss_vfl_dn_0: 0.5040 (0.5075)  loss_vfl_dn_1: 0.5053 (0.5156)  loss_vfl_dn_2: 0.4929 (0.5011)  loss_vfl_dn_3: 0.4842 (0.4912)  loss_vfl_dn_4: 0.4775 (0.4864)  loss_vfl_dn_5: 0.4787 (0.4865)  loss_vfl_dn_pre: 0.5045 (0.5076)  loss_vfl_enc_0: 0.8284 (0.8550)  loss_vfl_pre: 0.8312 (0.8621)  time: 1.1094  data: 0.0299  max mem: 17528
Epoch: [3/80]  [923/924]  eta: 0:00:01  lr: 0.000013  loss: 37.4400 (37.5785)  loss_bbox: 0.2442 (0.2508)  loss_bbox_aux_0: 0.2668 (0.2799)  loss_bbox_aux_1: 0.2463 (0.2548)  loss_bbox_aux_2: 0.2443 (0.2513)  loss_bbox_aux_3: 0.2440 (0.2509)  loss_bbox_aux_4: 0.2441 (0.2508)  loss_bbox_dn_0: 0.3756 (0.3878)  loss_bbox_dn_1: 0.2918 (0.3038)  loss_bbox_dn_2: 0.2786 (0.2888)  loss_bbox_dn_3: 0.2761 (0.2853)  loss_bbox_dn_4: 0.2758 (0.2846)  loss_bbox_dn_5: 0.2759 (0.2845)  loss_bbox_dn_pre: 0.3748 (0.3925)  loss_bbox_enc_0: 0.3295 (0.3425)  loss_bbox_pre: 0.2676 (0.2803)  loss_ddf_aux_0: 0.1441 (0.1451)  loss_ddf_aux_1: 0.0177 (0.0168)  loss_ddf_aux_2: 0.0018 (0.0019)  loss_ddf_aux_3: 0.0003 (0.0003)  loss_ddf_aux_4: 0.0001 (0.0001)  loss_ddf_dn_0: 0.3632 (0.3490)  loss_ddf_dn_1: 0.0503 (0.0477)  loss_ddf_dn_2: 0.0072 (0.0077)  loss_ddf_dn_3: 0.0010 (0.0011)  loss_ddf_dn_4: 0.0001 (0.0001)  loss_ddf_dn_5: 0.0000 (0.0000)  loss_fgl: 0.9759 (0.9753)  loss_fgl_aux_0: 1.0261 (1.0330)  loss_fgl_aux_1: 0.9821 (0.9824)  loss_fgl_aux_2: 0.9758 (0.9760)  loss_fgl_aux_3: 0.9758 (0.9754)  loss_fgl_aux_4: 0.9758 (0.9753)  loss_fgl_dn_0: 1.0905 (1.0997)  loss_fgl_dn_1: 1.0182 (1.0230)  loss_fgl_dn_2: 1.0096 (1.0148)  loss_fgl_dn_3: 1.0096 (1.0149)  loss_fgl_dn_4: 1.0101 (1.0153)  loss_fgl_dn_5: 1.0101 (1.0155)  loss_giou: 0.6751 (0.6638)  loss_giou_aux_0: 0.7167 (0.7078)  loss_giou_aux_1: 0.6800 (0.6697)  loss_giou_aux_2: 0.6762 (0.6642)  loss_giou_aux_3: 0.6753 (0.6638)  loss_giou_aux_4: 0.6751 (0.6638)  loss_giou_dn_0: 0.8337 (0.8148)  loss_giou_dn_1: 0.6774 (0.6737)  loss_giou_dn_2: 0.6495 (0.6494)  loss_giou_dn_3: 0.6462 (0.6435)  loss_giou_dn_4: 0.6444 (0.6423)  loss_giou_dn_5: 0.6441 (0.6421)  loss_giou_dn_pre: 0.8375 (0.8149)  loss_giou_enc_0: 0.8000 (0.8020)  loss_giou_pre: 0.7148 (0.7065)  loss_vfl: 0.7662 (0.7799)  loss_vfl_aux_0: 0.8410 (0.8611)  loss_vfl_aux_1: 0.8400 (0.8530)  loss_vfl_aux_2: 0.8080 (0.8210)  loss_vfl_aux_3: 0.7836 (0.7912)  loss_vfl_aux_4: 0.7674 (0.7796)  loss_vfl_dn_0: 0.5014 (0.5074)  loss_vfl_dn_1: 0.5140 (0.5155)  loss_vfl_dn_2: 0.4954 (0.5010)  loss_vfl_dn_3: 0.4898 (0.4911)  loss_vfl_dn_4: 0.4833 (0.4863)  loss_vfl_dn_5: 0.4821 (0.4864)  loss_vfl_dn_pre: 0.5017 (0.5075)  loss_vfl_enc_0: 0.8349 (0.8545)  loss_vfl_pre: 0.8442 (0.8616)  time: 1.0598  data: 0.0290  max mem: 17528
Epoch: [3/80] Total time: 0:17:09 (1.1145 s / it)
Averaged stats: lr: 0.000013  loss: 37.4400 (37.5785)  loss_bbox: 0.2442 (0.2508)  loss_bbox_aux_0: 0.2668 (0.2799)  loss_bbox_aux_1: 0.2463 (0.2548)  loss_bbox_aux_2: 0.2443 (0.2513)  loss_bbox_aux_3: 0.2440 (0.2509)  loss_bbox_aux_4: 0.2441 (0.2508)  loss_bbox_dn_0: 0.3756 (0.3878)  loss_bbox_dn_1: 0.2918 (0.3038)  loss_bbox_dn_2: 0.2786 (0.2888)  loss_bbox_dn_3: 0.2761 (0.2853)  loss_bbox_dn_4: 0.2758 (0.2846)  loss_bbox_dn_5: 0.2759 (0.2845)  loss_bbox_dn_pre: 0.3748 (0.3925)  loss_bbox_enc_0: 0.3295 (0.3425)  loss_bbox_pre: 0.2676 (0.2803)  loss_ddf_aux_0: 0.1441 (0.1451)  loss_ddf_aux_1: 0.0177 (0.0168)  loss_ddf_aux_2: 0.0018 (0.0019)  loss_ddf_aux_3: 0.0003 (0.0003)  loss_ddf_aux_4: 0.0001 (0.0001)  loss_ddf_dn_0: 0.3632 (0.3490)  loss_ddf_dn_1: 0.0503 (0.0477)  loss_ddf_dn_2: 0.0072 (0.0077)  loss_ddf_dn_3: 0.0010 (0.0011)  loss_ddf_dn_4: 0.0001 (0.0001)  loss_ddf_dn_5: 0.0000 (0.0000)  loss_fgl: 0.9759 (0.9753)  loss_fgl_aux_0: 1.0261 (1.0330)  loss_fgl_aux_1: 0.9821 (0.9824)  loss_fgl_aux_2: 0.9758 (0.9760)  loss_fgl_aux_3: 0.9758 (0.9754)  loss_fgl_aux_4: 0.9758 (0.9753)  loss_fgl_dn_0: 1.0905 (1.0997)  loss_fgl_dn_1: 1.0182 (1.0230)  loss_fgl_dn_2: 1.0096 (1.0148)  loss_fgl_dn_3: 1.0096 (1.0149)  loss_fgl_dn_4: 1.0101 (1.0153)  loss_fgl_dn_5: 1.0101 (1.0155)  loss_giou: 0.6751 (0.6638)  loss_giou_aux_0: 0.7167 (0.7078)  loss_giou_aux_1: 0.6800 (0.6697)  loss_giou_aux_2: 0.6762 (0.6642)  loss_giou_aux_3: 0.6753 (0.6638)  loss_giou_aux_4: 0.6751 (0.6638)  loss_giou_dn_0: 0.8337 (0.8148)  loss_giou_dn_1: 0.6774 (0.6737)  loss_giou_dn_2: 0.6495 (0.6494)  loss_giou_dn_3: 0.6462 (0.6435)  loss_giou_dn_4: 0.6444 (0.6423)  loss_giou_dn_5: 0.6441 (0.6421)  loss_giou_dn_pre: 0.8375 (0.8149)  loss_giou_enc_0: 0.8000 (0.8020)  loss_giou_pre: 0.7148 (0.7065)  loss_vfl: 0.7662 (0.7799)  loss_vfl_aux_0: 0.8410 (0.8611)  loss_vfl_aux_1: 0.8400 (0.8530)  loss_vfl_aux_2: 0.8080 (0.8210)  loss_vfl_aux_3: 0.7836 (0.7912)  loss_vfl_aux_4: 0.7674 (0.7796)  loss_vfl_dn_0: 0.5014 (0.5074)  loss_vfl_dn_1: 0.5140 (0.5155)  loss_vfl_dn_2: 0.4954 (0.5010)  loss_vfl_dn_3: 0.4898 (0.4911)  loss_vfl_dn_4: 0.4833 (0.4863)  loss_vfl_dn_5: 0.4821 (0.4864)  loss_vfl_dn_pre: 0.5017 (0.5075)  loss_vfl_enc_0: 0.8349 (0.8545)  loss_vfl_pre: 0.8442 (0.8616)
Test:  [ 0/79]  eta: 0:01:32    time: 1.1728  data: 0.9524  max mem: 17528
Test:  [10/79]  eta: 0:00:21    time: 0.3070  data: 0.1020  max mem: 17528
Test:  [20/79]  eta: 0:00:15    time: 0.2140  data: 0.0149  max mem: 17528
Test:  [30/79]  eta: 0:00:11    time: 0.2066  data: 0.0125  max mem: 17528
Test:  [40/79]  eta: 0:00:09    time: 0.2068  data: 0.0132  max mem: 17528
Test:  [50/79]  eta: 0:00:06    time: 0.2018  data: 0.0131  max mem: 17528
Test:  [60/79]  eta: 0:00:04    time: 0.1947  data: 0.0119  max mem: 17528
Test:  [70/79]  eta: 0:00:01    time: 0.1968  data: 0.0126  max mem: 17528
Test:  [78/79]  eta: 0:00:00    time: 0.1892  data: 0.0124  max mem: 17528
Test: Total time: 0:00:17 (0.2162 s / it)
Metrics: {'f1': 0.6103849382419955, 'precision': 0.6921403317922219, 'recall': 0.545903045903046, 'iou': 0.3766056363710997, 'TPs': 2545, 'FPs': 1132, 'FNs': 2117}
Averaged stats: 
Accumulating evaluation results...
COCOeval_opt.accumulate() finished...
DONE (t=2.15s).
IoU metric: bbox
 Average Precision  (AP) @[ IoU=0.50:0.95 | area=   all | maxDets=100 ] = 0.428
 Average Precision  (AP) @[ IoU=0.50      | area=   all | maxDets=100 ] = 0.591
 Average Precision  (AP) @[ IoU=0.75      | area=   all | maxDets=100 ] = 0.464
 Average Precision  (AP) @[ IoU=0.50:0.95 | area= small | maxDets=100 ] = 0.240
 Average Precision  (AP) @[ IoU=0.50:0.95 | area=medium | maxDets=100 ] = 0.472
 Average Precision  (AP) @[ IoU=0.50:0.95 | area= large | maxDets=100 ] = 0.604
 Average Recall     (AR) @[ IoU=0.50:0.95 | area=   all | maxDets=  1 ] = 0.350
 Average Recall     (AR) @[ IoU=0.50:0.95 | area=   all | maxDets= 10 ] = 0.580
 Average Recall     (AR) @[ IoU=0.50:0.95 | area=   all | maxDets=100 ] = 0.654
 Average Recall     (AR) @[ IoU=0.50:0.95 | area= small | maxDets=100 ] = 0.440
 Average Recall     (AR) @[ IoU=0.50:0.95 | area=medium | maxDets=100 ] = 0.708
 Average Recall     (AR) @[ IoU=0.50:0.95 | area= large | maxDets=100 ] = 0.851
 Average Recall     (AR) @[ IoU=0.50      | area=   all | maxDets=100 ] = 0.853
 Average Recall     (AR) @[ IoU=0.75      | area=   all | maxDets=100 ] = 0.705
best_stat: {'epoch': 3, 'coco_eval_bbox': 0.42793954141920715}
Epoch: [4/80]  [  0/924]  eta: 0:57:18  lr: 0.000013  loss: 36.9438 (36.9438)  loss_bbox: 0.2533 (0.2533)  loss_bbox_aux_0: 0.2923 (0.2923)  loss_bbox_aux_1: 0.2602 (0.2602)  loss_bbox_aux_2: 0.2550 (0.2550)  loss_bbox_aux_3: 0.2535 (0.2535)  loss_bbox_aux_4: 0.2533 (0.2533)  loss_bbox_dn_0: 0.4578 (0.4578)  loss_bbox_dn_1: 0.3282 (0.3282)  loss_bbox_dn_2: 0.3072 (0.3072)  loss_bbox_dn_3: 0.3026 (0.3026)  loss_bbox_dn_4: 0.3009 (0.3009)  loss_bbox_dn_5: 0.3006 (0.3006)  loss_bbox_dn_pre: 0.4674 (0.4674)  loss_bbox_enc_0: 0.3665 (0.3665)  loss_bbox_pre: 0.2931 (0.2931)  loss_ddf_aux_0: 0.1546 (0.1546)  loss_ddf_aux_1: 0.0181 (0.0181)  loss_ddf_aux_2: 0.0021 (0.0021)  loss_ddf_aux_3: 0.0003 (0.0003)  loss_ddf_aux_4: 0.0001 (0.0001)  loss_ddf_dn_0: 0.3480 (0.3480)  loss_ddf_dn_1: 0.0440 (0.0440)  loss_ddf_dn_2: 0.0064 (0.0064)  loss_ddf_dn_3: 0.0009 (0.0009)  loss_ddf_dn_4: 0.0001 (0.0001)  loss_ddf_dn_5: 0.0000 (0.0000)  loss_fgl: 0.9623 (0.9623)  loss_fgl_aux_0: 1.0411 (1.0411)  loss_fgl_aux_1: 0.9702 (0.9702)  loss_fgl_aux_2: 0.9631 (0.9631)  loss_fgl_aux_3: 0.9621 (0.9621)  loss_fgl_aux_4: 0.9622 (0.9622)  loss_fgl_dn_0: 1.1396 (1.1396)  loss_fgl_dn_1: 1.0205 (1.0205)  loss_fgl_dn_2: 1.0052 (1.0052)  loss_fgl_dn_3: 1.0057 (1.0057)  loss_fgl_dn_4: 1.0064 (1.0064)  loss_fgl_dn_5: 1.0065 (1.0065)  loss_giou: 0.5993 (0.5993)  loss_giou_aux_0: 0.6530 (0.6530)  loss_giou_aux_1: 0.6073 (0.6073)  loss_giou_aux_2: 0.6011 (0.6011)  loss_giou_aux_3: 0.5995 (0.5995)  loss_giou_aux_4: 0.5994 (0.5994)  loss_giou_dn_0: 0.7444 (0.7444)  loss_giou_dn_1: 0.5826 (0.5826)  loss_giou_dn_2: 0.5590 (0.5590)  loss_giou_dn_3: 0.5522 (0.5522)  loss_giou_dn_4: 0.5500 (0.5500)  loss_giou_dn_5: 0.5497 (0.5497)  loss_giou_dn_pre: 0.7454 (0.7454)  loss_giou_enc_0: 0.7493 (0.7493)  loss_giou_pre: 0.6502 (0.6502)  loss_vfl: 0.7861 (0.7861)  loss_vfl_aux_0: 0.9191 (0.9191)  loss_vfl_aux_1: 0.8858 (0.8858)  loss_vfl_aux_2: 0.8464 (0.8464)  loss_vfl_aux_3: 0.8063 (0.8063)  loss_vfl_aux_4: 0.7846 (0.7846)  loss_vfl_dn_0: 0.5256 (0.5256)  loss_vfl_dn_1: 0.5049 (0.5049)  loss_vfl_dn_2: 0.4781 (0.4781)  loss_vfl_dn_3: 0.4695 (0.4695)  loss_vfl_dn_4: 0.4620 (0.4620)  loss_vfl_dn_5: 0.4614 (0.4614)  loss_vfl_dn_pre: 0.5255 (0.5255)  loss_vfl_enc_0: 0.9122 (0.9122)  loss_vfl_pre: 0.9226 (0.9226)  time: 3.7216  data: 2.6795  max mem: 17528
Epoch: [4/80]  [100/924]  eta: 0:15:39  lr: 0.000013  loss: 37.0336 (37.1417)  loss_bbox: 0.2491 (0.2475)  loss_bbox_aux_0: 0.2855 (0.2779)  loss_bbox_aux_1: 0.2539 (0.2517)  loss_bbox_aux_2: 0.2500 (0.2480)  loss_bbox_aux_3: 0.2494 (0.2476)  loss_bbox_aux_4: 0.2492 (0.2475)  loss_bbox_dn_0: 0.3902 (0.3797)  loss_bbox_dn_1: 0.3060 (0.2958)  loss_bbox_dn_2: 0.2932 (0.2814)  loss_bbox_dn_3: 0.2892 (0.2779)  loss_bbox_dn_4: 0.2885 (0.2772)  loss_bbox_dn_5: 0.2886 (0.2771)  loss_bbox_dn_pre: 0.3943 (0.3842)  loss_bbox_enc_0: 0.3494 (0.3412)  loss_bbox_pre: 0.2857 (0.2781)  loss_ddf_aux_0: 0.1468 (0.1405)  loss_ddf_aux_1: 0.0169 (0.0179)  loss_ddf_aux_2: 0.0019 (0.0020)  loss_ddf_aux_3: 0.0003 (0.0003)  loss_ddf_aux_4: 0.0001 (0.0001)  loss_ddf_dn_0: 0.3621 (0.3445)  loss_ddf_dn_1: 0.0472 (0.0480)  loss_ddf_dn_2: 0.0073 (0.0076)  loss_ddf_dn_3: 0.0012 (0.0011)  loss_ddf_dn_4: 0.0001 (0.0001)  loss_ddf_dn_5: 0.0000 (0.0000)  loss_fgl: 0.9754 (0.9709)  loss_fgl_aux_0: 1.0476 (1.0310)  loss_fgl_aux_1: 0.9813 (0.9782)  loss_fgl_aux_2: 0.9756 (0.9713)  loss_fgl_aux_3: 0.9755 (0.9709)  loss_fgl_aux_4: 0.9755 (0.9709)  loss_fgl_dn_0: 1.1114 (1.1025)  loss_fgl_dn_1: 1.0269 (1.0207)  loss_fgl_dn_2: 1.0156 (1.0116)  loss_fgl_dn_3: 1.0155 (1.0117)  loss_fgl_dn_4: 1.0161 (1.0123)  loss_fgl_dn_5: 1.0163 (1.0125)  loss_giou: 0.6307 (0.6533)  loss_giou_aux_0: 0.6721 (0.6968)  loss_giou_aux_1: 0.6334 (0.6595)  loss_giou_aux_2: 0.6308 (0.6538)  loss_giou_aux_3: 0.6308 (0.6533)  loss_giou_aux_4: 0.6305 (0.6533)  loss_giou_dn_0: 0.7809 (0.7990)  loss_giou_dn_1: 0.6415 (0.6598)  loss_giou_dn_2: 0.6215 (0.6361)  loss_giou_dn_3: 0.6172 (0.6308)  loss_giou_dn_4: 0.6169 (0.6295)  loss_giou_dn_5: 0.6170 (0.6293)  loss_giou_dn_pre: 0.7806 (0.7985)  loss_giou_enc_0: 0.7689 (0.7898)  loss_giou_pre: 0.6710 (0.6952)  loss_vfl: 0.7641 (0.7641)  loss_vfl_aux_0: 0.8646 (0.8547)  loss_vfl_aux_1: 0.8394 (0.8426)  loss_vfl_aux_2: 0.8115 (0.8080)  loss_vfl_aux_3: 0.7849 (0.7741)  loss_vfl_aux_4: 0.7569 (0.7647)  loss_vfl_dn_0: 0.5122 (0.5063)  loss_vfl_dn_1: 0.5162 (0.5097)  loss_vfl_dn_2: 0.4993 (0.4951)  loss_vfl_dn_3: 0.4869 (0.4845)  loss_vfl_dn_4: 0.4834 (0.4796)  loss_vfl_dn_5: 0.4825 (0.4796)  loss_vfl_dn_pre: 0.5125 (0.5067)  loss_vfl_enc_0: 0.8463 (0.8386)  loss_vfl_pre: 0.8672 (0.8561)  time: 1.0910  data: 0.0253  max mem: 17528
Epoch: [4/80]  [200/924]  eta: 0:13:24  lr: 0.000013  loss: 37.2886 (37.1392)  loss_bbox: 0.2437 (0.2471)  loss_bbox_aux_0: 0.2727 (0.2767)  loss_bbox_aux_1: 0.2493 (0.2513)  loss_bbox_aux_2: 0.2454 (0.2477)  loss_bbox_aux_3: 0.2440 (0.2472)  loss_bbox_aux_4: 0.2437 (0.2471)  loss_bbox_dn_0: 0.3813 (0.3799)  loss_bbox_dn_1: 0.2977 (0.2960)  loss_bbox_dn_2: 0.2834 (0.2816)  loss_bbox_dn_3: 0.2818 (0.2782)  loss_bbox_dn_4: 0.2807 (0.2775)  loss_bbox_dn_5: 0.2805 (0.2774)  loss_bbox_dn_pre: 0.3872 (0.3845)  loss_bbox_enc_0: 0.3341 (0.3380)  loss_bbox_pre: 0.2743 (0.2769)  loss_ddf_aux_0: 0.1348 (0.1388)  loss_ddf_aux_1: 0.0165 (0.0175)  loss_ddf_aux_2: 0.0019 (0.0020)  loss_ddf_aux_3: 0.0003 (0.0003)  loss_ddf_aux_4: 0.0001 (0.0001)  loss_ddf_dn_0: 0.3300 (0.3390)  loss_ddf_dn_1: 0.0454 (0.0473)  loss_ddf_dn_2: 0.0072 (0.0076)  loss_ddf_dn_3: 0.0010 (0.0011)  loss_ddf_dn_4: 0.0001 (0.0001)  loss_ddf_dn_5: 0.0000 (0.0000)  loss_fgl: 0.9706 (0.9713)  loss_fgl_aux_0: 1.0296 (1.0303)  loss_fgl_aux_1: 0.9769 (0.9784)  loss_fgl_aux_2: 0.9713 (0.9718)  loss_fgl_aux_3: 0.9710 (0.9714)  loss_fgl_aux_4: 0.9708 (0.9713)  loss_fgl_dn_0: 1.1024 (1.1026)  loss_fgl_dn_1: 1.0189 (1.0205)  loss_fgl_dn_2: 1.0093 (1.0112)  loss_fgl_dn_3: 1.0096 (1.0114)  loss_fgl_dn_4: 1.0100 (1.0120)  loss_fgl_dn_5: 1.0102 (1.0121)  loss_giou: 0.6690 (0.6564)  loss_giou_aux_0: 0.7060 (0.6989)  loss_giou_aux_1: 0.6724 (0.6624)  loss_giou_aux_2: 0.6690 (0.6569)  loss_giou_aux_3: 0.6689 (0.6564)  loss_giou_aux_4: 0.6690 (0.6564)  loss_giou_dn_0: 0.8105 (0.7981)  loss_giou_dn_1: 0.6644 (0.6584)  loss_giou_dn_2: 0.6378 (0.6350)  loss_giou_dn_3: 0.6326 (0.6296)  loss_giou_dn_4: 0.6315 (0.6284)  loss_giou_dn_5: 0.6313 (0.6282)  loss_giou_dn_pre: 0.8084 (0.7975)  loss_giou_enc_0: 0.8004 (0.7892)  loss_giou_pre: 0.7041 (0.6972)  loss_vfl: 0.7668 (0.7653)  loss_vfl_aux_0: 0.8344 (0.8525)  loss_vfl_aux_1: 0.8315 (0.8434)  loss_vfl_aux_2: 0.8008 (0.8088)  loss_vfl_aux_3: 0.7700 (0.7757)  loss_vfl_aux_4: 0.7589 (0.7653)  loss_vfl_dn_0: 0.5063 (0.5062)  loss_vfl_dn_1: 0.5098 (0.5096)  loss_vfl_dn_2: 0.4933 (0.4947)  loss_vfl_dn_3: 0.4840 (0.4842)  loss_vfl_dn_4: 0.4756 (0.4793)  loss_vfl_dn_5: 0.4765 (0.4793)  loss_vfl_dn_pre: 0.5062 (0.5066)  loss_vfl_enc_0: 0.8450 (0.8403)  loss_vfl_pre: 0.8342 (0.8539)  time: 1.0707  data: 0.0271  max mem: 17528
Epoch: [4/80]  [300/924]  eta: 0:11:28  lr: 0.000013  loss: 36.8281 (37.0680)  loss_bbox: 0.2295 (0.2446)  loss_bbox_aux_0: 0.2567 (0.2734)  loss_bbox_aux_1: 0.2341 (0.2487)  loss_bbox_aux_2: 0.2309 (0.2452)  loss_bbox_aux_3: 0.2299 (0.2447)  loss_bbox_aux_4: 0.2296 (0.2446)  loss_bbox_dn_0: 0.3554 (0.3766)  loss_bbox_dn_1: 0.2758 (0.2935)  loss_bbox_dn_2: 0.2661 (0.2792)  loss_bbox_dn_3: 0.2630 (0.2757)  loss_bbox_dn_4: 0.2626 (0.2750)  loss_bbox_dn_5: 0.2627 (0.2749)  loss_bbox_dn_pre: 0.3590 (0.3812)  loss_bbox_enc_0: 0.3162 (0.3346)  loss_bbox_pre: 0.2572 (0.2737)  loss_ddf_aux_0: 0.1286 (0.1367)  loss_ddf_aux_1: 0.0165 (0.0174)  loss_ddf_aux_2: 0.0018 (0.0020)  loss_ddf_aux_3: 0.0003 (0.0003)  loss_ddf_aux_4: 0.0001 (0.0001)  loss_ddf_dn_0: 0.3171 (0.3370)  loss_ddf_dn_1: 0.0449 (0.0473)  loss_ddf_dn_2: 0.0068 (0.0076)  loss_ddf_dn_3: 0.0009 (0.0011)  loss_ddf_dn_4: 0.0001 (0.0001)  loss_ddf_dn_5: 0.0000 (0.0000)  loss_fgl: 0.9715 (0.9722)  loss_fgl_aux_0: 1.0196 (1.0302)  loss_fgl_aux_1: 0.9775 (0.9792)  loss_fgl_aux_2: 0.9722 (0.9727)  loss_fgl_aux_3: 0.9716 (0.9723)  loss_fgl_aux_4: 0.9716 (0.9722)  loss_fgl_dn_0: 1.1009 (1.1027)  loss_fgl_dn_1: 1.0228 (1.0205)  loss_fgl_dn_2: 1.0124 (1.0111)  loss_fgl_dn_3: 1.0125 (1.0113)  loss_fgl_dn_4: 1.0131 (1.0119)  loss_fgl_dn_5: 1.0132 (1.0121)  loss_giou: 0.6551 (0.6560)  loss_giou_aux_0: 0.6903 (0.6982)  loss_giou_aux_1: 0.6582 (0.6620)  loss_giou_aux_2: 0.6549 (0.6565)  loss_giou_aux_3: 0.6551 (0.6560)  loss_giou_aux_4: 0.6550 (0.6560)  loss_giou_dn_0: 0.7814 (0.7943)  loss_giou_dn_1: 0.6461 (0.6558)  loss_giou_dn_2: 0.6231 (0.6327)  loss_giou_dn_3: 0.6198 (0.6273)  loss_giou_dn_4: 0.6182 (0.6260)  loss_giou_dn_5: 0.6179 (0.6259)  loss_giou_dn_pre: 0.7795 (0.7937)  loss_giou_enc_0: 0.7802 (0.7887)  loss_giou_pre: 0.6877 (0.6966)  loss_vfl: 0.7644 (0.7646)  loss_vfl_aux_0: 0.8415 (0.8514)  loss_vfl_aux_1: 0.8335 (0.8418)  loss_vfl_aux_2: 0.7998 (0.8086)  loss_vfl_aux_3: 0.7720 (0.7759)  loss_vfl_aux_4: 0.7690 (0.7651)  loss_vfl_dn_0: 0.5085 (0.5068)  loss_vfl_dn_1: 0.5045 (0.5094)  loss_vfl_dn_2: 0.4914 (0.4946)  loss_vfl_dn_3: 0.4794 (0.4842)  loss_vfl_dn_4: 0.4748 (0.4791)  loss_vfl_dn_5: 0.4755 (0.4791)  loss_vfl_dn_pre: 0.5080 (0.5071)  loss_vfl_enc_0: 0.8303 (0.8384)  loss_vfl_pre: 0.8455 (0.8526)  time: 1.0864  data: 0.0292  max mem: 17528
Epoch: [4/80]  [400/924]  eta: 0:09:41  lr: 0.000013  loss: 36.9110 (37.0367)  loss_bbox: 0.2485 (0.2450)  loss_bbox_aux_0: 0.2729 (0.2733)  loss_bbox_aux_1: 0.2526 (0.2491)  loss_bbox_aux_2: 0.2491 (0.2456)  loss_bbox_aux_3: 0.2484 (0.2451)  loss_bbox_aux_4: 0.2484 (0.2450)  loss_bbox_dn_0: 0.3647 (0.3747)  loss_bbox_dn_1: 0.2837 (0.2925)  loss_bbox_dn_2: 0.2697 (0.2784)  loss_bbox_dn_3: 0.2650 (0.2750)  loss_bbox_dn_4: 0.2644 (0.2742)  loss_bbox_dn_5: 0.2645 (0.2742)  loss_bbox_dn_pre: 0.3656 (0.3794)  loss_bbox_enc_0: 0.3279 (0.3337)  loss_bbox_pre: 0.2714 (0.2735)  loss_ddf_aux_0: 0.1169 (0.1339)  loss_ddf_aux_1: 0.0158 (0.0171)  loss_ddf_aux_2: 0.0020 (0.0020)  loss_ddf_aux_3: 0.0003 (0.0003)  loss_ddf_aux_4: 0.0001 (0.0001)  loss_ddf_dn_0: 0.3003 (0.3350)  loss_ddf_dn_1: 0.0437 (0.0470)  loss_ddf_dn_2: 0.0072 (0.0076)  loss_ddf_dn_3: 0.0011 (0.0011)  loss_ddf_dn_4: 0.0001 (0.0001)  loss_ddf_dn_5: 0.0000 (0.0000)  loss_fgl: 0.9776 (0.9722)  loss_fgl_aux_0: 1.0259 (1.0294)  loss_fgl_aux_1: 0.9852 (0.9792)  loss_fgl_aux_2: 0.9781 (0.9727)  loss_fgl_aux_3: 0.9778 (0.9723)  loss_fgl_aux_4: 0.9776 (0.9722)  loss_fgl_dn_0: 1.0989 (1.1033)  loss_fgl_dn_1: 1.0217 (1.0204)  loss_fgl_dn_2: 1.0106 (1.0109)  loss_fgl_dn_3: 1.0117 (1.0112)  loss_fgl_dn_4: 1.0125 (1.0117)  loss_fgl_dn_5: 1.0126 (1.0119)  loss_giou: 0.6558 (0.6575)  loss_giou_aux_0: 0.6991 (0.6994)  loss_giou_aux_1: 0.6617 (0.6634)  loss_giou_aux_2: 0.6559 (0.6580)  loss_giou_aux_3: 0.6556 (0.6575)  loss_giou_aux_4: 0.6557 (0.6575)  loss_giou_dn_0: 0.7844 (0.7908)  loss_giou_dn_1: 0.6440 (0.6538)  loss_giou_dn_2: 0.6236 (0.6310)  loss_giou_dn_3: 0.6192 (0.6256)  loss_giou_dn_4: 0.6186 (0.6244)  loss_giou_dn_5: 0.6187 (0.6242)  loss_giou_dn_pre: 0.7807 (0.7903)  loss_giou_enc_0: 0.7952 (0.7897)  loss_giou_pre: 0.6975 (0.6977)  loss_vfl: 0.7626 (0.7639)  loss_vfl_aux_0: 0.8276 (0.8493)  loss_vfl_aux_1: 0.8281 (0.8399)  loss_vfl_aux_2: 0.8115 (0.8073)  loss_vfl_aux_3: 0.7766 (0.7749)  loss_vfl_aux_4: 0.7603 (0.7643)  loss_vfl_dn_0: 0.5092 (0.5072)  loss_vfl_dn_1: 0.5028 (0.5089)  loss_vfl_dn_2: 0.4888 (0.4942)  loss_vfl_dn_3: 0.4803 (0.4838)  loss_vfl_dn_4: 0.4761 (0.4787)  loss_vfl_dn_5: 0.4749 (0.4786)  loss_vfl_dn_pre: 0.5095 (0.5076)  loss_vfl_enc_0: 0.8224 (0.8367)  loss_vfl_pre: 0.8260 (0.8504)  time: 1.0535  data: 0.0286  max mem: 17528
Epoch: [4/80]  [500/924]  eta: 0:07:54  lr: 0.000013  loss: 36.8025 (36.9866)  loss_bbox: 0.2482 (0.2436)  loss_bbox_aux_0: 0.2742 (0.2713)  loss_bbox_aux_1: 0.2511 (0.2476)  loss_bbox_aux_2: 0.2483 (0.2441)  loss_bbox_aux_3: 0.2480 (0.2437)  loss_bbox_aux_4: 0.2482 (0.2436)  loss_bbox_dn_0: 0.3755 (0.3725)  loss_bbox_dn_1: 0.2976 (0.2908)  loss_bbox_dn_2: 0.2800 (0.2769)  loss_bbox_dn_3: 0.2752 (0.2735)  loss_bbox_dn_4: 0.2751 (0.2728)  loss_bbox_dn_5: 0.2750 (0.2728)  loss_bbox_dn_pre: 0.3832 (0.3772)  loss_bbox_enc_0: 0.3352 (0.3309)  loss_bbox_pre: 0.2742 (0.2716)  loss_ddf_aux_0: 0.1158 (0.1315)  loss_ddf_aux_1: 0.0160 (0.0169)  loss_ddf_aux_2: 0.0018 (0.0020)  loss_ddf_aux_3: 0.0003 (0.0003)  loss_ddf_aux_4: 0.0001 (0.0001)  loss_ddf_dn_0: 0.3288 (0.3323)  loss_ddf_dn_1: 0.0462 (0.0467)  loss_ddf_dn_2: 0.0073 (0.0075)  loss_ddf_dn_3: 0.0011 (0.0011)  loss_ddf_dn_4: 0.0001 (0.0001)  loss_ddf_dn_5: 0.0000 (0.0000)  loss_fgl: 0.9785 (0.9723)  loss_fgl_aux_0: 1.0322 (1.0288)  loss_fgl_aux_1: 0.9889 (0.9793)  loss_fgl_aux_2: 0.9796 (0.9728)  loss_fgl_aux_3: 0.9790 (0.9724)  loss_fgl_aux_4: 0.9785 (0.9723)  loss_fgl_dn_0: 1.1007 (1.1028)  loss_fgl_dn_1: 1.0170 (1.0199)  loss_fgl_dn_2: 1.0056 (1.0104)  loss_fgl_dn_3: 1.0063 (1.0107)  loss_fgl_dn_4: 1.0069 (1.0112)  loss_fgl_dn_5: 1.0070 (1.0113)  loss_giou: 0.6586 (0.6588)  loss_giou_aux_0: 0.6992 (0.7004)  loss_giou_aux_1: 0.6669 (0.6646)  loss_giou_aux_2: 0.6596 (0.6593)  loss_giou_aux_3: 0.6586 (0.6588)  loss_giou_aux_4: 0.6585 (0.6588)  loss_giou_dn_0: 0.7765 (0.7897)  loss_giou_dn_1: 0.6422 (0.6532)  loss_giou_dn_2: 0.6208 (0.6305)  loss_giou_dn_3: 0.6153 (0.6252)  loss_giou_dn_4: 0.6141 (0.6239)  loss_giou_dn_5: 0.6139 (0.6238)  loss_giou_dn_pre: 0.7758 (0.7892)  loss_giou_enc_0: 0.7809 (0.7900)  loss_giou_pre: 0.6996 (0.6988)  loss_vfl: 0.7429 (0.7625)  loss_vfl_aux_0: 0.8268 (0.8465)  loss_vfl_aux_1: 0.8178 (0.8376)  loss_vfl_aux_2: 0.7876 (0.8054)  loss_vfl_aux_3: 0.7585 (0.7734)  loss_vfl_aux_4: 0.7531 (0.7630)  loss_vfl_dn_0: 0.5062 (0.5072)  loss_vfl_dn_1: 0.5085 (0.5084)  loss_vfl_dn_2: 0.4886 (0.4935)  loss_vfl_dn_3: 0.4803 (0.4832)  loss_vfl_dn_4: 0.4777 (0.4780)  loss_vfl_dn_5: 0.4774 (0.4779)  loss_vfl_dn_pre: 0.5064 (0.5075)  loss_vfl_enc_0: 0.8217 (0.8345)  loss_vfl_pre: 0.8307 (0.8477)  time: 1.2020  data: 0.0272  max mem: 17528
Epoch: [4/80]  [600/924]  eta: 0:06:04  lr: 0.000013  loss: 36.8304 (36.9638)  loss_bbox: 0.2471 (0.2434)  loss_bbox_aux_0: 0.2747 (0.2708)  loss_bbox_aux_1: 0.2511 (0.2474)  loss_bbox_aux_2: 0.2474 (0.2440)  loss_bbox_aux_3: 0.2474 (0.2435)  loss_bbox_aux_4: 0.2471 (0.2434)  loss_bbox_dn_0: 0.3841 (0.3724)  loss_bbox_dn_1: 0.2943 (0.2907)  loss_bbox_dn_2: 0.2813 (0.2768)  loss_bbox_dn_3: 0.2781 (0.2734)  loss_bbox_dn_4: 0.2773 (0.2727)  loss_bbox_dn_5: 0.2773 (0.2727)  loss_bbox_dn_pre: 0.3894 (0.3772)  loss_bbox_enc_0: 0.3356 (0.3300)  loss_bbox_pre: 0.2735 (0.2711)  loss_ddf_aux_0: 0.1201 (0.1299)  loss_ddf_aux_1: 0.0161 (0.0168)  loss_ddf_aux_2: 0.0018 (0.0020)  loss_ddf_aux_3: 0.0003 (0.0003)  loss_ddf_aux_4: 0.0001 (0.0001)  loss_ddf_dn_0: 0.3332 (0.3321)  loss_ddf_dn_1: 0.0464 (0.0465)  loss_ddf_dn_2: 0.0065 (0.0074)  loss_ddf_dn_3: 0.0009 (0.0011)  loss_ddf_dn_4: 0.0001 (0.0001)  loss_ddf_dn_5: 0.0000 (0.0000)  loss_fgl: 0.9696 (0.9721)  loss_fgl_aux_0: 1.0286 (1.0286)  loss_fgl_aux_1: 0.9766 (0.9791)  loss_fgl_aux_2: 0.9697 (0.9727)  loss_fgl_aux_3: 0.9697 (0.9723)  loss_fgl_aux_4: 0.9696 (0.9722)  loss_fgl_dn_0: 1.1095 (1.1032)  loss_fgl_dn_1: 1.0215 (1.0195)  loss_fgl_dn_2: 1.0111 (1.0100)  loss_fgl_dn_3: 1.0118 (1.0102)  loss_fgl_dn_4: 1.0123 (1.0108)  loss_fgl_dn_5: 1.0124 (1.0109)  loss_giou: 0.6395 (0.6580)  loss_giou_aux_0: 0.6781 (0.6997)  loss_giou_aux_1: 0.6453 (0.6639)  loss_giou_aux_2: 0.6403 (0.6585)  loss_giou_aux_3: 0.6395 (0.6580)  loss_giou_aux_4: 0.6394 (0.6580)  loss_giou_dn_0: 0.7677 (0.7881)  loss_giou_dn_1: 0.6260 (0.6512)  loss_giou_dn_2: 0.6041 (0.6286)  loss_giou_dn_3: 0.5990 (0.6233)  loss_giou_dn_4: 0.5986 (0.6222)  loss_giou_dn_5: 0.5984 (0.6220)  loss_giou_dn_pre: 0.7663 (0.7876)  loss_giou_enc_0: 0.7743 (0.7892)  loss_giou_pre: 0.6776 (0.6979)  loss_vfl: 0.7709 (0.7634)  loss_vfl_aux_0: 0.8517 (0.8467)  loss_vfl_aux_1: 0.8445 (0.8377)  loss_vfl_aux_2: 0.8122 (0.8059)  loss_vfl_aux_3: 0.7838 (0.7744)  loss_vfl_aux_4: 0.7749 (0.7638)  loss_vfl_dn_0: 0.5116 (0.5076)  loss_vfl_dn_1: 0.5085 (0.5085)  loss_vfl_dn_2: 0.4933 (0.4934)  loss_vfl_dn_3: 0.4810 (0.4830)  loss_vfl_dn_4: 0.4735 (0.4779)  loss_vfl_dn_5: 0.4739 (0.4777)  loss_vfl_dn_pre: 0.5124 (0.5079)  loss_vfl_enc_0: 0.8257 (0.8341)  loss_vfl_pre: 0.8493 (0.8479)  time: 1.0773  data: 0.0276  max mem: 17528
Epoch: [4/80]  [700/924]  eta: 0:04:10  lr: 0.000013  loss: 36.4440 (36.9115)  loss_bbox: 0.2385 (0.2428)  loss_bbox_aux_0: 0.2669 (0.2701)  loss_bbox_aux_1: 0.2431 (0.2468)  loss_bbox_aux_2: 0.2391 (0.2434)  loss_bbox_aux_3: 0.2387 (0.2429)  loss_bbox_aux_4: 0.2386 (0.2428)  loss_bbox_dn_0: 0.3532 (0.3709)  loss_bbox_dn_1: 0.2767 (0.2896)  loss_bbox_dn_2: 0.2655 (0.2757)  loss_bbox_dn_3: 0.2622 (0.2724)  loss_bbox_dn_4: 0.2604 (0.2717)  loss_bbox_dn_5: 0.2603 (0.2716)  loss_bbox_dn_pre: 0.3549 (0.3756)  loss_bbox_enc_0: 0.3239 (0.3294)  loss_bbox_pre: 0.2661 (0.2705)  loss_ddf_aux_0: 0.1232 (0.1292)  loss_ddf_aux_1: 0.0161 (0.0168)  loss_ddf_aux_2: 0.0020 (0.0020)  loss_ddf_aux_3: 0.0003 (0.0003)  loss_ddf_aux_4: 0.0001 (0.0001)  loss_ddf_dn_0: 0.3236 (0.3313)  loss_ddf_dn_1: 0.0432 (0.0465)  loss_ddf_dn_2: 0.0069 (0.0074)  loss_ddf_dn_3: 0.0010 (0.0010)  loss_ddf_dn_4: 0.0001 (0.0001)  loss_ddf_dn_5: 0.0000 (0.0000)  loss_fgl: 0.9721 (0.9721)  loss_fgl_aux_0: 1.0328 (1.0289)  loss_fgl_aux_1: 0.9773 (0.9791)  loss_fgl_aux_2: 0.9728 (0.9726)  loss_fgl_aux_3: 0.9722 (0.9722)  loss_fgl_aux_4: 0.9722 (0.9721)  loss_fgl_dn_0: 1.1069 (1.1037)  loss_fgl_dn_1: 1.0140 (1.0194)  loss_fgl_dn_2: 1.0038 (1.0098)  loss_fgl_dn_3: 1.0048 (1.0101)  loss_fgl_dn_4: 1.0054 (1.0106)  loss_fgl_dn_5: 1.0055 (1.0107)  loss_giou: 0.6362 (0.6558)  loss_giou_aux_0: 0.6789 (0.6974)  loss_giou_aux_1: 0.6433 (0.6616)  loss_giou_aux_2: 0.6373 (0.6563)  loss_giou_aux_3: 0.6362 (0.6558)  loss_giou_aux_4: 0.6362 (0.6558)  loss_giou_dn_0: 0.7638 (0.7852)  loss_giou_dn_1: 0.6362 (0.6490)  loss_giou_dn_2: 0.6196 (0.6267)  loss_giou_dn_3: 0.6154 (0.6214)  loss_giou_dn_4: 0.6141 (0.6203)  loss_giou_dn_5: 0.6138 (0.6201)  loss_giou_dn_pre: 0.7623 (0.7847)  loss_giou_enc_0: 0.7736 (0.7867)  loss_giou_pre: 0.6775 (0.6956)  loss_vfl: 0.7434 (0.7633)  loss_vfl_aux_0: 0.8262 (0.8463)  loss_vfl_aux_1: 0.8246 (0.8373)  loss_vfl_aux_2: 0.7880 (0.8053)  loss_vfl_aux_3: 0.7514 (0.7741)  loss_vfl_aux_4: 0.7455 (0.7636)  loss_vfl_dn_0: 0.5104 (0.5081)  loss_vfl_dn_1: 0.5008 (0.5082)  loss_vfl_dn_2: 0.4836 (0.4930)  loss_vfl_dn_3: 0.4784 (0.4827)  loss_vfl_dn_4: 0.4716 (0.4776)  loss_vfl_dn_5: 0.4722 (0.4774)  loss_vfl_dn_pre: 0.5114 (0.5084)  loss_vfl_enc_0: 0.8225 (0.8337)  loss_vfl_pre: 0.8250 (0.8476)  time: 1.0767  data: 0.0279  max mem: 17528
Epoch: [4/80]  [800/924]  eta: 0:02:18  lr: 0.000013  loss: 36.7035 (36.8765)  loss_bbox: 0.2401 (0.2424)  loss_bbox_aux_0: 0.2651 (0.2693)  loss_bbox_aux_1: 0.2456 (0.2463)  loss_bbox_aux_2: 0.2414 (0.2430)  loss_bbox_aux_3: 0.2402 (0.2425)  loss_bbox_aux_4: 0.2400 (0.2424)  loss_bbox_dn_0: 0.3640 (0.3696)  loss_bbox_dn_1: 0.2825 (0.2887)  loss_bbox_dn_2: 0.2684 (0.2748)  loss_bbox_dn_3: 0.2661 (0.2715)  loss_bbox_dn_4: 0.2651 (0.2708)  loss_bbox_dn_5: 0.2648 (0.2708)  loss_bbox_dn_pre: 0.3712 (0.3745)  loss_bbox_enc_0: 0.3210 (0.3284)  loss_bbox_pre: 0.2658 (0.2697)  loss_ddf_aux_0: 0.1159 (0.1281)  loss_ddf_aux_1: 0.0170 (0.0168)  loss_ddf_aux_2: 0.0023 (0.0020)  loss_ddf_aux_3: 0.0003 (0.0003)  loss_ddf_aux_4: 0.0001 (0.0001)  loss_ddf_dn_0: 0.3251 (0.3298)  loss_ddf_dn_1: 0.0466 (0.0464)  loss_ddf_dn_2: 0.0075 (0.0074)  loss_ddf_dn_3: 0.0010 (0.0010)  loss_ddf_dn_4: 0.0001 (0.0001)  loss_ddf_dn_5: 0.0000 (0.0000)  loss_fgl: 0.9705 (0.9719)  loss_fgl_aux_0: 1.0265 (1.0284)  loss_fgl_aux_1: 0.9797 (0.9789)  loss_fgl_aux_2: 0.9708 (0.9724)  loss_fgl_aux_3: 0.9706 (0.9720)  loss_fgl_aux_4: 0.9705 (0.9720)  loss_fgl_dn_0: 1.1047 (1.1038)  loss_fgl_dn_1: 1.0186 (1.0193)  loss_fgl_dn_2: 1.0107 (1.0096)  loss_fgl_dn_3: 1.0097 (1.0099)  loss_fgl_dn_4: 1.0100 (1.0104)  loss_fgl_dn_5: 1.0102 (1.0105)  loss_giou: 0.6549 (0.6553)  loss_giou_aux_0: 0.6910 (0.6966)  loss_giou_aux_1: 0.6613 (0.6611)  loss_giou_aux_2: 0.6553 (0.6558)  loss_giou_aux_3: 0.6547 (0.6553)  loss_giou_aux_4: 0.6548 (0.6553)  loss_giou_dn_0: 0.7691 (0.7834)  loss_giou_dn_1: 0.6386 (0.6477)  loss_giou_dn_2: 0.6159 (0.6255)  loss_giou_dn_3: 0.6105 (0.6202)  loss_giou_dn_4: 0.6092 (0.6190)  loss_giou_dn_5: 0.6092 (0.6189)  loss_giou_dn_pre: 0.7680 (0.7829)  loss_giou_enc_0: 0.7836 (0.7856)  loss_giou_pre: 0.6900 (0.6949)  loss_vfl: 0.7523 (0.7632)  loss_vfl_aux_0: 0.8326 (0.8457)  loss_vfl_aux_1: 0.8349 (0.8371)  loss_vfl_aux_2: 0.7883 (0.8052)  loss_vfl_aux_3: 0.7579 (0.7739)  loss_vfl_aux_4: 0.7532 (0.7635)  loss_vfl_dn_0: 0.5114 (0.5082)  loss_vfl_dn_1: 0.5030 (0.5078)  loss_vfl_dn_2: 0.4878 (0.4927)  loss_vfl_dn_3: 0.4772 (0.4824)  loss_vfl_dn_4: 0.4716 (0.4773)  loss_vfl_dn_5: 0.4703 (0.4771)  loss_vfl_dn_pre: 0.5113 (0.5086)  loss_vfl_enc_0: 0.8134 (0.8333)  loss_vfl_pre: 0.8329 (0.8471)  time: 1.0791  data: 0.0299  max mem: 17528
Epoch: [4/80]  [900/924]  eta: 0:00:26  lr: 0.000013  loss: 36.7079 (36.8587)  loss_bbox: 0.2374 (0.2421)  loss_bbox_aux_0: 0.2624 (0.2687)  loss_bbox_aux_1: 0.2417 (0.2461)  loss_bbox_aux_2: 0.2378 (0.2427)  loss_bbox_aux_3: 0.2377 (0.2422)  loss_bbox_aux_4: 0.2375 (0.2421)  loss_bbox_dn_0: 0.3568 (0.3685)  loss_bbox_dn_1: 0.2842 (0.2880)  loss_bbox_dn_2: 0.2712 (0.2741)  loss_bbox_dn_3: 0.2685 (0.2709)  loss_bbox_dn_4: 0.2684 (0.2702)  loss_bbox_dn_5: 0.2680 (0.2701)  loss_bbox_dn_pre: 0.3619 (0.3733)  loss_bbox_enc_0: 0.3194 (0.3275)  loss_bbox_pre: 0.2623 (0.2691)  loss_ddf_aux_0: 0.1178 (0.1267)  loss_ddf_aux_1: 0.0146 (0.0167)  loss_ddf_aux_2: 0.0018 (0.0020)  loss_ddf_aux_3: 0.0003 (0.0003)  loss_ddf_aux_4: 0.0001 (0.0001)  loss_ddf_dn_0: 0.2991 (0.3283)  loss_ddf_dn_1: 0.0408 (0.0464)  loss_ddf_dn_2: 0.0061 (0.0074)  loss_ddf_dn_3: 0.0009 (0.0010)  loss_ddf_dn_4: 0.0001 (0.0001)  loss_ddf_dn_5: 0.0000 (0.0000)  loss_fgl: 0.9744 (0.9721)  loss_fgl_aux_0: 1.0273 (1.0283)  loss_fgl_aux_1: 0.9799 (0.9791)  loss_fgl_aux_2: 0.9748 (0.9726)  loss_fgl_aux_3: 0.9748 (0.9722)  loss_fgl_aux_4: 0.9745 (0.9721)  loss_fgl_dn_0: 1.0972 (1.1038)  loss_fgl_dn_1: 1.0153 (1.0191)  loss_fgl_dn_2: 1.0048 (1.0094)  loss_fgl_dn_3: 1.0059 (1.0097)  loss_fgl_dn_4: 1.0068 (1.0103)  loss_fgl_dn_5: 1.0070 (1.0104)  loss_giou: 0.6668 (0.6559)  loss_giou_aux_0: 0.7078 (0.6969)  loss_giou_aux_1: 0.6739 (0.6617)  loss_giou_aux_2: 0.6676 (0.6564)  loss_giou_aux_3: 0.6670 (0.6559)  loss_giou_aux_4: 0.6669 (0.6559)  loss_giou_dn_0: 0.7720 (0.7825)  loss_giou_dn_1: 0.6486 (0.6472)  loss_giou_dn_2: 0.6245 (0.6249)  loss_giou_dn_3: 0.6192 (0.6196)  loss_giou_dn_4: 0.6178 (0.6185)  loss_giou_dn_5: 0.6176 (0.6184)  loss_giou_dn_pre: 0.7735 (0.7820)  loss_giou_enc_0: 0.7939 (0.7858)  loss_giou_pre: 0.7054 (0.6951)  loss_vfl: 0.7616 (0.7632)  loss_vfl_aux_0: 0.8448 (0.8452)  loss_vfl_aux_1: 0.8345 (0.8365)  loss_vfl_aux_2: 0.7954 (0.8049)  loss_vfl_aux_3: 0.7673 (0.7737)  loss_vfl_aux_4: 0.7550 (0.7635)  loss_vfl_dn_0: 0.5077 (0.5082)  loss_vfl_dn_1: 0.5034 (0.5075)  loss_vfl_dn_2: 0.4895 (0.4924)  loss_vfl_dn_3: 0.4775 (0.4821)  loss_vfl_dn_4: 0.4733 (0.4769)  loss_vfl_dn_5: 0.4731 (0.4768)  loss_vfl_dn_pre: 0.5083 (0.5086)  loss_vfl_enc_0: 0.8212 (0.8323)  loss_vfl_pre: 0.8554 (0.8466)  time: 1.3379  data: 0.0297  max mem: 17528
Epoch: [4/80]  [923/924]  eta: 0:00:01  lr: 0.000013  loss: 36.4293 (36.8543)  loss_bbox: 0.2389 (0.2420)  loss_bbox_aux_0: 0.2654 (0.2686)  loss_bbox_aux_1: 0.2427 (0.2460)  loss_bbox_aux_2: 0.2393 (0.2426)  loss_bbox_aux_3: 0.2395 (0.2422)  loss_bbox_aux_4: 0.2390 (0.2421)  loss_bbox_dn_0: 0.3511 (0.3683)  loss_bbox_dn_1: 0.2767 (0.2880)  loss_bbox_dn_2: 0.2648 (0.2741)  loss_bbox_dn_3: 0.2623 (0.2708)  loss_bbox_dn_4: 0.2613 (0.2701)  loss_bbox_dn_5: 0.2613 (0.2701)  loss_bbox_dn_pre: 0.3589 (0.3731)  loss_bbox_enc_0: 0.3144 (0.3273)  loss_bbox_pre: 0.2656 (0.2689)  loss_ddf_aux_0: 0.1128 (0.1264)  loss_ddf_aux_1: 0.0153 (0.0166)  loss_ddf_aux_2: 0.0020 (0.0020)  loss_ddf_aux_3: 0.0003 (0.0003)  loss_ddf_aux_4: 0.0001 (0.0001)  loss_ddf_dn_0: 0.3066 (0.3279)  loss_ddf_dn_1: 0.0433 (0.0463)  loss_ddf_dn_2: 0.0071 (0.0074)  loss_ddf_dn_3: 0.0010 (0.0010)  loss_ddf_dn_4: 0.0001 (0.0001)  loss_ddf_dn_5: 0.0000 (0.0000)  loss_fgl: 0.9647 (0.9720)  loss_fgl_aux_0: 1.0214 (1.0282)  loss_fgl_aux_1: 0.9703 (0.9790)  loss_fgl_aux_2: 0.9653 (0.9725)  loss_fgl_aux_3: 0.9650 (0.9721)  loss_fgl_aux_4: 0.9648 (0.9721)  loss_fgl_dn_0: 1.1020 (1.1038)  loss_fgl_dn_1: 1.0139 (1.0191)  loss_fgl_dn_2: 1.0080 (1.0094)  loss_fgl_dn_3: 1.0083 (1.0097)  loss_fgl_dn_4: 1.0084 (1.0103)  loss_fgl_dn_5: 1.0085 (1.0104)  loss_giou: 0.6713 (0.6559)  loss_giou_aux_0: 0.7086 (0.6969)  loss_giou_aux_1: 0.6746 (0.6617)  loss_giou_aux_2: 0.6714 (0.6564)  loss_giou_aux_3: 0.6715 (0.6559)  loss_giou_aux_4: 0.6712 (0.6559)  loss_giou_dn_0: 0.7752 (0.7823)  loss_giou_dn_1: 0.6442 (0.6470)  loss_giou_dn_2: 0.6218 (0.6248)  loss_giou_dn_3: 0.6170 (0.6195)  loss_giou_dn_4: 0.6167 (0.6184)  loss_giou_dn_5: 0.6165 (0.6182)  loss_giou_dn_pre: 0.7744 (0.7818)  loss_giou_enc_0: 0.7873 (0.7857)  loss_giou_pre: 0.7069 (0.6951)  loss_vfl: 0.7523 (0.7632)  loss_vfl_aux_0: 0.8329 (0.8452)  loss_vfl_aux_1: 0.8160 (0.8364)  loss_vfl_aux_2: 0.7875 (0.8049)  loss_vfl_aux_3: 0.7589 (0.7737)  loss_vfl_aux_4: 0.7553 (0.7635)  loss_vfl_dn_0: 0.5092 (0.5082)  loss_vfl_dn_1: 0.4992 (0.5074)  loss_vfl_dn_2: 0.4852 (0.4923)  loss_vfl_dn_3: 0.4736 (0.4820)  loss_vfl_dn_4: 0.4718 (0.4769)  loss_vfl_dn_5: 0.4715 (0.4767)  loss_vfl_dn_pre: 0.5092 (0.5086)  loss_vfl_enc_0: 0.8215 (0.8323)  loss_vfl_pre: 0.8362 (0.8465)  time: 1.0269  data: 0.0296  max mem: 17528
Epoch: [4/80] Total time: 0:17:11 (1.1163 s / it)
Averaged stats: lr: 0.000013  loss: 36.4293 (36.8543)  loss_bbox: 0.2389 (0.2420)  loss_bbox_aux_0: 0.2654 (0.2686)  loss_bbox_aux_1: 0.2427 (0.2460)  loss_bbox_aux_2: 0.2393 (0.2426)  loss_bbox_aux_3: 0.2395 (0.2422)  loss_bbox_aux_4: 0.2390 (0.2421)  loss_bbox_dn_0: 0.3511 (0.3683)  loss_bbox_dn_1: 0.2767 (0.2880)  loss_bbox_dn_2: 0.2648 (0.2741)  loss_bbox_dn_3: 0.2623 (0.2708)  loss_bbox_dn_4: 0.2613 (0.2701)  loss_bbox_dn_5: 0.2613 (0.2701)  loss_bbox_dn_pre: 0.3589 (0.3731)  loss_bbox_enc_0: 0.3144 (0.3273)  loss_bbox_pre: 0.2656 (0.2689)  loss_ddf_aux_0: 0.1128 (0.1264)  loss_ddf_aux_1: 0.0153 (0.0166)  loss_ddf_aux_2: 0.0020 (0.0020)  loss_ddf_aux_3: 0.0003 (0.0003)  loss_ddf_aux_4: 0.0001 (0.0001)  loss_ddf_dn_0: 0.3066 (0.3279)  loss_ddf_dn_1: 0.0433 (0.0463)  loss_ddf_dn_2: 0.0071 (0.0074)  loss_ddf_dn_3: 0.0010 (0.0010)  loss_ddf_dn_4: 0.0001 (0.0001)  loss_ddf_dn_5: 0.0000 (0.0000)  loss_fgl: 0.9647 (0.9720)  loss_fgl_aux_0: 1.0214 (1.0282)  loss_fgl_aux_1: 0.9703 (0.9790)  loss_fgl_aux_2: 0.9653 (0.9725)  loss_fgl_aux_3: 0.9650 (0.9721)  loss_fgl_aux_4: 0.9648 (0.9721)  loss_fgl_dn_0: 1.1020 (1.1038)  loss_fgl_dn_1: 1.0139 (1.0191)  loss_fgl_dn_2: 1.0080 (1.0094)  loss_fgl_dn_3: 1.0083 (1.0097)  loss_fgl_dn_4: 1.0084 (1.0103)  loss_fgl_dn_5: 1.0085 (1.0104)  loss_giou: 0.6713 (0.6559)  loss_giou_aux_0: 0.7086 (0.6969)  loss_giou_aux_1: 0.6746 (0.6617)  loss_giou_aux_2: 0.6714 (0.6564)  loss_giou_aux_3: 0.6715 (0.6559)  loss_giou_aux_4: 0.6712 (0.6559)  loss_giou_dn_0: 0.7752 (0.7823)  loss_giou_dn_1: 0.6442 (0.6470)  loss_giou_dn_2: 0.6218 (0.6248)  loss_giou_dn_3: 0.6170 (0.6195)  loss_giou_dn_4: 0.6167 (0.6184)  loss_giou_dn_5: 0.6165 (0.6182)  loss_giou_dn_pre: 0.7744 (0.7818)  loss_giou_enc_0: 0.7873 (0.7857)  loss_giou_pre: 0.7069 (0.6951)  loss_vfl: 0.7523 (0.7632)  loss_vfl_aux_0: 0.8329 (0.8452)  loss_vfl_aux_1: 0.8160 (0.8364)  loss_vfl_aux_2: 0.7875 (0.8049)  loss_vfl_aux_3: 0.7589 (0.7737)  loss_vfl_aux_4: 0.7553 (0.7635)  loss_vfl_dn_0: 0.5092 (0.5082)  loss_vfl_dn_1: 0.4992 (0.5074)  loss_vfl_dn_2: 0.4852 (0.4923)  loss_vfl_dn_3: 0.4736 (0.4820)  loss_vfl_dn_4: 0.4718 (0.4769)  loss_vfl_dn_5: 0.4715 (0.4767)  loss_vfl_dn_pre: 0.5092 (0.5086)  loss_vfl_enc_0: 0.8215 (0.8323)  loss_vfl_pre: 0.8362 (0.8465)
Test:  [ 0/79]  eta: 0:01:35    time: 1.2081  data: 0.9490  max mem: 17528
Test:  [10/79]  eta: 0:00:20    time: 0.2961  data: 0.0977  max mem: 17528
Test:  [20/79]  eta: 0:00:14    time: 0.2020  data: 0.0131  max mem: 17528
Test:  [30/79]  eta: 0:00:11    time: 0.2038  data: 0.0135  max mem: 17528
Test:  [40/79]  eta: 0:00:08    time: 0.2105  data: 0.0136  max mem: 17528
Test:  [50/79]  eta: 0:00:06    time: 0.2123  data: 0.0134  max mem: 17528
Test:  [60/79]  eta: 0:00:04    time: 0.2095  data: 0.0132  max mem: 17528
Test:  [70/79]  eta: 0:00:01    time: 0.2045  data: 0.0126  max mem: 17528
Test:  [78/79]  eta: 0:00:00    time: 0.1949  data: 0.0117  max mem: 17528
Test: Total time: 0:00:17 (0.2188 s / it)
Metrics: {'f1': 0.6223013048635825, 'precision': 0.6961252653927813, 'recall': 0.5626340626340627, 'iou': 0.38708007257654353, 'TPs': 2623, 'FPs': 1145, 'FNs': 2039}
Averaged stats: 
Accumulating evaluation results...
COCOeval_opt.accumulate() finished...
DONE (t=2.38s).
IoU metric: bbox
 Average Precision  (AP) @[ IoU=0.50:0.95 | area=   all | maxDets=100 ] = 0.443
 Average Precision  (AP) @[ IoU=0.50      | area=   all | maxDets=100 ] = 0.610
 Average Precision  (AP) @[ IoU=0.75      | area=   all | maxDets=100 ] = 0.480
 Average Precision  (AP) @[ IoU=0.50:0.95 | area= small | maxDets=100 ] = 0.243
 Average Precision  (AP) @[ IoU=0.50:0.95 | area=medium | maxDets=100 ] = 0.486
 Average Precision  (AP) @[ IoU=0.50:0.95 | area= large | maxDets=100 ] = 0.630
 Average Recall     (AR) @[ IoU=0.50:0.95 | area=   all | maxDets=  1 ] = 0.357
 Average Recall     (AR) @[ IoU=0.50:0.95 | area=   all | maxDets= 10 ] = 0.590
 Average Recall     (AR) @[ IoU=0.50:0.95 | area=   all | maxDets=100 ] = 0.661
 Average Recall     (AR) @[ IoU=0.50:0.95 | area= small | maxDets=100 ] = 0.437
 Average Recall     (AR) @[ IoU=0.50:0.95 | area=medium | maxDets=100 ] = 0.716
 Average Recall     (AR) @[ IoU=0.50:0.95 | area= large | maxDets=100 ] = 0.862
 Average Recall     (AR) @[ IoU=0.50      | area=   all | maxDets=100 ] = 0.862
 Average Recall     (AR) @[ IoU=0.75      | area=   all | maxDets=100 ] = 0.712
best_stat: {'epoch': 4, 'coco_eval_bbox': 0.44325082414314393}
Epoch: [5/80]  [  0/924]  eta: 0:59:22  lr: 0.000013  loss: 36.5456 (36.5456)  loss_bbox: 0.2514 (0.2514)  loss_bbox_aux_0: 0.2670 (0.2670)  loss_bbox_aux_1: 0.2518 (0.2518)  loss_bbox_aux_2: 0.2501 (0.2501)  loss_bbox_aux_3: 0.2510 (0.2510)  loss_bbox_aux_4: 0.2514 (0.2514)  loss_bbox_dn_0: 0.3500 (0.3500)  loss_bbox_dn_1: 0.2724 (0.2724)  loss_bbox_dn_2: 0.2580 (0.2580)  loss_bbox_dn_3: 0.2548 (0.2548)  loss_bbox_dn_4: 0.2544 (0.2544)  loss_bbox_dn_5: 0.2541 (0.2541)  loss_bbox_dn_pre: 0.3553 (0.3553)  loss_bbox_enc_0: 0.3060 (0.3060)  loss_bbox_pre: 0.2647 (0.2647)  loss_ddf_aux_0: 0.1125 (0.1125)  loss_ddf_aux_1: 0.0149 (0.0149)  loss_ddf_aux_2: 0.0021 (0.0021)  loss_ddf_aux_3: 0.0003 (0.0003)  loss_ddf_aux_4: 0.0001 (0.0001)  loss_ddf_dn_0: 0.3120 (0.3120)  loss_ddf_dn_1: 0.0433 (0.0433)  loss_ddf_dn_2: 0.0070 (0.0070)  loss_ddf_dn_3: 0.0009 (0.0009)  loss_ddf_dn_4: 0.0001 (0.0001)  loss_ddf_dn_5: 0.0000 (0.0000)  loss_fgl: 0.9905 (0.9905)  loss_fgl_aux_0: 1.0313 (1.0313)  loss_fgl_aux_1: 0.9949 (0.9949)  loss_fgl_aux_2: 0.9909 (0.9909)  loss_fgl_aux_3: 0.9906 (0.9906)  loss_fgl_aux_4: 0.9905 (0.9905)  loss_fgl_dn_0: 1.0956 (1.0956)  loss_fgl_dn_1: 1.0140 (1.0140)  loss_fgl_dn_2: 1.0027 (1.0027)  loss_fgl_dn_3: 1.0043 (1.0043)  loss_fgl_dn_4: 1.0048 (1.0048)  loss_fgl_dn_5: 1.0050 (1.0050)  loss_giou: 0.6530 (0.6530)  loss_giou_aux_0: 0.6964 (0.6964)  loss_giou_aux_1: 0.6579 (0.6579)  loss_giou_aux_2: 0.6523 (0.6523)  loss_giou_aux_3: 0.6527 (0.6527)  loss_giou_aux_4: 0.6530 (0.6530)  loss_giou_dn_0: 0.7814 (0.7814)  loss_giou_dn_1: 0.6522 (0.6522)  loss_giou_dn_2: 0.6317 (0.6317)  loss_giou_dn_3: 0.6261 (0.6261)  loss_giou_dn_4: 0.6254 (0.6254)  loss_giou_dn_5: 0.6252 (0.6252)  loss_giou_dn_pre: 0.7859 (0.7859)  loss_giou_enc_0: 0.7822 (0.7822)  loss_giou_pre: 0.6931 (0.6931)  loss_vfl: 0.7744 (0.7744)  loss_vfl_aux_0: 0.8004 (0.8004)  loss_vfl_aux_1: 0.7981 (0.7981)  loss_vfl_aux_2: 0.7769 (0.7769)  loss_vfl_aux_3: 0.7673 (0.7673)  loss_vfl_aux_4: 0.7636 (0.7636)  loss_vfl_dn_0: 0.5014 (0.5014)  loss_vfl_dn_1: 0.4963 (0.4963)  loss_vfl_dn_2: 0.4829 (0.4829)  loss_vfl_dn_3: 0.4745 (0.4745)  loss_vfl_dn_4: 0.4685 (0.4685)  loss_vfl_dn_5: 0.4714 (0.4714)  loss_vfl_dn_pre: 0.5014 (0.5014)  loss_vfl_enc_0: 0.7957 (0.7957)  loss_vfl_pre: 0.8043 (0.8043)  time: 3.8554  data: 2.7250  max mem: 17528
Epoch: [5/80]  [100/924]  eta: 0:15:25  lr: 0.000013  loss: 36.1858 (36.4354)  loss_bbox: 0.2195 (0.2329)  loss_bbox_aux_0: 0.2435 (0.2556)  loss_bbox_aux_1: 0.2239 (0.2364)  loss_bbox_aux_2: 0.2201 (0.2335)  loss_bbox_aux_3: 0.2194 (0.2330)  loss_bbox_aux_4: 0.2195 (0.2330)  loss_bbox_dn_0: 0.3379 (0.3549)  loss_bbox_dn_1: 0.2603 (0.2773)  loss_bbox_dn_2: 0.2480 (0.2639)  loss_bbox_dn_3: 0.2473 (0.2607)  loss_bbox_dn_4: 0.2472 (0.2601)  loss_bbox_dn_5: 0.2471 (0.2600)  loss_bbox_dn_pre: 0.3425 (0.3597)  loss_bbox_enc_0: 0.2980 (0.3091)  loss_bbox_pre: 0.2436 (0.2559)  loss_ddf_aux_0: 0.1092 (0.1117)  loss_ddf_aux_1: 0.0159 (0.0153)  loss_ddf_aux_2: 0.0022 (0.0020)  loss_ddf_aux_3: 0.0003 (0.0003)  loss_ddf_aux_4: 0.0001 (0.0001)  loss_ddf_dn_0: 0.3022 (0.3140)  loss_ddf_dn_1: 0.0439 (0.0445)  loss_ddf_dn_2: 0.0076 (0.0071)  loss_ddf_dn_3: 0.0010 (0.0010)  loss_ddf_dn_4: 0.0001 (0.0001)  loss_ddf_dn_5: 0.0000 (0.0000)  loss_fgl: 0.9720 (0.9720)  loss_fgl_aux_0: 1.0245 (1.0234)  loss_fgl_aux_1: 0.9781 (0.9780)  loss_fgl_aux_2: 0.9719 (0.9723)  loss_fgl_aux_3: 0.9721 (0.9721)  loss_fgl_aux_4: 0.9721 (0.9720)  loss_fgl_dn_0: 1.1052 (1.1047)  loss_fgl_dn_1: 1.0147 (1.0173)  loss_fgl_dn_2: 1.0039 (1.0079)  loss_fgl_dn_3: 1.0058 (1.0085)  loss_fgl_dn_4: 1.0065 (1.0091)  loss_fgl_dn_5: 1.0066 (1.0092)  loss_giou: 0.6396 (0.6555)  loss_giou_aux_0: 0.6768 (0.6936)  loss_giou_aux_1: 0.6433 (0.6610)  loss_giou_aux_2: 0.6402 (0.6562)  loss_giou_aux_3: 0.6395 (0.6556)  loss_giou_aux_4: 0.6395 (0.6555)  loss_giou_dn_0: 0.7626 (0.7682)  loss_giou_dn_1: 0.6329 (0.6365)  loss_giou_dn_2: 0.6106 (0.6151)  loss_giou_dn_3: 0.6029 (0.6097)  loss_giou_dn_4: 0.6027 (0.6085)  loss_giou_dn_5: 0.6027 (0.6084)  loss_giou_dn_pre: 0.7596 (0.7675)  loss_giou_enc_0: 0.7617 (0.7790)  loss_giou_pre: 0.6753 (0.6916)  loss_vfl: 0.7624 (0.7545)  loss_vfl_aux_0: 0.8391 (0.8329)  loss_vfl_aux_1: 0.8309 (0.8229)  loss_vfl_aux_2: 0.8027 (0.7940)  loss_vfl_aux_3: 0.7709 (0.7650)  loss_vfl_aux_4: 0.7610 (0.7549)  loss_vfl_dn_0: 0.5081 (0.5067)  loss_vfl_dn_1: 0.5041 (0.5019)  loss_vfl_dn_2: 0.4885 (0.4870)  loss_vfl_dn_3: 0.4794 (0.4770)  loss_vfl_dn_4: 0.4760 (0.4717)  loss_vfl_dn_5: 0.4738 (0.4715)  loss_vfl_dn_pre: 0.5084 (0.5071)  loss_vfl_enc_0: 0.8186 (0.8236)  loss_vfl_pre: 0.8399 (0.8339)  time: 1.0991  data: 0.0289  max mem: 17528
Epoch: [5/80]  [200/924]  eta: 0:13:22  lr: 0.000013  loss: 36.5327 (36.4351)  loss_bbox: 0.2413 (0.2330)  loss_bbox_aux_0: 0.2641 (0.2562)  loss_bbox_aux_1: 0.2433 (0.2365)  loss_bbox_aux_2: 0.2414 (0.2335)  loss_bbox_aux_3: 0.2412 (0.2331)  loss_bbox_aux_4: 0.2412 (0.2330)  loss_bbox_dn_0: 0.3662 (0.3562)  loss_bbox_dn_1: 0.2842 (0.2778)  loss_bbox_dn_2: 0.2705 (0.2647)  loss_bbox_dn_3: 0.2669 (0.2615)  loss_bbox_dn_4: 0.2668 (0.2609)  loss_bbox_dn_5: 0.2668 (0.2609)  loss_bbox_dn_pre: 0.3695 (0.3608)  loss_bbox_enc_0: 0.3120 (0.3102)  loss_bbox_pre: 0.2637 (0.2565)  loss_ddf_aux_0: 0.1172 (0.1149)  loss_ddf_aux_1: 0.0158 (0.0156)  loss_ddf_aux_2: 0.0019 (0.0020)  loss_ddf_aux_3: 0.0003 (0.0003)  loss_ddf_aux_4: 0.0001 (0.0001)  loss_ddf_dn_0: 0.3169 (0.3170)  loss_ddf_dn_1: 0.0460 (0.0448)  loss_ddf_dn_2: 0.0068 (0.0071)  loss_ddf_dn_3: 0.0009 (0.0010)  loss_ddf_dn_4: 0.0001 (0.0001)  loss_ddf_dn_5: 0.0000 (0.0000)  loss_fgl: 0.9710 (0.9722)  loss_fgl_aux_0: 1.0277 (1.0248)  loss_fgl_aux_1: 0.9781 (0.9782)  loss_fgl_aux_2: 0.9716 (0.9726)  loss_fgl_aux_3: 0.9711 (0.9723)  loss_fgl_aux_4: 0.9710 (0.9722)  loss_fgl_dn_0: 1.1006 (1.1046)  loss_fgl_dn_1: 1.0156 (1.0163)  loss_fgl_dn_2: 1.0048 (1.0067)  loss_fgl_dn_3: 1.0053 (1.0073)  loss_fgl_dn_4: 1.0058 (1.0079)  loss_fgl_dn_5: 1.0060 (1.0080)  loss_giou: 0.6629 (0.6549)  loss_giou_aux_0: 0.7023 (0.6938)  loss_giou_aux_1: 0.6686 (0.6607)  loss_giou_aux_2: 0.6641 (0.6556)  loss_giou_aux_3: 0.6633 (0.6550)  loss_giou_aux_4: 0.6632 (0.6550)  loss_giou_dn_0: 0.7747 (0.7687)  loss_giou_dn_1: 0.6339 (0.6362)  loss_giou_dn_2: 0.6160 (0.6146)  loss_giou_dn_3: 0.6089 (0.6094)  loss_giou_dn_4: 0.6071 (0.6083)  loss_giou_dn_5: 0.6070 (0.6082)  loss_giou_dn_pre: 0.7755 (0.7682)  loss_giou_enc_0: 0.7866 (0.7787)  loss_giou_pre: 0.6999 (0.6917)  loss_vfl: 0.7484 (0.7544)  loss_vfl_aux_0: 0.8309 (0.8313)  loss_vfl_aux_1: 0.8135 (0.8222)  loss_vfl_aux_2: 0.7842 (0.7927)  loss_vfl_aux_3: 0.7585 (0.7649)  loss_vfl_aux_4: 0.7457 (0.7545)  loss_vfl_dn_0: 0.5068 (0.5070)  loss_vfl_dn_1: 0.5050 (0.5020)  loss_vfl_dn_2: 0.4881 (0.4869)  loss_vfl_dn_3: 0.4725 (0.4766)  loss_vfl_dn_4: 0.4706 (0.4715)  loss_vfl_dn_5: 0.4706 (0.4712)  loss_vfl_dn_pre: 0.5073 (0.5074)  loss_vfl_enc_0: 0.8093 (0.8201)  loss_vfl_pre: 0.8309 (0.8326)  time: 1.0875  data: 0.0285  max mem: 17528
Epoch: [5/80]  [300/924]  eta: 0:11:33  lr: 0.000013  loss: 36.2874 (36.4096)  loss_bbox: 0.2250 (0.2344)  loss_bbox_aux_0: 0.2513 (0.2582)  loss_bbox_aux_1: 0.2276 (0.2381)  loss_bbox_aux_2: 0.2248 (0.2350)  loss_bbox_aux_3: 0.2249 (0.2345)  loss_bbox_aux_4: 0.2250 (0.2344)  loss_bbox_dn_0: 0.3420 (0.3582)  loss_bbox_dn_1: 0.2739 (0.2789)  loss_bbox_dn_2: 0.2608 (0.2656)  loss_bbox_dn_3: 0.2574 (0.2623)  loss_bbox_dn_4: 0.2561 (0.2616)  loss_bbox_dn_5: 0.2559 (0.2616)  loss_bbox_dn_pre: 0.3479 (0.3628)  loss_bbox_enc_0: 0.3166 (0.3136)  loss_bbox_pre: 0.2514 (0.2585)  loss_ddf_aux_0: 0.1111 (0.1153)  loss_ddf_aux_1: 0.0158 (0.0159)  loss_ddf_aux_2: 0.0020 (0.0020)  loss_ddf_aux_3: 0.0003 (0.0003)  loss_ddf_aux_4: 0.0001 (0.0001)  loss_ddf_dn_0: 0.3065 (0.3191)  loss_ddf_dn_1: 0.0441 (0.0452)  loss_ddf_dn_2: 0.0073 (0.0072)  loss_ddf_dn_3: 0.0009 (0.0010)  loss_ddf_dn_4: 0.0001 (0.0001)  loss_ddf_dn_5: 0.0000 (0.0000)  loss_fgl: 0.9667 (0.9723)  loss_fgl_aux_0: 1.0201 (1.0254)  loss_fgl_aux_1: 0.9735 (0.9787)  loss_fgl_aux_2: 0.9673 (0.9727)  loss_fgl_aux_3: 0.9668 (0.9724)  loss_fgl_aux_4: 0.9668 (0.9724)  loss_fgl_dn_0: 1.1035 (1.1051)  loss_fgl_dn_1: 1.0177 (1.0161)  loss_fgl_dn_2: 1.0079 (1.0063)  loss_fgl_dn_3: 1.0081 (1.0068)  loss_fgl_dn_4: 1.0088 (1.0074)  loss_fgl_dn_5: 1.0089 (1.0075)  loss_giou: 0.6628 (0.6515)  loss_giou_aux_0: 0.6999 (0.6905)  loss_giou_aux_1: 0.6665 (0.6573)  loss_giou_aux_2: 0.6637 (0.6521)  loss_giou_aux_3: 0.6631 (0.6515)  loss_giou_aux_4: 0.6628 (0.6515)  loss_giou_dn_0: 0.7669 (0.7663)  loss_giou_dn_1: 0.6293 (0.6329)  loss_giou_dn_2: 0.6086 (0.6114)  loss_giou_dn_3: 0.6027 (0.6061)  loss_giou_dn_4: 0.6016 (0.6050)  loss_giou_dn_5: 0.6013 (0.6049)  loss_giou_dn_pre: 0.7662 (0.7656)  loss_giou_enc_0: 0.7902 (0.7771)  loss_giou_pre: 0.6972 (0.6885)  loss_vfl: 0.7426 (0.7534)  loss_vfl_aux_0: 0.8095 (0.8315)  loss_vfl_aux_1: 0.8021 (0.8215)  loss_vfl_aux_2: 0.7775 (0.7919)  loss_vfl_aux_3: 0.7520 (0.7642)  loss_vfl_aux_4: 0.7424 (0.7535)  loss_vfl_dn_0: 0.5071 (0.5072)  loss_vfl_dn_1: 0.5026 (0.5019)  loss_vfl_dn_2: 0.4834 (0.4867)  loss_vfl_dn_3: 0.4744 (0.4762)  loss_vfl_dn_4: 0.4698 (0.4711)  loss_vfl_dn_5: 0.4697 (0.4708)  loss_vfl_dn_pre: 0.5078 (0.5077)  loss_vfl_enc_0: 0.7980 (0.8200)  loss_vfl_pre: 0.8128 (0.8329)  time: 1.2470  data: 0.0291  max mem: 17528
Epoch: [5/80]  [400/924]  eta: 0:09:42  lr: 0.000013  loss: 36.4874 (36.3953)  loss_bbox: 0.2324 (0.2346)  loss_bbox_aux_0: 0.2543 (0.2585)  loss_bbox_aux_1: 0.2348 (0.2382)  loss_bbox_aux_2: 0.2314 (0.2351)  loss_bbox_aux_3: 0.2320 (0.2346)  loss_bbox_aux_4: 0.2324 (0.2346)  loss_bbox_dn_0: 0.3493 (0.3582)  loss_bbox_dn_1: 0.2713 (0.2786)  loss_bbox_dn_2: 0.2585 (0.2653)  loss_bbox_dn_3: 0.2536 (0.2620)  loss_bbox_dn_4: 0.2527 (0.2614)  loss_bbox_dn_5: 0.2527 (0.2614)  loss_bbox_dn_pre: 0.3520 (0.3628)  loss_bbox_enc_0: 0.3088 (0.3143)  loss_bbox_pre: 0.2533 (0.2588)  loss_ddf_aux_0: 0.1076 (0.1164)  loss_ddf_aux_1: 0.0148 (0.0160)  loss_ddf_aux_2: 0.0020 (0.0020)  loss_ddf_aux_3: 0.0003 (0.0003)  loss_ddf_aux_4: 0.0001 (0.0001)  loss_ddf_dn_0: 0.3028 (0.3204)  loss_ddf_dn_1: 0.0403 (0.0453)  loss_ddf_dn_2: 0.0066 (0.0072)  loss_ddf_dn_3: 0.0010 (0.0010)  loss_ddf_dn_4: 0.0001 (0.0001)  loss_ddf_dn_5: 0.0000 (0.0000)  loss_fgl: 0.9729 (0.9712)  loss_fgl_aux_0: 1.0246 (1.0248)  loss_fgl_aux_1: 0.9798 (0.9776)  loss_fgl_aux_2: 0.9727 (0.9716)  loss_fgl_aux_3: 0.9729 (0.9713)  loss_fgl_aux_4: 0.9729 (0.9713)  loss_fgl_dn_0: 1.0973 (1.1052)  loss_fgl_dn_1: 1.0093 (1.0155)  loss_fgl_dn_2: 1.0003 (1.0056)  loss_fgl_dn_3: 1.0011 (1.0062)  loss_fgl_dn_4: 1.0020 (1.0067)  loss_fgl_dn_5: 1.0021 (1.0068)  loss_giou: 0.6600 (0.6510)  loss_giou_aux_0: 0.6978 (0.6899)  loss_giou_aux_1: 0.6649 (0.6567)  loss_giou_aux_2: 0.6603 (0.6516)  loss_giou_aux_3: 0.6600 (0.6510)  loss_giou_aux_4: 0.6600 (0.6510)  loss_giou_dn_0: 0.7611 (0.7651)  loss_giou_dn_1: 0.6262 (0.6318)  loss_giou_dn_2: 0.6085 (0.6104)  loss_giou_dn_3: 0.6049 (0.6052)  loss_giou_dn_4: 0.6041 (0.6040)  loss_giou_dn_5: 0.6039 (0.6039)  loss_giou_dn_pre: 0.7574 (0.7644)  loss_giou_enc_0: 0.7873 (0.7764)  loss_giou_pre: 0.6964 (0.6880)  loss_vfl: 0.7725 (0.7534)  loss_vfl_aux_0: 0.8428 (0.8325)  loss_vfl_aux_1: 0.8369 (0.8223)  loss_vfl_aux_2: 0.8089 (0.7922)  loss_vfl_aux_3: 0.7773 (0.7640)  loss_vfl_aux_4: 0.7684 (0.7537)  loss_vfl_dn_0: 0.5088 (0.5076)  loss_vfl_dn_1: 0.5003 (0.5018)  loss_vfl_dn_2: 0.4835 (0.4865)  loss_vfl_dn_3: 0.4766 (0.4759)  loss_vfl_dn_4: 0.4714 (0.4708)  loss_vfl_dn_5: 0.4719 (0.4704)  loss_vfl_dn_pre: 0.5090 (0.5081)  loss_vfl_enc_0: 0.8163 (0.8205)  loss_vfl_pre: 0.8472 (0.8340)  time: 1.0782  data: 0.0284  max mem: 17528
Epoch: [5/80]  [500/924]  eta: 0:07:50  lr: 0.000013  loss: 36.3056 (36.4049)  loss_bbox: 0.2334 (0.2349)  loss_bbox_aux_0: 0.2565 (0.2592)  loss_bbox_aux_1: 0.2350 (0.2387)  loss_bbox_aux_2: 0.2340 (0.2355)  loss_bbox_aux_3: 0.2334 (0.2350)  loss_bbox_aux_4: 0.2334 (0.2349)  loss_bbox_dn_0: 0.3521 (0.3591)  loss_bbox_dn_1: 0.2712 (0.2789)  loss_bbox_dn_2: 0.2606 (0.2656)  loss_bbox_dn_3: 0.2573 (0.2623)  loss_bbox_dn_4: 0.2561 (0.2616)  loss_bbox_dn_5: 0.2560 (0.2616)  loss_bbox_dn_pre: 0.3568 (0.3636)  loss_bbox_enc_0: 0.3225 (0.3155)  loss_bbox_pre: 0.2563 (0.2594)  loss_ddf_aux_0: 0.1121 (0.1164)  loss_ddf_aux_1: 0.0148 (0.0159)  loss_ddf_aux_2: 0.0017 (0.0020)  loss_ddf_aux_3: 0.0003 (0.0003)  loss_ddf_aux_4: 0.0001 (0.0001)  loss_ddf_dn_0: 0.3091 (0.3206)  loss_ddf_dn_1: 0.0413 (0.0453)  loss_ddf_dn_2: 0.0061 (0.0071)  loss_ddf_dn_3: 0.0009 (0.0010)  loss_ddf_dn_4: 0.0001 (0.0001)  loss_ddf_dn_5: 0.0000 (0.0000)  loss_fgl: 0.9672 (0.9715)  loss_fgl_aux_0: 1.0166 (1.0256)  loss_fgl_aux_1: 0.9725 (0.9779)  loss_fgl_aux_2: 0.9679 (0.9719)  loss_fgl_aux_3: 0.9675 (0.9716)  loss_fgl_aux_4: 0.9673 (0.9715)  loss_fgl_dn_0: 1.1013 (1.1057)  loss_fgl_dn_1: 1.0131 (1.0156)  loss_fgl_dn_2: 1.0066 (1.0056)  loss_fgl_dn_3: 1.0067 (1.0061)  loss_fgl_dn_4: 1.0075 (1.0067)  loss_fgl_dn_5: 1.0076 (1.0068)  loss_giou: 0.6627 (0.6506)  loss_giou_aux_0: 0.6980 (0.6896)  loss_giou_aux_1: 0.6664 (0.6564)  loss_giou_aux_2: 0.6624 (0.6512)  loss_giou_aux_3: 0.6620 (0.6506)  loss_giou_aux_4: 0.6625 (0.6506)  loss_giou_dn_0: 0.7650 (0.7648)  loss_giou_dn_1: 0.6355 (0.6310)  loss_giou_dn_2: 0.6153 (0.6096)  loss_giou_dn_3: 0.6098 (0.6044)  loss_giou_dn_4: 0.6083 (0.6033)  loss_giou_dn_5: 0.6081 (0.6032)  loss_giou_dn_pre: 0.7656 (0.7640)  loss_giou_enc_0: 0.7919 (0.7765)  loss_giou_pre: 0.6969 (0.6876)  loss_vfl: 0.7435 (0.7541)  loss_vfl_aux_0: 0.8262 (0.8336)  loss_vfl_aux_1: 0.8136 (0.8233)  loss_vfl_aux_2: 0.7822 (0.7922)  loss_vfl_aux_3: 0.7442 (0.7645)  loss_vfl_aux_4: 0.7448 (0.7543)  loss_vfl_dn_0: 0.5045 (0.5078)  loss_vfl_dn_1: 0.5001 (0.5020)  loss_vfl_dn_2: 0.4840 (0.4866)  loss_vfl_dn_3: 0.4752 (0.4760)  loss_vfl_dn_4: 0.4700 (0.4709)  loss_vfl_dn_5: 0.4694 (0.4706)  loss_vfl_dn_pre: 0.5058 (0.5083)  loss_vfl_enc_0: 0.8187 (0.8211)  loss_vfl_pre: 0.8303 (0.8353)  time: 1.2150  data: 0.0270  max mem: 17528
Epoch: [5/80]  [600/924]  eta: 0:06:06  lr: 0.000013  loss: 36.3040 (36.3851)  loss_bbox: 0.2330 (0.2346)  loss_bbox_aux_0: 0.2526 (0.2586)  loss_bbox_aux_1: 0.2359 (0.2383)  loss_bbox_aux_2: 0.2333 (0.2352)  loss_bbox_aux_3: 0.2328 (0.2347)  loss_bbox_aux_4: 0.2330 (0.2346)  loss_bbox_dn_0: 0.3345 (0.3576)  loss_bbox_dn_1: 0.2703 (0.2780)  loss_bbox_dn_2: 0.2592 (0.2647)  loss_bbox_dn_3: 0.2564 (0.2615)  loss_bbox_dn_4: 0.2561 (0.2608)  loss_bbox_dn_5: 0.2560 (0.2608)  loss_bbox_dn_pre: 0.3388 (0.3622)  loss_bbox_enc_0: 0.3070 (0.3148)  loss_bbox_pre: 0.2533 (0.2589)  loss_ddf_aux_0: 0.1060 (0.1162)  loss_ddf_aux_1: 0.0147 (0.0158)  loss_ddf_aux_2: 0.0020 (0.0020)  loss_ddf_aux_3: 0.0003 (0.0003)  loss_ddf_aux_4: 0.0001 (0.0001)  loss_ddf_dn_0: 0.2919 (0.3195)  loss_ddf_dn_1: 0.0417 (0.0452)  loss_ddf_dn_2: 0.0065 (0.0071)  loss_ddf_dn_3: 0.0009 (0.0010)  loss_ddf_dn_4: 0.0001 (0.0001)  loss_ddf_dn_5: 0.0000 (0.0000)  loss_fgl: 0.9673 (0.9715)  loss_fgl_aux_0: 1.0217 (1.0255)  loss_fgl_aux_1: 0.9736 (0.9779)  loss_fgl_aux_2: 0.9685 (0.9718)  loss_fgl_aux_3: 0.9676 (0.9715)  loss_fgl_aux_4: 0.9673 (0.9715)  loss_fgl_dn_0: 1.1033 (1.1056)  loss_fgl_dn_1: 1.0136 (1.0155)  loss_fgl_dn_2: 1.0043 (1.0056)  loss_fgl_dn_3: 1.0053 (1.0061)  loss_fgl_dn_4: 1.0057 (1.0066)  loss_fgl_dn_5: 1.0058 (1.0067)  loss_giou: 0.6456 (0.6507)  loss_giou_aux_0: 0.6744 (0.6897)  loss_giou_aux_1: 0.6521 (0.6565)  loss_giou_aux_2: 0.6465 (0.6513)  loss_giou_aux_3: 0.6458 (0.6508)  loss_giou_aux_4: 0.6456 (0.6507)  loss_giou_dn_0: 0.7487 (0.7638)  loss_giou_dn_1: 0.6304 (0.6308)  loss_giou_dn_2: 0.6084 (0.6095)  loss_giou_dn_3: 0.6024 (0.6044)  loss_giou_dn_4: 0.6015 (0.6032)  loss_giou_dn_5: 0.6013 (0.6031)  loss_giou_dn_pre: 0.7452 (0.7631)  loss_giou_enc_0: 0.7635 (0.7765)  loss_giou_pre: 0.6730 (0.6877)  loss_vfl: 0.7439 (0.7539)  loss_vfl_aux_0: 0.8158 (0.8335)  loss_vfl_aux_1: 0.8080 (0.8230)  loss_vfl_aux_2: 0.7831 (0.7917)  loss_vfl_aux_3: 0.7578 (0.7642)  loss_vfl_aux_4: 0.7412 (0.7540)  loss_vfl_dn_0: 0.5083 (0.5076)  loss_vfl_dn_1: 0.4980 (0.5014)  loss_vfl_dn_2: 0.4857 (0.4861)  loss_vfl_dn_3: 0.4718 (0.4755)  loss_vfl_dn_4: 0.4663 (0.4703)  loss_vfl_dn_5: 0.4655 (0.4700)  loss_vfl_dn_pre: 0.5090 (0.5082)  loss_vfl_enc_0: 0.8190 (0.8203)  loss_vfl_pre: 0.8199 (0.8350)  time: 1.2125  data: 0.0291  max mem: 17528
Epoch: [5/80]  [700/924]  eta: 0:04:11  lr: 0.000013  loss: 36.1406 (36.3722)  loss_bbox: 0.2268 (0.2345)  loss_bbox_aux_0: 0.2567 (0.2587)  loss_bbox_aux_1: 0.2312 (0.2382)  loss_bbox_aux_2: 0.2277 (0.2351)  loss_bbox_aux_3: 0.2270 (0.2346)  loss_bbox_aux_4: 0.2269 (0.2345)  loss_bbox_dn_0: 0.3372 (0.3568)  loss_bbox_dn_1: 0.2590 (0.2774)  loss_bbox_dn_2: 0.2473 (0.2642)  loss_bbox_dn_3: 0.2448 (0.2609)  loss_bbox_dn_4: 0.2441 (0.2603)  loss_bbox_dn_5: 0.2440 (0.2603)  loss_bbox_dn_pre: 0.3423 (0.3613)  loss_bbox_enc_0: 0.3111 (0.3147)  loss_bbox_pre: 0.2572 (0.2589)  loss_ddf_aux_0: 0.1115 (0.1165)  loss_ddf_aux_1: 0.0142 (0.0158)  loss_ddf_aux_2: 0.0020 (0.0020)  loss_ddf_aux_3: 0.0003 (0.0003)  loss_ddf_aux_4: 0.0001 (0.0001)  loss_ddf_dn_0: 0.2976 (0.3195)  loss_ddf_dn_1: 0.0419 (0.0451)  loss_ddf_dn_2: 0.0070 (0.0071)  loss_ddf_dn_3: 0.0009 (0.0010)  loss_ddf_dn_4: 0.0001 (0.0001)  loss_ddf_dn_5: 0.0000 (0.0000)  loss_fgl: 0.9706 (0.9706)  loss_fgl_aux_0: 1.0236 (1.0249)  loss_fgl_aux_1: 0.9752 (0.9771)  loss_fgl_aux_2: 0.9709 (0.9710)  loss_fgl_aux_3: 0.9708 (0.9707)  loss_fgl_aux_4: 0.9708 (0.9707)  loss_fgl_dn_0: 1.1024 (1.1054)  loss_fgl_dn_1: 1.0122 (1.0151)  loss_fgl_dn_2: 1.0038 (1.0051)  loss_fgl_dn_3: 1.0038 (1.0056)  loss_fgl_dn_4: 1.0043 (1.0062)  loss_fgl_dn_5: 1.0044 (1.0063)  loss_giou: 0.6481 (0.6518)  loss_giou_aux_0: 0.6897 (0.6909)  loss_giou_aux_1: 0.6563 (0.6576)  loss_giou_aux_2: 0.6486 (0.6524)  loss_giou_aux_3: 0.6478 (0.6518)  loss_giou_aux_4: 0.6479 (0.6518)  loss_giou_dn_0: 0.7571 (0.7641)  loss_giou_dn_1: 0.6268 (0.6311)  loss_giou_dn_2: 0.6075 (0.6099)  loss_giou_dn_3: 0.6036 (0.6048)  loss_giou_dn_4: 0.6023 (0.6036)  loss_giou_dn_5: 0.6022 (0.6035)  loss_giou_dn_pre: 0.7530 (0.7633)  loss_giou_enc_0: 0.7852 (0.7777)  loss_giou_pre: 0.6893 (0.6888)  loss_vfl: 0.7418 (0.7526)  loss_vfl_aux_0: 0.8153 (0.8323)  loss_vfl_aux_1: 0.8159 (0.8222)  loss_vfl_aux_2: 0.7830 (0.7910)  loss_vfl_aux_3: 0.7546 (0.7631)  loss_vfl_aux_4: 0.7435 (0.7527)  loss_vfl_dn_0: 0.5046 (0.5074)  loss_vfl_dn_1: 0.4984 (0.5010)  loss_vfl_dn_2: 0.4816 (0.4856)  loss_vfl_dn_3: 0.4740 (0.4750)  loss_vfl_dn_4: 0.4688 (0.4699)  loss_vfl_dn_5: 0.4695 (0.4695)  loss_vfl_dn_pre: 0.5048 (0.5079)  loss_vfl_enc_0: 0.8044 (0.8183)  loss_vfl_pre: 0.8144 (0.8339)  time: 1.0745  data: 0.0291  max mem: 17528
Epoch: [5/80]  [800/924]  eta: 0:02:18  lr: 0.000013  loss: 36.4232 (36.3525)  loss_bbox: 0.2405 (0.2344)  loss_bbox_aux_0: 0.2694 (0.2587)  loss_bbox_aux_1: 0.2469 (0.2382)  loss_bbox_aux_2: 0.2411 (0.2350)  loss_bbox_aux_3: 0.2406 (0.2345)  loss_bbox_aux_4: 0.2405 (0.2344)  loss_bbox_dn_0: 0.3584 (0.3563)  loss_bbox_dn_1: 0.2821 (0.2767)  loss_bbox_dn_2: 0.2714 (0.2635)  loss_bbox_dn_3: 0.2695 (0.2603)  loss_bbox_dn_4: 0.2687 (0.2597)  loss_bbox_dn_5: 0.2686 (0.2596)  loss_bbox_dn_pre: 0.3627 (0.3607)  loss_bbox_enc_0: 0.3230 (0.3147)  loss_bbox_pre: 0.2702 (0.2590)  loss_ddf_aux_0: 0.1300 (0.1172)  loss_ddf_aux_1: 0.0174 (0.0159)  loss_ddf_aux_2: 0.0024 (0.0020)  loss_ddf_aux_3: 0.0003 (0.0003)  loss_ddf_aux_4: 0.0001 (0.0001)  loss_ddf_dn_0: 0.3325 (0.3193)  loss_ddf_dn_1: 0.0473 (0.0451)  loss_ddf_dn_2: 0.0079 (0.0071)  loss_ddf_dn_3: 0.0010 (0.0010)  loss_ddf_dn_4: 0.0001 (0.0001)  loss_ddf_dn_5: 0.0000 (0.0000)  loss_fgl: 0.9729 (0.9702)  loss_fgl_aux_0: 1.0254 (1.0251)  loss_fgl_aux_1: 0.9819 (0.9767)  loss_fgl_aux_2: 0.9734 (0.9706)  loss_fgl_aux_3: 0.9730 (0.9703)  loss_fgl_aux_4: 0.9730 (0.9702)  loss_fgl_dn_0: 1.1139 (1.1055)  loss_fgl_dn_1: 1.0183 (1.0148)  loss_fgl_dn_2: 1.0060 (1.0048)  loss_fgl_dn_3: 1.0059 (1.0053)  loss_fgl_dn_4: 1.0065 (1.0058)  loss_fgl_dn_5: 1.0065 (1.0059)  loss_giou: 0.6505 (0.6519)  loss_giou_aux_0: 0.6861 (0.6910)  loss_giou_aux_1: 0.6559 (0.6577)  loss_giou_aux_2: 0.6503 (0.6525)  loss_giou_aux_3: 0.6502 (0.6519)  loss_giou_aux_4: 0.6503 (0.6519)  loss_giou_dn_0: 0.7513 (0.7631)  loss_giou_dn_1: 0.6212 (0.6304)  loss_giou_dn_2: 0.5978 (0.6091)  loss_giou_dn_3: 0.5953 (0.6040)  loss_giou_dn_4: 0.5939 (0.6029)  loss_giou_dn_5: 0.5939 (0.6028)  loss_giou_dn_pre: 0.7485 (0.7622)  loss_giou_enc_0: 0.7743 (0.7776)  loss_giou_pre: 0.6859 (0.6890)  loss_vfl: 0.7577 (0.7520)  loss_vfl_aux_0: 0.8398 (0.8321)  loss_vfl_aux_1: 0.8290 (0.8214)  loss_vfl_aux_2: 0.7985 (0.7903)  loss_vfl_aux_3: 0.7622 (0.7624)  loss_vfl_aux_4: 0.7579 (0.7521)  loss_vfl_dn_0: 0.5077 (0.5075)  loss_vfl_dn_1: 0.5021 (0.5006)  loss_vfl_dn_2: 0.4825 (0.4851)  loss_vfl_dn_3: 0.4724 (0.4745)  loss_vfl_dn_4: 0.4683 (0.4694)  loss_vfl_dn_5: 0.4677 (0.4691)  loss_vfl_dn_pre: 0.5083 (0.5080)  loss_vfl_enc_0: 0.8069 (0.8175)  loss_vfl_pre: 0.8370 (0.8337)  time: 1.0758  data: 0.0286  max mem: 17528
Epoch: [5/80]  [900/924]  eta: 0:00:26  lr: 0.000013  loss: 36.0230 (36.3334)  loss_bbox: 0.2211 (0.2340)  loss_bbox_aux_0: 0.2430 (0.2583)  loss_bbox_aux_1: 0.2251 (0.2377)  loss_bbox_aux_2: 0.2224 (0.2346)  loss_bbox_aux_3: 0.2216 (0.2341)  loss_bbox_aux_4: 0.2212 (0.2340)  loss_bbox_dn_0: 0.3297 (0.3556)  loss_bbox_dn_1: 0.2624 (0.2761)  loss_bbox_dn_2: 0.2487 (0.2630)  loss_bbox_dn_3: 0.2438 (0.2598)  loss_bbox_dn_4: 0.2425 (0.2591)  loss_bbox_dn_5: 0.2425 (0.2591)  loss_bbox_dn_pre: 0.3319 (0.3601)  loss_bbox_enc_0: 0.2957 (0.3141)  loss_bbox_pre: 0.2436 (0.2586)  loss_ddf_aux_0: 0.1027 (0.1172)  loss_ddf_aux_1: 0.0149 (0.0158)  loss_ddf_aux_2: 0.0019 (0.0021)  loss_ddf_aux_3: 0.0003 (0.0003)  loss_ddf_aux_4: 0.0001 (0.0001)  loss_ddf_dn_0: 0.2982 (0.3189)  loss_ddf_dn_1: 0.0424 (0.0448)  loss_ddf_dn_2: 0.0062 (0.0071)  loss_ddf_dn_3: 0.0009 (0.0010)  loss_ddf_dn_4: 0.0001 (0.0001)  loss_ddf_dn_5: 0.0000 (0.0000)  loss_fgl: 0.9658 (0.9704)  loss_fgl_aux_0: 1.0134 (1.0253)  loss_fgl_aux_1: 0.9731 (0.9768)  loss_fgl_aux_2: 0.9664 (0.9708)  loss_fgl_aux_3: 0.9659 (0.9705)  loss_fgl_aux_4: 0.9658 (0.9704)  loss_fgl_dn_0: 1.0981 (1.1057)  loss_fgl_dn_1: 1.0119 (1.0147)  loss_fgl_dn_2: 1.0026 (1.0047)  loss_fgl_dn_3: 1.0027 (1.0052)  loss_fgl_dn_4: 1.0031 (1.0057)  loss_fgl_dn_5: 1.0032 (1.0058)  loss_giou: 0.6587 (0.6513)  loss_giou_aux_0: 0.7002 (0.6904)  loss_giou_aux_1: 0.6668 (0.6571)  loss_giou_aux_2: 0.6590 (0.6519)  loss_giou_aux_3: 0.6587 (0.6513)  loss_giou_aux_4: 0.6586 (0.6513)  loss_giou_dn_0: 0.7570 (0.7619)  loss_giou_dn_1: 0.6250 (0.6291)  loss_giou_dn_2: 0.6058 (0.6080)  loss_giou_dn_3: 0.6024 (0.6029)  loss_giou_dn_4: 0.6007 (0.6018)  loss_giou_dn_5: 0.6005 (0.6017)  loss_giou_dn_pre: 0.7556 (0.7610)  loss_giou_enc_0: 0.7893 (0.7769)  loss_giou_pre: 0.6982 (0.6884)  loss_vfl: 0.7413 (0.7523)  loss_vfl_aux_0: 0.8083 (0.8322)  loss_vfl_aux_1: 0.8018 (0.8214)  loss_vfl_aux_2: 0.7814 (0.7903)  loss_vfl_aux_3: 0.7518 (0.7627)  loss_vfl_aux_4: 0.7370 (0.7523)  loss_vfl_dn_0: 0.5062 (0.5077)  loss_vfl_dn_1: 0.5001 (0.5006)  loss_vfl_dn_2: 0.4828 (0.4851)  loss_vfl_dn_3: 0.4728 (0.4745)  loss_vfl_dn_4: 0.4670 (0.4694)  loss_vfl_dn_5: 0.4680 (0.4690)  loss_vfl_dn_pre: 0.5067 (0.5083)  loss_vfl_enc_0: 0.8071 (0.8175)  loss_vfl_pre: 0.8126 (0.8338)  time: 1.0872  data: 0.0263  max mem: 17528
Epoch: [5/80]  [923/924]  eta: 0:00:01  lr: 0.000013  loss: 36.3702 (36.3314)  loss_bbox: 0.2329 (0.2340)  loss_bbox_aux_0: 0.2558 (0.2583)  loss_bbox_aux_1: 0.2364 (0.2378)  loss_bbox_aux_2: 0.2342 (0.2346)  loss_bbox_aux_3: 0.2332 (0.2341)  loss_bbox_aux_4: 0.2330 (0.2340)  loss_bbox_dn_0: 0.3546 (0.3556)  loss_bbox_dn_1: 0.2759 (0.2761)  loss_bbox_dn_2: 0.2641 (0.2630)  loss_bbox_dn_3: 0.2593 (0.2598)  loss_bbox_dn_4: 0.2582 (0.2591)  loss_bbox_dn_5: 0.2581 (0.2591)  loss_bbox_dn_pre: 0.3596 (0.3600)  loss_bbox_enc_0: 0.3122 (0.3141)  loss_bbox_pre: 0.2568 (0.2586)  loss_ddf_aux_0: 0.1105 (0.1170)  loss_ddf_aux_1: 0.0154 (0.0158)  loss_ddf_aux_2: 0.0023 (0.0021)  loss_ddf_aux_3: 0.0003 (0.0003)  loss_ddf_aux_4: 0.0001 (0.0001)  loss_ddf_dn_0: 0.3181 (0.3188)  loss_ddf_dn_1: 0.0455 (0.0449)  loss_ddf_dn_2: 0.0074 (0.0071)  loss_ddf_dn_3: 0.0010 (0.0010)  loss_ddf_dn_4: 0.0001 (0.0001)  loss_ddf_dn_5: 0.0000 (0.0000)  loss_fgl: 0.9674 (0.9703)  loss_fgl_aux_0: 1.0178 (1.0252)  loss_fgl_aux_1: 0.9736 (0.9767)  loss_fgl_aux_2: 0.9673 (0.9707)  loss_fgl_aux_3: 0.9675 (0.9704)  loss_fgl_aux_4: 0.9675 (0.9703)  loss_fgl_dn_0: 1.1012 (1.1057)  loss_fgl_dn_1: 1.0098 (1.0146)  loss_fgl_dn_2: 0.9997 (1.0046)  loss_fgl_dn_3: 1.0011 (1.0051)  loss_fgl_dn_4: 1.0017 (1.0057)  loss_fgl_dn_5: 1.0018 (1.0058)  loss_giou: 0.6597 (0.6514)  loss_giou_aux_0: 0.6941 (0.6905)  loss_giou_aux_1: 0.6644 (0.6572)  loss_giou_aux_2: 0.6607 (0.6520)  loss_giou_aux_3: 0.6599 (0.6514)  loss_giou_aux_4: 0.6596 (0.6514)  loss_giou_dn_0: 0.7615 (0.7619)  loss_giou_dn_1: 0.6302 (0.6292)  loss_giou_dn_2: 0.6130 (0.6080)  loss_giou_dn_3: 0.6061 (0.6029)  loss_giou_dn_4: 0.6049 (0.6018)  loss_giou_dn_5: 0.6048 (0.6017)  loss_giou_dn_pre: 0.7596 (0.7610)  loss_giou_enc_0: 0.7874 (0.7769)  loss_giou_pre: 0.6908 (0.6884)  loss_vfl: 0.7498 (0.7522)  loss_vfl_aux_0: 0.8318 (0.8321)  loss_vfl_aux_1: 0.8065 (0.8211)  loss_vfl_aux_2: 0.7880 (0.7902)  loss_vfl_aux_3: 0.7635 (0.7626)  loss_vfl_aux_4: 0.7513 (0.7522)  loss_vfl_dn_0: 0.5029 (0.5076)  loss_vfl_dn_1: 0.4975 (0.5005)  loss_vfl_dn_2: 0.4846 (0.4850)  loss_vfl_dn_3: 0.4718 (0.4744)  loss_vfl_dn_4: 0.4663 (0.4693)  loss_vfl_dn_5: 0.4652 (0.4689)  loss_vfl_dn_pre: 0.5027 (0.5082)  loss_vfl_enc_0: 0.8150 (0.8174)  loss_vfl_pre: 0.8330 (0.8337)  time: 1.0675  data: 0.0295  max mem: 17528
Epoch: [5/80] Total time: 0:17:11 (1.1163 s / it)
Averaged stats: lr: 0.000013  loss: 36.3702 (36.3314)  loss_bbox: 0.2329 (0.2340)  loss_bbox_aux_0: 0.2558 (0.2583)  loss_bbox_aux_1: 0.2364 (0.2378)  loss_bbox_aux_2: 0.2342 (0.2346)  loss_bbox_aux_3: 0.2332 (0.2341)  loss_bbox_aux_4: 0.2330 (0.2340)  loss_bbox_dn_0: 0.3546 (0.3556)  loss_bbox_dn_1: 0.2759 (0.2761)  loss_bbox_dn_2: 0.2641 (0.2630)  loss_bbox_dn_3: 0.2593 (0.2598)  loss_bbox_dn_4: 0.2582 (0.2591)  loss_bbox_dn_5: 0.2581 (0.2591)  loss_bbox_dn_pre: 0.3596 (0.3600)  loss_bbox_enc_0: 0.3122 (0.3141)  loss_bbox_pre: 0.2568 (0.2586)  loss_ddf_aux_0: 0.1105 (0.1170)  loss_ddf_aux_1: 0.0154 (0.0158)  loss_ddf_aux_2: 0.0023 (0.0021)  loss_ddf_aux_3: 0.0003 (0.0003)  loss_ddf_aux_4: 0.0001 (0.0001)  loss_ddf_dn_0: 0.3181 (0.3188)  loss_ddf_dn_1: 0.0455 (0.0449)  loss_ddf_dn_2: 0.0074 (0.0071)  loss_ddf_dn_3: 0.0010 (0.0010)  loss_ddf_dn_4: 0.0001 (0.0001)  loss_ddf_dn_5: 0.0000 (0.0000)  loss_fgl: 0.9674 (0.9703)  loss_fgl_aux_0: 1.0178 (1.0252)  loss_fgl_aux_1: 0.9736 (0.9767)  loss_fgl_aux_2: 0.9673 (0.9707)  loss_fgl_aux_3: 0.9675 (0.9704)  loss_fgl_aux_4: 0.9675 (0.9703)  loss_fgl_dn_0: 1.1012 (1.1057)  loss_fgl_dn_1: 1.0098 (1.0146)  loss_fgl_dn_2: 0.9997 (1.0046)  loss_fgl_dn_3: 1.0011 (1.0051)  loss_fgl_dn_4: 1.0017 (1.0057)  loss_fgl_dn_5: 1.0018 (1.0058)  loss_giou: 0.6597 (0.6514)  loss_giou_aux_0: 0.6941 (0.6905)  loss_giou_aux_1: 0.6644 (0.6572)  loss_giou_aux_2: 0.6607 (0.6520)  loss_giou_aux_3: 0.6599 (0.6514)  loss_giou_aux_4: 0.6596 (0.6514)  loss_giou_dn_0: 0.7615 (0.7619)  loss_giou_dn_1: 0.6302 (0.6292)  loss_giou_dn_2: 0.6130 (0.6080)  loss_giou_dn_3: 0.6061 (0.6029)  loss_giou_dn_4: 0.6049 (0.6018)  loss_giou_dn_5: 0.6048 (0.6017)  loss_giou_dn_pre: 0.7596 (0.7610)  loss_giou_enc_0: 0.7874 (0.7769)  loss_giou_pre: 0.6908 (0.6884)  loss_vfl: 0.7498 (0.7522)  loss_vfl_aux_0: 0.8318 (0.8321)  loss_vfl_aux_1: 0.8065 (0.8211)  loss_vfl_aux_2: 0.7880 (0.7902)  loss_vfl_aux_3: 0.7635 (0.7626)  loss_vfl_aux_4: 0.7513 (0.7522)  loss_vfl_dn_0: 0.5029 (0.5076)  loss_vfl_dn_1: 0.4975 (0.5005)  loss_vfl_dn_2: 0.4846 (0.4850)  loss_vfl_dn_3: 0.4718 (0.4744)  loss_vfl_dn_4: 0.4663 (0.4693)  loss_vfl_dn_5: 0.4652 (0.4689)  loss_vfl_dn_pre: 0.5027 (0.5082)  loss_vfl_enc_0: 0.8150 (0.8174)  loss_vfl_pre: 0.8330 (0.8337)
Test:  [ 0/79]  eta: 0:01:32    time: 1.1745  data: 0.9659  max mem: 17528
Test:  [10/79]  eta: 0:00:20    time: 0.2956  data: 0.0993  max mem: 17528
Test:  [20/79]  eta: 0:00:23    time: 0.3528  data: 0.0135  max mem: 17528
Test:  [30/79]  eta: 0:00:16    time: 0.3528  data: 0.0142  max mem: 17528
Test:  [40/79]  eta: 0:00:11    time: 0.2060  data: 0.0135  max mem: 17528
Test:  [50/79]  eta: 0:00:08    time: 0.2043  data: 0.0126  max mem: 17528
Test:  [60/79]  eta: 0:00:05    time: 0.2015  data: 0.0122  max mem: 17528
Test:  [70/79]  eta: 0:00:02    time: 0.2044  data: 0.0135  max mem: 17528
Test:  [78/79]  eta: 0:00:00    time: 0.1946  data: 0.0133  max mem: 17528
Test: Total time: 0:00:20 (0.2556 s / it)
Metrics: {'f1': 0.6300922143107272, 'precision': 0.6911651728553136, 'recall': 0.5789360789360789, 'iou': 0.3938230985512763, 'TPs': 2699, 'FPs': 1206, 'FNs': 1963}
Averaged stats: 
Accumulating evaluation results...
COCOeval_opt.accumulate() finished...
DONE (t=3.13s).
IoU metric: bbox
 Average Precision  (AP) @[ IoU=0.50:0.95 | area=   all | maxDets=100 ] = 0.455
 Average Precision  (AP) @[ IoU=0.50      | area=   all | maxDets=100 ] = 0.623
 Average Precision  (AP) @[ IoU=0.75      | area=   all | maxDets=100 ] = 0.493
 Average Precision  (AP) @[ IoU=0.50:0.95 | area= small | maxDets=100 ] = 0.257
 Average Precision  (AP) @[ IoU=0.50:0.95 | area=medium | maxDets=100 ] = 0.500
 Average Precision  (AP) @[ IoU=0.50:0.95 | area= large | maxDets=100 ] = 0.640
 Average Recall     (AR) @[ IoU=0.50:0.95 | area=   all | maxDets=  1 ] = 0.360
 Average Recall     (AR) @[ IoU=0.50:0.95 | area=   all | maxDets= 10 ] = 0.599
 Average Recall     (AR) @[ IoU=0.50:0.95 | area=   all | maxDets=100 ] = 0.670
 Average Recall     (AR) @[ IoU=0.50:0.95 | area= small | maxDets=100 ] = 0.462
 Average Recall     (AR) @[ IoU=0.50:0.95 | area=medium | maxDets=100 ] = 0.727
 Average Recall     (AR) @[ IoU=0.50:0.95 | area= large | maxDets=100 ] = 0.868
 Average Recall     (AR) @[ IoU=0.50      | area=   all | maxDets=100 ] = 0.871
 Average Recall     (AR) @[ IoU=0.75      | area=   all | maxDets=100 ] = 0.719
best_stat: {'epoch': 5, 'coco_eval_bbox': 0.4550593779027681}
Epoch: [6/80]  [  0/924]  eta: 0:47:11  lr: 0.000013  loss: 36.2582 (36.2582)  loss_bbox: 0.2281 (0.2281)  loss_bbox_aux_0: 0.2546 (0.2546)  loss_bbox_aux_1: 0.2310 (0.2310)  loss_bbox_aux_2: 0.2275 (0.2275)  loss_bbox_aux_3: 0.2282 (0.2282)  loss_bbox_aux_4: 0.2283 (0.2283)  loss_bbox_dn_0: 0.3670 (0.3670)  loss_bbox_dn_1: 0.2892 (0.2892)  loss_bbox_dn_2: 0.2787 (0.2787)  loss_bbox_dn_3: 0.2780 (0.2780)  loss_bbox_dn_4: 0.2766 (0.2766)  loss_bbox_dn_5: 0.2763 (0.2763)  loss_bbox_dn_pre: 0.3677 (0.3677)  loss_bbox_enc_0: 0.3118 (0.3118)  loss_bbox_pre: 0.2544 (0.2544)  loss_ddf_aux_0: 0.1006 (0.1006)  loss_ddf_aux_1: 0.0156 (0.0156)  loss_ddf_aux_2: 0.0025 (0.0025)  loss_ddf_aux_3: 0.0003 (0.0003)  loss_ddf_aux_4: 0.0001 (0.0001)  loss_ddf_dn_0: 0.2676 (0.2676)  loss_ddf_dn_1: 0.0420 (0.0420)  loss_ddf_dn_2: 0.0069 (0.0069)  loss_ddf_dn_3: 0.0008 (0.0008)  loss_ddf_dn_4: 0.0001 (0.0001)  loss_ddf_dn_5: 0.0000 (0.0000)  loss_fgl: 0.9794 (0.9794)  loss_fgl_aux_0: 1.0294 (1.0294)  loss_fgl_aux_1: 0.9852 (0.9852)  loss_fgl_aux_2: 0.9809 (0.9809)  loss_fgl_aux_3: 0.9796 (0.9796)  loss_fgl_aux_4: 0.9794 (0.9794)  loss_fgl_dn_0: 1.1073 (1.1073)  loss_fgl_dn_1: 1.0185 (1.0185)  loss_fgl_dn_2: 1.0084 (1.0084)  loss_fgl_dn_3: 1.0080 (1.0080)  loss_fgl_dn_4: 1.0093 (1.0093)  loss_fgl_dn_5: 1.0094 (1.0094)  loss_giou: 0.6429 (0.6429)  loss_giou_aux_0: 0.6715 (0.6715)  loss_giou_aux_1: 0.6436 (0.6436)  loss_giou_aux_2: 0.6402 (0.6402)  loss_giou_aux_3: 0.6426 (0.6426)  loss_giou_aux_4: 0.6429 (0.6429)  loss_giou_dn_0: 0.7277 (0.7277)  loss_giou_dn_1: 0.6022 (0.6022)  loss_giou_dn_2: 0.5862 (0.5862)  loss_giou_dn_3: 0.5845 (0.5845)  loss_giou_dn_4: 0.5821 (0.5821)  loss_giou_dn_5: 0.5817 (0.5817)  loss_giou_dn_pre: 0.7267 (0.7267)  loss_giou_enc_0: 0.7558 (0.7558)  loss_giou_pre: 0.6693 (0.6693)  loss_vfl: 0.7673 (0.7673)  loss_vfl_aux_0: 0.8566 (0.8566)  loss_vfl_aux_1: 0.8763 (0.8763)  loss_vfl_aux_2: 0.8082 (0.8082)  loss_vfl_aux_3: 0.7728 (0.7728)  loss_vfl_aux_4: 0.7720 (0.7720)  loss_vfl_dn_0: 0.5064 (0.5064)  loss_vfl_dn_1: 0.4856 (0.4856)  loss_vfl_dn_2: 0.4674 (0.4674)  loss_vfl_dn_3: 0.4606 (0.4606)  loss_vfl_dn_4: 0.4580 (0.4580)  loss_vfl_dn_5: 0.4579 (0.4579)  loss_vfl_dn_pre: 0.5075 (0.5075)  loss_vfl_enc_0: 0.8734 (0.8734)  loss_vfl_pre: 0.8600 (0.8600)  time: 3.0640  data: 2.0346  max mem: 17528
Epoch: [6/80]  [100/924]  eta: 0:15:20  lr: 0.000013  loss: 36.1411 (36.1178)  loss_bbox: 0.2288 (0.2315)  loss_bbox_aux_0: 0.2526 (0.2552)  loss_bbox_aux_1: 0.2324 (0.2352)  loss_bbox_aux_2: 0.2300 (0.2322)  loss_bbox_aux_3: 0.2292 (0.2316)  loss_bbox_aux_4: 0.2288 (0.2316)  loss_bbox_dn_0: 0.3420 (0.3510)  loss_bbox_dn_1: 0.2632 (0.2720)  loss_bbox_dn_2: 0.2577 (0.2591)  loss_bbox_dn_3: 0.2572 (0.2561)  loss_bbox_dn_4: 0.2578 (0.2554)  loss_bbox_dn_5: 0.2579 (0.2554)  loss_bbox_dn_pre: 0.3455 (0.3553)  loss_bbox_enc_0: 0.3095 (0.3092)  loss_bbox_pre: 0.2532 (0.2556)  loss_ddf_aux_0: 0.1103 (0.1115)  loss_ddf_aux_1: 0.0148 (0.0154)  loss_ddf_aux_2: 0.0020 (0.0021)  loss_ddf_aux_3: 0.0003 (0.0003)  loss_ddf_aux_4: 0.0001 (0.0001)  loss_ddf_dn_0: 0.3063 (0.3105)  loss_ddf_dn_1: 0.0430 (0.0437)  loss_ddf_dn_2: 0.0070 (0.0069)  loss_ddf_dn_3: 0.0010 (0.0010)  loss_ddf_dn_4: 0.0001 (0.0001)  loss_ddf_dn_5: 0.0000 (0.0000)  loss_fgl: 0.9750 (0.9711)  loss_fgl_aux_0: 1.0259 (1.0259)  loss_fgl_aux_1: 0.9809 (0.9770)  loss_fgl_aux_2: 0.9748 (0.9715)  loss_fgl_aux_3: 0.9746 (0.9712)  loss_fgl_aux_4: 0.9749 (0.9712)  loss_fgl_dn_0: 1.1090 (1.1065)  loss_fgl_dn_1: 1.0144 (1.0138)  loss_fgl_dn_2: 1.0051 (1.0043)  loss_fgl_dn_3: 1.0060 (1.0050)  loss_fgl_dn_4: 1.0063 (1.0055)  loss_fgl_dn_5: 1.0064 (1.0056)  loss_giou: 0.6379 (0.6505)  loss_giou_aux_0: 0.6780 (0.6879)  loss_giou_aux_1: 0.6437 (0.6562)  loss_giou_aux_2: 0.6379 (0.6510)  loss_giou_aux_3: 0.6380 (0.6505)  loss_giou_aux_4: 0.6380 (0.6505)  loss_giou_dn_0: 0.7430 (0.7510)  loss_giou_dn_1: 0.6133 (0.6217)  loss_giou_dn_2: 0.5964 (0.6012)  loss_giou_dn_3: 0.5908 (0.5963)  loss_giou_dn_4: 0.5891 (0.5951)  loss_giou_dn_5: 0.5889 (0.5951)  loss_giou_dn_pre: 0.7413 (0.7499)  loss_giou_enc_0: 0.7648 (0.7721)  loss_giou_pre: 0.6764 (0.6858)  loss_vfl: 0.7499 (0.7444)  loss_vfl_aux_0: 0.8347 (0.8241)  loss_vfl_aux_1: 0.8148 (0.8133)  loss_vfl_aux_2: 0.7881 (0.7844)  loss_vfl_aux_3: 0.7564 (0.7545)  loss_vfl_aux_4: 0.7513 (0.7457)  loss_vfl_dn_0: 0.5078 (0.5072)  loss_vfl_dn_1: 0.4972 (0.4961)  loss_vfl_dn_2: 0.4814 (0.4805)  loss_vfl_dn_3: 0.4689 (0.4701)  loss_vfl_dn_4: 0.4659 (0.4650)  loss_vfl_dn_5: 0.4678 (0.4645)  loss_vfl_dn_pre: 0.5086 (0.5078)  loss_vfl_enc_0: 0.8061 (0.8133)  loss_vfl_pre: 0.8389 (0.8255)  time: 1.0855  data: 0.0274  max mem: 17528
Epoch: [6/80]  [200/924]  eta: 0:13:18  lr: 0.000013  loss: 35.9864 (36.0625)  loss_bbox: 0.2205 (0.2301)  loss_bbox_aux_0: 0.2453 (0.2536)  loss_bbox_aux_1: 0.2259 (0.2338)  loss_bbox_aux_2: 0.2216 (0.2307)  loss_bbox_aux_3: 0.2208 (0.2302)  loss_bbox_aux_4: 0.2206 (0.2301)  loss_bbox_dn_0: 0.3338 (0.3482)  loss_bbox_dn_1: 0.2603 (0.2694)  loss_bbox_dn_2: 0.2453 (0.2565)  loss_bbox_dn_3: 0.2427 (0.2534)  loss_bbox_dn_4: 0.2425 (0.2527)  loss_bbox_dn_5: 0.2427 (0.2527)  loss_bbox_dn_pre: 0.3415 (0.3528)  loss_bbox_enc_0: 0.2999 (0.3073)  loss_bbox_pre: 0.2469 (0.2541)  loss_ddf_aux_0: 0.1075 (0.1104)  loss_ddf_aux_1: 0.0138 (0.0150)  loss_ddf_aux_2: 0.0019 (0.0020)  loss_ddf_aux_3: 0.0003 (0.0003)  loss_ddf_aux_4: 0.0001 (0.0001)  loss_ddf_dn_0: 0.3123 (0.3124)  loss_ddf_dn_1: 0.0407 (0.0434)  loss_ddf_dn_2: 0.0064 (0.0070)  loss_ddf_dn_3: 0.0009 (0.0009)  loss_ddf_dn_4: 0.0001 (0.0001)  loss_ddf_dn_5: 0.0000 (0.0000)  loss_fgl: 0.9604 (0.9694)  loss_fgl_aux_0: 1.0222 (1.0248)  loss_fgl_aux_1: 0.9659 (0.9755)  loss_fgl_aux_2: 0.9608 (0.9697)  loss_fgl_aux_3: 0.9605 (0.9695)  loss_fgl_aux_4: 0.9604 (0.9694)  loss_fgl_dn_0: 1.0994 (1.1064)  loss_fgl_dn_1: 1.0091 (1.0126)  loss_fgl_dn_2: 1.0009 (1.0028)  loss_fgl_dn_3: 1.0012 (1.0033)  loss_fgl_dn_4: 1.0017 (1.0039)  loss_fgl_dn_5: 1.0018 (1.0040)  loss_giou: 0.6392 (0.6486)  loss_giou_aux_0: 0.6794 (0.6864)  loss_giou_aux_1: 0.6456 (0.6543)  loss_giou_aux_2: 0.6406 (0.6492)  loss_giou_aux_3: 0.6394 (0.6486)  loss_giou_aux_4: 0.6393 (0.6486)  loss_giou_dn_0: 0.7570 (0.7505)  loss_giou_dn_1: 0.6226 (0.6189)  loss_giou_dn_2: 0.6026 (0.5984)  loss_giou_dn_3: 0.5982 (0.5934)  loss_giou_dn_4: 0.5971 (0.5922)  loss_giou_dn_5: 0.5969 (0.5922)  loss_giou_dn_pre: 0.7546 (0.7496)  loss_giou_enc_0: 0.7666 (0.7707)  loss_giou_pre: 0.6776 (0.6843)  loss_vfl: 0.7390 (0.7479)  loss_vfl_aux_0: 0.8134 (0.8267)  loss_vfl_aux_1: 0.7972 (0.8159)  loss_vfl_aux_2: 0.7660 (0.7858)  loss_vfl_aux_3: 0.7394 (0.7577)  loss_vfl_aux_4: 0.7342 (0.7485)  loss_vfl_dn_0: 0.5063 (0.5073)  loss_vfl_dn_1: 0.4931 (0.4965)  loss_vfl_dn_2: 0.4789 (0.4805)  loss_vfl_dn_3: 0.4687 (0.4700)  loss_vfl_dn_4: 0.4658 (0.4650)  loss_vfl_dn_5: 0.4630 (0.4646)  loss_vfl_dn_pre: 0.5069 (0.5078)  loss_vfl_enc_0: 0.8097 (0.8157)  loss_vfl_pre: 0.8152 (0.8282)  time: 1.0876  data: 0.0301  max mem: 17528
Epoch: [6/80]  [300/924]  eta: 0:11:24  lr: 0.000013  loss: 35.8836 (36.0187)  loss_bbox: 0.2279 (0.2301)  loss_bbox_aux_0: 0.2531 (0.2536)  loss_bbox_aux_1: 0.2323 (0.2339)  loss_bbox_aux_2: 0.2285 (0.2308)  loss_bbox_aux_3: 0.2281 (0.2302)  loss_bbox_aux_4: 0.2278 (0.2302)  loss_bbox_dn_0: 0.3491 (0.3473)  loss_bbox_dn_1: 0.2659 (0.2697)  loss_bbox_dn_2: 0.2519 (0.2570)  loss_bbox_dn_3: 0.2480 (0.2538)  loss_bbox_dn_4: 0.2472 (0.2532)  loss_bbox_dn_5: 0.2472 (0.2532)  loss_bbox_dn_pre: 0.3504 (0.3519)  loss_bbox_enc_0: 0.3068 (0.3073)  loss_bbox_pre: 0.2544 (0.2540)  loss_ddf_aux_0: 0.1051 (0.1092)  loss_ddf_aux_1: 0.0157 (0.0150)  loss_ddf_aux_2: 0.0022 (0.0020)  loss_ddf_aux_3: 0.0003 (0.0003)  loss_ddf_aux_4: 0.0001 (0.0001)  loss_ddf_dn_0: 0.3058 (0.3082)  loss_ddf_dn_1: 0.0450 (0.0430)  loss_ddf_dn_2: 0.0072 (0.0069)  loss_ddf_dn_3: 0.0009 (0.0009)  loss_ddf_dn_4: 0.0001 (0.0001)  loss_ddf_dn_5: 0.0000 (0.0000)  loss_fgl: 0.9771 (0.9700)  loss_fgl_aux_0: 1.0218 (1.0246)  loss_fgl_aux_1: 0.9837 (0.9763)  loss_fgl_aux_2: 0.9776 (0.9704)  loss_fgl_aux_3: 0.9772 (0.9701)  loss_fgl_aux_4: 0.9772 (0.9701)  loss_fgl_dn_0: 1.1061 (1.1066)  loss_fgl_dn_1: 1.0140 (1.0132)  loss_fgl_dn_2: 1.0038 (1.0034)  loss_fgl_dn_3: 1.0040 (1.0040)  loss_fgl_dn_4: 1.0045 (1.0045)  loss_fgl_dn_5: 1.0046 (1.0046)  loss_giou: 0.6326 (0.6474)  loss_giou_aux_0: 0.6722 (0.6850)  loss_giou_aux_1: 0.6392 (0.6531)  loss_giou_aux_2: 0.6332 (0.6480)  loss_giou_aux_3: 0.6327 (0.6474)  loss_giou_aux_4: 0.6325 (0.6474)  loss_giou_dn_0: 0.7354 (0.7470)  loss_giou_dn_1: 0.6117 (0.6173)  loss_giou_dn_2: 0.5884 (0.5970)  loss_giou_dn_3: 0.5824 (0.5920)  loss_giou_dn_4: 0.5812 (0.5908)  loss_giou_dn_5: 0.5812 (0.5908)  loss_giou_dn_pre: 0.7339 (0.7461)  loss_giou_enc_0: 0.7687 (0.7694)  loss_giou_pre: 0.6707 (0.6830)  loss_vfl: 0.7415 (0.7454)  loss_vfl_aux_0: 0.8211 (0.8246)  loss_vfl_aux_1: 0.8149 (0.8134)  loss_vfl_aux_2: 0.7700 (0.7830)  loss_vfl_aux_3: 0.7544 (0.7558)  loss_vfl_aux_4: 0.7425 (0.7460)  loss_vfl_dn_0: 0.5060 (0.5075)  loss_vfl_dn_1: 0.4937 (0.4958)  loss_vfl_dn_2: 0.4820 (0.4799)  loss_vfl_dn_3: 0.4713 (0.4694)  loss_vfl_dn_4: 0.4627 (0.4643)  loss_vfl_dn_5: 0.4619 (0.4639)  loss_vfl_dn_pre: 0.5070 (0.5081)  loss_vfl_enc_0: 0.8098 (0.8138)  loss_vfl_pre: 0.8260 (0.8261)  time: 1.0760  data: 0.0310  max mem: 17528
Epoch: [6/80]  [400/924]  eta: 0:09:42  lr: 0.000013  loss: 35.9472 (35.9896)  loss_bbox: 0.2312 (0.2299)  loss_bbox_aux_0: 0.2486 (0.2529)  loss_bbox_aux_1: 0.2338 (0.2335)  loss_bbox_aux_2: 0.2313 (0.2305)  loss_bbox_aux_3: 0.2311 (0.2300)  loss_bbox_aux_4: 0.2310 (0.2299)  loss_bbox_dn_0: 0.3378 (0.3463)  loss_bbox_dn_1: 0.2546 (0.2688)  loss_bbox_dn_2: 0.2443 (0.2562)  loss_bbox_dn_3: 0.2413 (0.2530)  loss_bbox_dn_4: 0.2403 (0.2524)  loss_bbox_dn_5: 0.2402 (0.2524)  loss_bbox_dn_pre: 0.3390 (0.3508)  loss_bbox_enc_0: 0.2981 (0.3063)  loss_bbox_pre: 0.2500 (0.2533)  loss_ddf_aux_0: 0.1019 (0.1084)  loss_ddf_aux_1: 0.0148 (0.0149)  loss_ddf_aux_2: 0.0022 (0.0021)  loss_ddf_aux_3: 0.0003 (0.0003)  loss_ddf_aux_4: 0.0001 (0.0001)  loss_ddf_dn_0: 0.3140 (0.3087)  loss_ddf_dn_1: 0.0460 (0.0429)  loss_ddf_dn_2: 0.0077 (0.0069)  loss_ddf_dn_3: 0.0012 (0.0009)  loss_ddf_dn_4: 0.0001 (0.0001)  loss_ddf_dn_5: 0.0000 (0.0000)  loss_fgl: 0.9652 (0.9695)  loss_fgl_aux_0: 1.0159 (1.0234)  loss_fgl_aux_1: 0.9708 (0.9756)  loss_fgl_aux_2: 0.9651 (0.9698)  loss_fgl_aux_3: 0.9651 (0.9696)  loss_fgl_aux_4: 0.9652 (0.9695)  loss_fgl_dn_0: 1.0969 (1.1062)  loss_fgl_dn_1: 1.0041 (1.0125)  loss_fgl_dn_2: 0.9945 (1.0027)  loss_fgl_dn_3: 0.9967 (1.0032)  loss_fgl_dn_4: 0.9972 (1.0038)  loss_fgl_dn_5: 0.9973 (1.0039)  loss_giou: 0.6521 (0.6482)  loss_giou_aux_0: 0.6925 (0.6854)  loss_giou_aux_1: 0.6598 (0.6539)  loss_giou_aux_2: 0.6529 (0.6488)  loss_giou_aux_3: 0.6524 (0.6482)  loss_giou_aux_4: 0.6523 (0.6482)  loss_giou_dn_0: 0.7634 (0.7465)  loss_giou_dn_1: 0.6249 (0.6169)  loss_giou_dn_2: 0.6046 (0.5967)  loss_giou_dn_3: 0.5981 (0.5917)  loss_giou_dn_4: 0.5967 (0.5906)  loss_giou_dn_5: 0.5968 (0.5905)  loss_giou_dn_pre: 0.7616 (0.7455)  loss_giou_enc_0: 0.7715 (0.7697)  loss_giou_pre: 0.6903 (0.6834)  loss_vfl: 0.7200 (0.7439)  loss_vfl_aux_0: 0.8101 (0.8237)  loss_vfl_aux_1: 0.7823 (0.8110)  loss_vfl_aux_2: 0.7576 (0.7814)  loss_vfl_aux_3: 0.7346 (0.7544)  loss_vfl_aux_4: 0.7177 (0.7444)  loss_vfl_dn_0: 0.5027 (0.5075)  loss_vfl_dn_1: 0.4902 (0.4957)  loss_vfl_dn_2: 0.4756 (0.4797)  loss_vfl_dn_3: 0.4663 (0.4691)  loss_vfl_dn_4: 0.4618 (0.4641)  loss_vfl_dn_5: 0.4634 (0.4637)  loss_vfl_dn_pre: 0.5032 (0.5081)  loss_vfl_enc_0: 0.7920 (0.8122)  loss_vfl_pre: 0.8108 (0.8253)  time: 1.2265  data: 0.0292  max mem: 17528
Epoch: [6/80]  [500/924]  eta: 0:07:55  lr: 0.000013  loss: 35.7619 (35.9737)  loss_bbox: 0.2213 (0.2297)  loss_bbox_aux_0: 0.2462 (0.2527)  loss_bbox_aux_1: 0.2278 (0.2333)  loss_bbox_aux_2: 0.2232 (0.2303)  loss_bbox_aux_3: 0.2216 (0.2298)  loss_bbox_aux_4: 0.2213 (0.2297)  loss_bbox_dn_0: 0.3450 (0.3463)  loss_bbox_dn_1: 0.2636 (0.2685)  loss_bbox_dn_2: 0.2536 (0.2558)  loss_bbox_dn_3: 0.2521 (0.2526)  loss_bbox_dn_4: 0.2516 (0.2520)  loss_bbox_dn_5: 0.2515 (0.2520)  loss_bbox_dn_pre: 0.3478 (0.3507)  loss_bbox_enc_0: 0.2985 (0.3057)  loss_bbox_pre: 0.2474 (0.2531)  loss_ddf_aux_0: 0.1011 (0.1081)  loss_ddf_aux_1: 0.0139 (0.0148)  loss_ddf_aux_2: 0.0021 (0.0021)  loss_ddf_aux_3: 0.0003 (0.0003)  loss_ddf_aux_4: 0.0001 (0.0001)  loss_ddf_dn_0: 0.3184 (0.3098)  loss_ddf_dn_1: 0.0433 (0.0430)  loss_ddf_dn_2: 0.0070 (0.0069)  loss_ddf_dn_3: 0.0008 (0.0009)  loss_ddf_dn_4: 0.0001 (0.0001)  loss_ddf_dn_5: 0.0000 (0.0000)  loss_fgl: 0.9702 (0.9695)  loss_fgl_aux_0: 1.0187 (1.0233)  loss_fgl_aux_1: 0.9767 (0.9755)  loss_fgl_aux_2: 0.9710 (0.9698)  loss_fgl_aux_3: 0.9702 (0.9695)  loss_fgl_aux_4: 0.9702 (0.9695)  loss_fgl_dn_0: 1.1060 (1.1063)  loss_fgl_dn_1: 1.0129 (1.0123)  loss_fgl_dn_2: 1.0002 (1.0025)  loss_fgl_dn_3: 1.0010 (1.0031)  loss_fgl_dn_4: 1.0016 (1.0037)  loss_fgl_dn_5: 1.0018 (1.0038)  loss_giou: 0.6417 (0.6483)  loss_giou_aux_0: 0.6803 (0.6855)  loss_giou_aux_1: 0.6481 (0.6539)  loss_giou_aux_2: 0.6423 (0.6489)  loss_giou_aux_3: 0.6416 (0.6483)  loss_giou_aux_4: 0.6416 (0.6483)  loss_giou_dn_0: 0.7396 (0.7461)  loss_giou_dn_1: 0.6111 (0.6163)  loss_giou_dn_2: 0.5914 (0.5960)  loss_giou_dn_3: 0.5878 (0.5910)  loss_giou_dn_4: 0.5863 (0.5899)  loss_giou_dn_5: 0.5862 (0.5898)  loss_giou_dn_pre: 0.7422 (0.7450)  loss_giou_enc_0: 0.7573 (0.7695)  loss_giou_pre: 0.6772 (0.6835)  loss_vfl: 0.7417 (0.7433)  loss_vfl_aux_0: 0.8181 (0.8221)  loss_vfl_aux_1: 0.8048 (0.8099)  loss_vfl_aux_2: 0.7783 (0.7807)  loss_vfl_aux_3: 0.7628 (0.7542)  loss_vfl_aux_4: 0.7435 (0.7439)  loss_vfl_dn_0: 0.5089 (0.5075)  loss_vfl_dn_1: 0.4941 (0.4956)  loss_vfl_dn_2: 0.4814 (0.4796)  loss_vfl_dn_3: 0.4692 (0.4690)  loss_vfl_dn_4: 0.4622 (0.4639)  loss_vfl_dn_5: 0.4628 (0.4636)  loss_vfl_dn_pre: 0.5100 (0.5081)  loss_vfl_enc_0: 0.8085 (0.8111)  loss_vfl_pre: 0.8214 (0.8237)  time: 1.1109  data: 0.0291  max mem: 17528
Epoch: [6/80]  [600/924]  eta: 0:06:06  lr: 0.000013  loss: 35.8864 (35.9410)  loss_bbox: 0.2282 (0.2289)  loss_bbox_aux_0: 0.2499 (0.2517)  loss_bbox_aux_1: 0.2322 (0.2325)  loss_bbox_aux_2: 0.2291 (0.2295)  loss_bbox_aux_3: 0.2284 (0.2290)  loss_bbox_aux_4: 0.2283 (0.2289)  loss_bbox_dn_0: 0.3424 (0.3447)  loss_bbox_dn_1: 0.2648 (0.2670)  loss_bbox_dn_2: 0.2516 (0.2544)  loss_bbox_dn_3: 0.2481 (0.2512)  loss_bbox_dn_4: 0.2480 (0.2506)  loss_bbox_dn_5: 0.2480 (0.2506)  loss_bbox_dn_pre: 0.3450 (0.3491)  loss_bbox_enc_0: 0.3007 (0.3045)  loss_bbox_pre: 0.2503 (0.2520)  loss_ddf_aux_0: 0.1028 (0.1073)  loss_ddf_aux_1: 0.0135 (0.0147)  loss_ddf_aux_2: 0.0021 (0.0021)  loss_ddf_aux_3: 0.0003 (0.0003)  loss_ddf_aux_4: 0.0001 (0.0001)  loss_ddf_dn_0: 0.3049 (0.3088)  loss_ddf_dn_1: 0.0423 (0.0428)  loss_ddf_dn_2: 0.0065 (0.0069)  loss_ddf_dn_3: 0.0008 (0.0009)  loss_ddf_dn_4: 0.0001 (0.0001)  loss_ddf_dn_5: 0.0000 (0.0000)  loss_fgl: 0.9643 (0.9697)  loss_fgl_aux_0: 1.0141 (1.0231)  loss_fgl_aux_1: 0.9704 (0.9757)  loss_fgl_aux_2: 0.9650 (0.9700)  loss_fgl_aux_3: 0.9645 (0.9698)  loss_fgl_aux_4: 0.9645 (0.9698)  loss_fgl_dn_0: 1.0987 (1.1064)  loss_fgl_dn_1: 1.0075 (1.0123)  loss_fgl_dn_2: 0.9968 (1.0025)  loss_fgl_dn_3: 0.9982 (1.0031)  loss_fgl_dn_4: 0.9987 (1.0037)  loss_fgl_dn_5: 0.9988 (1.0038)  loss_giou: 0.6509 (0.6482)  loss_giou_aux_0: 0.6825 (0.6852)  loss_giou_aux_1: 0.6548 (0.6538)  loss_giou_aux_2: 0.6520 (0.6488)  loss_giou_aux_3: 0.6512 (0.6482)  loss_giou_aux_4: 0.6508 (0.6481)  loss_giou_dn_0: 0.7606 (0.7451)  loss_giou_dn_1: 0.6243 (0.6155)  loss_giou_dn_2: 0.6026 (0.5952)  loss_giou_dn_3: 0.5960 (0.5902)  loss_giou_dn_4: 0.5945 (0.5891)  loss_giou_dn_5: 0.5947 (0.5890)  loss_giou_dn_pre: 0.7563 (0.7440)  loss_giou_enc_0: 0.7784 (0.7691)  loss_giou_pre: 0.6805 (0.6832)  loss_vfl: 0.7291 (0.7430)  loss_vfl_aux_0: 0.8049 (0.8214)  loss_vfl_aux_1: 0.7951 (0.8092)  loss_vfl_aux_2: 0.7665 (0.7802)  loss_vfl_aux_3: 0.7329 (0.7539)  loss_vfl_aux_4: 0.7265 (0.7436)  loss_vfl_dn_0: 0.4991 (0.5075)  loss_vfl_dn_1: 0.4828 (0.4952)  loss_vfl_dn_2: 0.4702 (0.4793)  loss_vfl_dn_3: 0.4598 (0.4686)  loss_vfl_dn_4: 0.4530 (0.4635)  loss_vfl_dn_5: 0.4520 (0.4631)  loss_vfl_dn_pre: 0.5002 (0.5081)  loss_vfl_enc_0: 0.8011 (0.8105)  loss_vfl_pre: 0.8055 (0.8231)  time: 1.0898  data: 0.0302  max mem: 17528
Epoch: [6/80]  [700/924]  eta: 0:04:11  lr: 0.000013  loss: 35.8842 (35.9368)  loss_bbox: 0.2210 (0.2286)  loss_bbox_aux_0: 0.2363 (0.2513)  loss_bbox_aux_1: 0.2238 (0.2322)  loss_bbox_aux_2: 0.2218 (0.2292)  loss_bbox_aux_3: 0.2212 (0.2287)  loss_bbox_aux_4: 0.2210 (0.2286)  loss_bbox_dn_0: 0.3253 (0.3457)  loss_bbox_dn_1: 0.2515 (0.2676)  loss_bbox_dn_2: 0.2353 (0.2549)  loss_bbox_dn_3: 0.2334 (0.2518)  loss_bbox_dn_4: 0.2326 (0.2511)  loss_bbox_dn_5: 0.2325 (0.2511)  loss_bbox_dn_pre: 0.3308 (0.3499)  loss_bbox_enc_0: 0.2809 (0.3039)  loss_bbox_pre: 0.2365 (0.2516)  loss_ddf_aux_0: 0.0940 (0.1070)  loss_ddf_aux_1: 0.0144 (0.0147)  loss_ddf_aux_2: 0.0021 (0.0021)  loss_ddf_aux_3: 0.0002 (0.0003)  loss_ddf_aux_4: 0.0001 (0.0001)  loss_ddf_dn_0: 0.2991 (0.3090)  loss_ddf_dn_1: 0.0421 (0.0427)  loss_ddf_dn_2: 0.0063 (0.0068)  loss_ddf_dn_3: 0.0009 (0.0009)  loss_ddf_dn_4: 0.0001 (0.0001)  loss_ddf_dn_5: 0.0000 (0.0000)  loss_fgl: 0.9852 (0.9701)  loss_fgl_aux_0: 1.0297 (1.0235)  loss_fgl_aux_1: 0.9930 (0.9761)  loss_fgl_aux_2: 0.9860 (0.9704)  loss_fgl_aux_3: 0.9855 (0.9701)  loss_fgl_aux_4: 0.9853 (0.9701)  loss_fgl_dn_0: 1.1121 (1.1064)  loss_fgl_dn_1: 1.0179 (1.0121)  loss_fgl_dn_2: 1.0077 (1.0023)  loss_fgl_dn_3: 1.0085 (1.0029)  loss_fgl_dn_4: 1.0090 (1.0034)  loss_fgl_dn_5: 1.0090 (1.0035)  loss_giou: 0.6453 (0.6470)  loss_giou_aux_0: 0.6742 (0.6840)  loss_giou_aux_1: 0.6520 (0.6526)  loss_giou_aux_2: 0.6459 (0.6477)  loss_giou_aux_3: 0.6455 (0.6471)  loss_giou_aux_4: 0.6453 (0.6470)  loss_giou_dn_0: 0.7424 (0.7451)  loss_giou_dn_1: 0.6158 (0.6152)  loss_giou_dn_2: 0.5916 (0.5949)  loss_giou_dn_3: 0.5883 (0.5899)  loss_giou_dn_4: 0.5874 (0.5888)  loss_giou_dn_5: 0.5874 (0.5887)  loss_giou_dn_pre: 0.7463 (0.7440)  loss_giou_enc_0: 0.7542 (0.7676)  loss_giou_pre: 0.6725 (0.6819)  loss_vfl: 0.7388 (0.7438)  loss_vfl_aux_0: 0.8189 (0.8220)  loss_vfl_aux_1: 0.8082 (0.8097)  loss_vfl_aux_2: 0.7772 (0.7808)  loss_vfl_aux_3: 0.7573 (0.7544)  loss_vfl_aux_4: 0.7431 (0.7443)  loss_vfl_dn_0: 0.5101 (0.5075)  loss_vfl_dn_1: 0.4916 (0.4950)  loss_vfl_dn_2: 0.4756 (0.4791)  loss_vfl_dn_3: 0.4660 (0.4685)  loss_vfl_dn_4: 0.4626 (0.4634)  loss_vfl_dn_5: 0.4612 (0.4630)  loss_vfl_dn_pre: 0.5115 (0.5081)  loss_vfl_enc_0: 0.7989 (0.8108)  loss_vfl_pre: 0.8185 (0.8238)  time: 1.0801  data: 0.0294  max mem: 17528
Epoch: [6/80]  [800/924]  eta: 0:02:19  lr: 0.000013  loss: 35.6684 (35.9195)  loss_bbox: 0.2234 (0.2281)  loss_bbox_aux_0: 0.2423 (0.2507)  loss_bbox_aux_1: 0.2263 (0.2317)  loss_bbox_aux_2: 0.2232 (0.2287)  loss_bbox_aux_3: 0.2235 (0.2282)  loss_bbox_aux_4: 0.2235 (0.2281)  loss_bbox_dn_0: 0.3350 (0.3453)  loss_bbox_dn_1: 0.2643 (0.2673)  loss_bbox_dn_2: 0.2517 (0.2546)  loss_bbox_dn_3: 0.2488 (0.2515)  loss_bbox_dn_4: 0.2486 (0.2509)  loss_bbox_dn_5: 0.2485 (0.2508)  loss_bbox_dn_pre: 0.3399 (0.3496)  loss_bbox_enc_0: 0.2924 (0.3033)  loss_bbox_pre: 0.2429 (0.2510)  loss_ddf_aux_0: 0.1021 (0.1067)  loss_ddf_aux_1: 0.0148 (0.0146)  loss_ddf_aux_2: 0.0021 (0.0021)  loss_ddf_aux_3: 0.0003 (0.0003)  loss_ddf_aux_4: 0.0001 (0.0001)  loss_ddf_dn_0: 0.2987 (0.3090)  loss_ddf_dn_1: 0.0419 (0.0427)  loss_ddf_dn_2: 0.0064 (0.0068)  loss_ddf_dn_3: 0.0009 (0.0009)  loss_ddf_dn_4: 0.0001 (0.0001)  loss_ddf_dn_5: 0.0000 (0.0000)  loss_fgl: 0.9697 (0.9708)  loss_fgl_aux_0: 1.0275 (1.0240)  loss_fgl_aux_1: 0.9744 (0.9768)  loss_fgl_aux_2: 0.9695 (0.9711)  loss_fgl_aux_3: 0.9698 (0.9708)  loss_fgl_aux_4: 0.9698 (0.9708)  loss_fgl_dn_0: 1.1098 (1.1067)  loss_fgl_dn_1: 1.0137 (1.0123)  loss_fgl_dn_2: 1.0018 (1.0025)  loss_fgl_dn_3: 1.0032 (1.0031)  loss_fgl_dn_4: 1.0038 (1.0036)  loss_fgl_dn_5: 1.0039 (1.0037)  loss_giou: 0.6430 (0.6456)  loss_giou_aux_0: 0.6829 (0.6823)  loss_giou_aux_1: 0.6472 (0.6512)  loss_giou_aux_2: 0.6435 (0.6463)  loss_giou_aux_3: 0.6428 (0.6457)  loss_giou_aux_4: 0.6430 (0.6456)  loss_giou_dn_0: 0.7402 (0.7438)  loss_giou_dn_1: 0.6091 (0.6140)  loss_giou_dn_2: 0.5879 (0.5937)  loss_giou_dn_3: 0.5849 (0.5888)  loss_giou_dn_4: 0.5845 (0.5877)  loss_giou_dn_5: 0.5846 (0.5876)  loss_giou_dn_pre: 0.7381 (0.7426)  loss_giou_enc_0: 0.7699 (0.7663)  loss_giou_pre: 0.6804 (0.6803)  loss_vfl: 0.7286 (0.7447)  loss_vfl_aux_0: 0.8121 (0.8225)  loss_vfl_aux_1: 0.7867 (0.8098)  loss_vfl_aux_2: 0.7697 (0.7817)  loss_vfl_aux_3: 0.7358 (0.7552)  loss_vfl_aux_4: 0.7276 (0.7452)  loss_vfl_dn_0: 0.5071 (0.5077)  loss_vfl_dn_1: 0.4923 (0.4949)  loss_vfl_dn_2: 0.4763 (0.4790)  loss_vfl_dn_3: 0.4684 (0.4684)  loss_vfl_dn_4: 0.4589 (0.4633)  loss_vfl_dn_5: 0.4580 (0.4629)  loss_vfl_dn_pre: 0.5078 (0.5083)  loss_vfl_enc_0: 0.7952 (0.8112)  loss_vfl_pre: 0.8085 (0.8242)  time: 1.1171  data: 0.0304  max mem: 17528
Epoch: [6/80]  [900/924]  eta: 0:00:26  lr: 0.000013  loss: 35.4668 (35.8927)  loss_bbox: 0.2214 (0.2276)  loss_bbox_aux_0: 0.2407 (0.2501)  loss_bbox_aux_1: 0.2221 (0.2312)  loss_bbox_aux_2: 0.2213 (0.2282)  loss_bbox_aux_3: 0.2214 (0.2277)  loss_bbox_aux_4: 0.2214 (0.2276)  loss_bbox_dn_0: 0.3322 (0.3444)  loss_bbox_dn_1: 0.2587 (0.2667)  loss_bbox_dn_2: 0.2456 (0.2541)  loss_bbox_dn_3: 0.2402 (0.2509)  loss_bbox_dn_4: 0.2396 (0.2503)  loss_bbox_dn_5: 0.2395 (0.2503)  loss_bbox_dn_pre: 0.3353 (0.3487)  loss_bbox_enc_0: 0.2863 (0.3024)  loss_bbox_pre: 0.2390 (0.2503)  loss_ddf_aux_0: 0.1011 (0.1063)  loss_ddf_aux_1: 0.0137 (0.0146)  loss_ddf_aux_2: 0.0019 (0.0021)  loss_ddf_aux_3: 0.0003 (0.0003)  loss_ddf_aux_4: 0.0001 (0.0001)  loss_ddf_dn_0: 0.3058 (0.3081)  loss_ddf_dn_1: 0.0410 (0.0424)  loss_ddf_dn_2: 0.0064 (0.0067)  loss_ddf_dn_3: 0.0008 (0.0009)  loss_ddf_dn_4: 0.0001 (0.0001)  loss_ddf_dn_5: 0.0000 (0.0000)  loss_fgl: 0.9660 (0.9707)  loss_fgl_aux_0: 1.0250 (1.0238)  loss_fgl_aux_1: 0.9724 (0.9767)  loss_fgl_aux_2: 0.9662 (0.9711)  loss_fgl_aux_3: 0.9658 (0.9708)  loss_fgl_aux_4: 0.9659 (0.9708)  loss_fgl_dn_0: 1.1096 (1.1068)  loss_fgl_dn_1: 1.0134 (1.0122)  loss_fgl_dn_2: 0.9993 (1.0024)  loss_fgl_dn_3: 1.0000 (1.0030)  loss_fgl_dn_4: 1.0006 (1.0035)  loss_fgl_dn_5: 1.0006 (1.0036)  loss_giou: 0.6198 (0.6451)  loss_giou_aux_0: 0.6545 (0.6816)  loss_giou_aux_1: 0.6255 (0.6506)  loss_giou_aux_2: 0.6198 (0.6457)  loss_giou_aux_3: 0.6202 (0.6451)  loss_giou_aux_4: 0.6199 (0.6451)  loss_giou_dn_0: 0.7236 (0.7427)  loss_giou_dn_1: 0.5913 (0.6132)  loss_giou_dn_2: 0.5706 (0.5930)  loss_giou_dn_3: 0.5660 (0.5881)  loss_giou_dn_4: 0.5657 (0.5870)  loss_giou_dn_5: 0.5659 (0.5869)  loss_giou_dn_pre: 0.7219 (0.7415)  loss_giou_enc_0: 0.7369 (0.7653)  loss_giou_pre: 0.6522 (0.6796)  loss_vfl: 0.7302 (0.7446)  loss_vfl_aux_0: 0.8066 (0.8218)  loss_vfl_aux_1: 0.7936 (0.8095)  loss_vfl_aux_2: 0.7675 (0.7814)  loss_vfl_aux_3: 0.7467 (0.7550)  loss_vfl_aux_4: 0.7310 (0.7451)  loss_vfl_dn_0: 0.5074 (0.5078)  loss_vfl_dn_1: 0.4906 (0.4947)  loss_vfl_dn_2: 0.4690 (0.4787)  loss_vfl_dn_3: 0.4591 (0.4681)  loss_vfl_dn_4: 0.4555 (0.4630)  loss_vfl_dn_5: 0.4550 (0.4626)  loss_vfl_dn_pre: 0.5088 (0.5083)  loss_vfl_enc_0: 0.8028 (0.8108)  loss_vfl_pre: 0.8060 (0.8235)  time: 1.1005  data: 0.0335  max mem: 17528
Epoch: [6/80]  [923/924]  eta: 0:00:01  lr: 0.000013  loss: 35.5213 (35.8868)  loss_bbox: 0.2174 (0.2275)  loss_bbox_aux_0: 0.2359 (0.2498)  loss_bbox_aux_1: 0.2201 (0.2310)  loss_bbox_aux_2: 0.2175 (0.2281)  loss_bbox_aux_3: 0.2173 (0.2275)  loss_bbox_aux_4: 0.2174 (0.2275)  loss_bbox_dn_0: 0.3285 (0.3441)  loss_bbox_dn_1: 0.2557 (0.2664)  loss_bbox_dn_2: 0.2415 (0.2538)  loss_bbox_dn_3: 0.2380 (0.2507)  loss_bbox_dn_4: 0.2378 (0.2501)  loss_bbox_dn_5: 0.2379 (0.2500)  loss_bbox_dn_pre: 0.3352 (0.3484)  loss_bbox_enc_0: 0.2926 (0.3022)  loss_bbox_pre: 0.2357 (0.2501)  loss_ddf_aux_0: 0.0970 (0.1062)  loss_ddf_aux_1: 0.0143 (0.0146)  loss_ddf_aux_2: 0.0020 (0.0021)  loss_ddf_aux_3: 0.0003 (0.0003)  loss_ddf_aux_4: 0.0001 (0.0001)  loss_ddf_dn_0: 0.3093 (0.3081)  loss_ddf_dn_1: 0.0420 (0.0424)  loss_ddf_dn_2: 0.0063 (0.0067)  loss_ddf_dn_3: 0.0007 (0.0009)  loss_ddf_dn_4: 0.0001 (0.0001)  loss_ddf_dn_5: 0.0000 (0.0000)  loss_fgl: 0.9772 (0.9710)  loss_fgl_aux_0: 1.0248 (1.0238)  loss_fgl_aux_1: 0.9782 (0.9770)  loss_fgl_aux_2: 0.9771 (0.9713)  loss_fgl_aux_3: 0.9771 (0.9710)  loss_fgl_aux_4: 0.9772 (0.9710)  loss_fgl_dn_0: 1.1071 (1.1068)  loss_fgl_dn_1: 1.0122 (1.0122)  loss_fgl_dn_2: 1.0029 (1.0024)  loss_fgl_dn_3: 1.0036 (1.0030)  loss_fgl_dn_4: 1.0042 (1.0035)  loss_fgl_dn_5: 1.0043 (1.0036)  loss_giou: 0.6344 (0.6449)  loss_giou_aux_0: 0.6667 (0.6814)  loss_giou_aux_1: 0.6404 (0.6505)  loss_giou_aux_2: 0.6353 (0.6456)  loss_giou_aux_3: 0.6347 (0.6449)  loss_giou_aux_4: 0.6346 (0.6449)  loss_giou_dn_0: 0.7296 (0.7426)  loss_giou_dn_1: 0.6048 (0.6131)  loss_giou_dn_2: 0.5815 (0.5929)  loss_giou_dn_3: 0.5754 (0.5880)  loss_giou_dn_4: 0.5741 (0.5869)  loss_giou_dn_5: 0.5739 (0.5868)  loss_giou_dn_pre: 0.7291 (0.7415)  loss_giou_enc_0: 0.7493 (0.7650)  loss_giou_pre: 0.6652 (0.6794)  loss_vfl: 0.7375 (0.7445)  loss_vfl_aux_0: 0.8061 (0.8215)  loss_vfl_aux_1: 0.7986 (0.8092)  loss_vfl_aux_2: 0.7713 (0.7814)  loss_vfl_aux_3: 0.7524 (0.7549)  loss_vfl_aux_4: 0.7348 (0.7451)  loss_vfl_dn_0: 0.5099 (0.5077)  loss_vfl_dn_1: 0.4896 (0.4946)  loss_vfl_dn_2: 0.4741 (0.4787)  loss_vfl_dn_3: 0.4652 (0.4680)  loss_vfl_dn_4: 0.4583 (0.4630)  loss_vfl_dn_5: 0.4593 (0.4626)  loss_vfl_dn_pre: 0.5107 (0.5083)  loss_vfl_enc_0: 0.8023 (0.8105)  loss_vfl_pre: 0.8104 (0.8232)  time: 1.2133  data: 0.0297  max mem: 17528
Epoch: [6/80] Total time: 0:17:17 (1.1224 s / it)
Averaged stats: lr: 0.000013  loss: 35.5213 (35.8868)  loss_bbox: 0.2174 (0.2275)  loss_bbox_aux_0: 0.2359 (0.2498)  loss_bbox_aux_1: 0.2201 (0.2310)  loss_bbox_aux_2: 0.2175 (0.2281)  loss_bbox_aux_3: 0.2173 (0.2275)  loss_bbox_aux_4: 0.2174 (0.2275)  loss_bbox_dn_0: 0.3285 (0.3441)  loss_bbox_dn_1: 0.2557 (0.2664)  loss_bbox_dn_2: 0.2415 (0.2538)  loss_bbox_dn_3: 0.2380 (0.2507)  loss_bbox_dn_4: 0.2378 (0.2501)  loss_bbox_dn_5: 0.2379 (0.2500)  loss_bbox_dn_pre: 0.3352 (0.3484)  loss_bbox_enc_0: 0.2926 (0.3022)  loss_bbox_pre: 0.2357 (0.2501)  loss_ddf_aux_0: 0.0970 (0.1062)  loss_ddf_aux_1: 0.0143 (0.0146)  loss_ddf_aux_2: 0.0020 (0.0021)  loss_ddf_aux_3: 0.0003 (0.0003)  loss_ddf_aux_4: 0.0001 (0.0001)  loss_ddf_dn_0: 0.3093 (0.3081)  loss_ddf_dn_1: 0.0420 (0.0424)  loss_ddf_dn_2: 0.0063 (0.0067)  loss_ddf_dn_3: 0.0007 (0.0009)  loss_ddf_dn_4: 0.0001 (0.0001)  loss_ddf_dn_5: 0.0000 (0.0000)  loss_fgl: 0.9772 (0.9710)  loss_fgl_aux_0: 1.0248 (1.0238)  loss_fgl_aux_1: 0.9782 (0.9770)  loss_fgl_aux_2: 0.9771 (0.9713)  loss_fgl_aux_3: 0.9771 (0.9710)  loss_fgl_aux_4: 0.9772 (0.9710)  loss_fgl_dn_0: 1.1071 (1.1068)  loss_fgl_dn_1: 1.0122 (1.0122)  loss_fgl_dn_2: 1.0029 (1.0024)  loss_fgl_dn_3: 1.0036 (1.0030)  loss_fgl_dn_4: 1.0042 (1.0035)  loss_fgl_dn_5: 1.0043 (1.0036)  loss_giou: 0.6344 (0.6449)  loss_giou_aux_0: 0.6667 (0.6814)  loss_giou_aux_1: 0.6404 (0.6505)  loss_giou_aux_2: 0.6353 (0.6456)  loss_giou_aux_3: 0.6347 (0.6449)  loss_giou_aux_4: 0.6346 (0.6449)  loss_giou_dn_0: 0.7296 (0.7426)  loss_giou_dn_1: 0.6048 (0.6131)  loss_giou_dn_2: 0.5815 (0.5929)  loss_giou_dn_3: 0.5754 (0.5880)  loss_giou_dn_4: 0.5741 (0.5869)  loss_giou_dn_5: 0.5739 (0.5868)  loss_giou_dn_pre: 0.7291 (0.7415)  loss_giou_enc_0: 0.7493 (0.7650)  loss_giou_pre: 0.6652 (0.6794)  loss_vfl: 0.7375 (0.7445)  loss_vfl_aux_0: 0.8061 (0.8215)  loss_vfl_aux_1: 0.7986 (0.8092)  loss_vfl_aux_2: 0.7713 (0.7814)  loss_vfl_aux_3: 0.7524 (0.7549)  loss_vfl_aux_4: 0.7348 (0.7451)  loss_vfl_dn_0: 0.5099 (0.5077)  loss_vfl_dn_1: 0.4896 (0.4946)  loss_vfl_dn_2: 0.4741 (0.4787)  loss_vfl_dn_3: 0.4652 (0.4680)  loss_vfl_dn_4: 0.4583 (0.4630)  loss_vfl_dn_5: 0.4593 (0.4626)  loss_vfl_dn_pre: 0.5107 (0.5083)  loss_vfl_enc_0: 0.8023 (0.8105)  loss_vfl_pre: 0.8104 (0.8232)
Test:  [ 0/79]  eta: 0:01:39    time: 1.2565  data: 1.0129  max mem: 17528
Test:  [10/79]  eta: 0:00:22    time: 0.3195  data: 0.1048  max mem: 17528
Test:  [20/79]  eta: 0:00:15    time: 0.2168  data: 0.0134  max mem: 17528
Test:  [30/79]  eta: 0:00:12    time: 0.2106  data: 0.0133  max mem: 17528
Test:  [40/79]  eta: 0:00:09    time: 0.2121  data: 0.0134  max mem: 17528
Test:  [50/79]  eta: 0:00:06    time: 0.2149  data: 0.0126  max mem: 17528
Test:  [60/79]  eta: 0:00:04    time: 0.2206  data: 0.0133  max mem: 17528
Test:  [70/79]  eta: 0:00:02    time: 0.2166  data: 0.0135  max mem: 17528
Test:  [78/79]  eta: 0:00:00    time: 0.2053  data: 0.0122  max mem: 17528
Test: Total time: 0:00:18 (0.2285 s / it)
Metrics: {'f1': 0.6385737439222042, 'precision': 0.6936619718309859, 'recall': 0.5915915915915916, 'iou': 0.40186075446557024, 'TPs': 2758, 'FPs': 1218, 'FNs': 1904}
Averaged stats: 
Accumulating evaluation results...
COCOeval_opt.accumulate() finished...
DONE (t=3.37s).
IoU metric: bbox
 Average Precision  (AP) @[ IoU=0.50:0.95 | area=   all | maxDets=100 ] = 0.464
 Average Precision  (AP) @[ IoU=0.50      | area=   all | maxDets=100 ] = 0.634
 Average Precision  (AP) @[ IoU=0.75      | area=   all | maxDets=100 ] = 0.503
 Average Precision  (AP) @[ IoU=0.50:0.95 | area= small | maxDets=100 ] = 0.265
 Average Precision  (AP) @[ IoU=0.50:0.95 | area=medium | maxDets=100 ] = 0.511
 Average Precision  (AP) @[ IoU=0.50:0.95 | area= large | maxDets=100 ] = 0.647
 Average Recall     (AR) @[ IoU=0.50:0.95 | area=   all | maxDets=  1 ] = 0.365
 Average Recall     (AR) @[ IoU=0.50:0.95 | area=   all | maxDets= 10 ] = 0.604
 Average Recall     (AR) @[ IoU=0.50:0.95 | area=   all | maxDets=100 ] = 0.675
 Average Recall     (AR) @[ IoU=0.50:0.95 | area= small | maxDets=100 ] = 0.469
 Average Recall     (AR) @[ IoU=0.50:0.95 | area=medium | maxDets=100 ] = 0.727
 Average Recall     (AR) @[ IoU=0.50:0.95 | area= large | maxDets=100 ] = 0.874
 Average Recall     (AR) @[ IoU=0.50      | area=   all | maxDets=100 ] = 0.875
 Average Recall     (AR) @[ IoU=0.75      | area=   all | maxDets=100 ] = 0.727
best_stat: {'epoch': 6, 'coco_eval_bbox': 0.46432670060787007}
Epoch: [7/80]  [  0/924]  eta: 0:45:09  lr: 0.000013  loss: 35.3835 (35.3835)  loss_bbox: 0.1868 (0.1868)  loss_bbox_aux_0: 0.2088 (0.2088)  loss_bbox_aux_1: 0.1894 (0.1894)  loss_bbox_aux_2: 0.1865 (0.1865)  loss_bbox_aux_3: 0.1868 (0.1868)  loss_bbox_aux_4: 0.1869 (0.1869)  loss_bbox_dn_0: 0.2944 (0.2944)  loss_bbox_dn_1: 0.2214 (0.2214)  loss_bbox_dn_2: 0.2095 (0.2095)  loss_bbox_dn_3: 0.2061 (0.2061)  loss_bbox_dn_4: 0.2057 (0.2057)  loss_bbox_dn_5: 0.2056 (0.2056)  loss_bbox_dn_pre: 0.2963 (0.2963)  loss_bbox_enc_0: 0.2548 (0.2548)  loss_bbox_pre: 0.2097 (0.2097)  loss_ddf_aux_0: 0.1319 (0.1319)  loss_ddf_aux_1: 0.0181 (0.0181)  loss_ddf_aux_2: 0.0021 (0.0021)  loss_ddf_aux_3: 0.0002 (0.0002)  loss_ddf_aux_4: 0.0001 (0.0001)  loss_ddf_dn_0: 0.3542 (0.3542)  loss_ddf_dn_1: 0.0472 (0.0472)  loss_ddf_dn_2: 0.0065 (0.0065)  loss_ddf_dn_3: 0.0008 (0.0008)  loss_ddf_dn_4: 0.0001 (0.0001)  loss_ddf_dn_5: 0.0000 (0.0000)  loss_fgl: 0.9983 (0.9983)  loss_fgl_aux_0: 1.0509 (1.0509)  loss_fgl_aux_1: 0.9997 (0.9997)  loss_fgl_aux_2: 0.9981 (0.9981)  loss_fgl_aux_3: 0.9983 (0.9983)  loss_fgl_aux_4: 0.9983 (0.9983)  loss_fgl_dn_0: 1.1250 (1.1250)  loss_fgl_dn_1: 1.0315 (1.0315)  loss_fgl_dn_2: 1.0210 (1.0210)  loss_fgl_dn_3: 1.0226 (1.0226)  loss_fgl_dn_4: 1.0230 (1.0230)  loss_fgl_dn_5: 1.0230 (1.0230)  loss_giou: 0.6219 (0.6219)  loss_giou_aux_0: 0.6635 (0.6635)  loss_giou_aux_1: 0.6289 (0.6289)  loss_giou_aux_2: 0.6223 (0.6223)  loss_giou_aux_3: 0.6218 (0.6218)  loss_giou_aux_4: 0.6219 (0.6219)  loss_giou_dn_0: 0.7329 (0.7329)  loss_giou_dn_1: 0.6017 (0.6017)  loss_giou_dn_2: 0.5817 (0.5817)  loss_giou_dn_3: 0.5754 (0.5754)  loss_giou_dn_4: 0.5746 (0.5746)  loss_giou_dn_5: 0.5746 (0.5746)  loss_giou_dn_pre: 0.7301 (0.7301)  loss_giou_enc_0: 0.7464 (0.7464)  loss_giou_pre: 0.6626 (0.6626)  loss_vfl: 0.7315 (0.7315)  loss_vfl_aux_0: 0.8282 (0.8282)  loss_vfl_aux_1: 0.8076 (0.8076)  loss_vfl_aux_2: 0.7983 (0.7983)  loss_vfl_aux_3: 0.7610 (0.7610)  loss_vfl_aux_4: 0.7350 (0.7350)  loss_vfl_dn_0: 0.5181 (0.5181)  loss_vfl_dn_1: 0.5017 (0.5017)  loss_vfl_dn_2: 0.4900 (0.4900)  loss_vfl_dn_3: 0.4763 (0.4763)  loss_vfl_dn_4: 0.4686 (0.4686)  loss_vfl_dn_5: 0.4681 (0.4681)  loss_vfl_dn_pre: 0.5183 (0.5183)  loss_vfl_enc_0: 0.7922 (0.7922)  loss_vfl_pre: 0.8286 (0.8286)  time: 2.9321  data: 1.8655  max mem: 17528
Epoch: [7/80]  [100/924]  eta: 0:15:11  lr: 0.000013  loss: 35.5485 (35.5573)  loss_bbox: 0.2166 (0.2223)  loss_bbox_aux_0: 0.2402 (0.2432)  loss_bbox_aux_1: 0.2207 (0.2258)  loss_bbox_aux_2: 0.2164 (0.2229)  loss_bbox_aux_3: 0.2167 (0.2224)  loss_bbox_aux_4: 0.2167 (0.2223)  loss_bbox_dn_0: 0.3253 (0.3354)  loss_bbox_dn_1: 0.2433 (0.2600)  loss_bbox_dn_2: 0.2353 (0.2478)  loss_bbox_dn_3: 0.2317 (0.2446)  loss_bbox_dn_4: 0.2313 (0.2440)  loss_bbox_dn_5: 0.2312 (0.2440)  loss_bbox_dn_pre: 0.3251 (0.3396)  loss_bbox_enc_0: 0.2866 (0.2944)  loss_bbox_pre: 0.2405 (0.2435)  loss_ddf_aux_0: 0.1050 (0.1034)  loss_ddf_aux_1: 0.0137 (0.0140)  loss_ddf_aux_2: 0.0021 (0.0021)  loss_ddf_aux_3: 0.0003 (0.0003)  loss_ddf_aux_4: 0.0001 (0.0001)  loss_ddf_dn_0: 0.3272 (0.3056)  loss_ddf_dn_1: 0.0443 (0.0421)  loss_ddf_dn_2: 0.0073 (0.0068)  loss_ddf_dn_3: 0.0009 (0.0009)  loss_ddf_dn_4: 0.0001 (0.0001)  loss_ddf_dn_5: 0.0000 (0.0000)  loss_fgl: 0.9670 (0.9665)  loss_fgl_aux_0: 1.0171 (1.0172)  loss_fgl_aux_1: 0.9723 (0.9722)  loss_fgl_aux_2: 0.9671 (0.9668)  loss_fgl_aux_3: 0.9673 (0.9666)  loss_fgl_aux_4: 0.9671 (0.9665)  loss_fgl_dn_0: 1.1015 (1.1076)  loss_fgl_dn_1: 1.0099 (1.0101)  loss_fgl_dn_2: 1.0003 (1.0001)  loss_fgl_dn_3: 1.0006 (1.0007)  loss_fgl_dn_4: 1.0005 (1.0013)  loss_fgl_dn_5: 1.0004 (1.0014)  loss_giou: 0.6513 (0.6432)  loss_giou_aux_0: 0.6857 (0.6782)  loss_giou_aux_1: 0.6552 (0.6488)  loss_giou_aux_2: 0.6505 (0.6440)  loss_giou_aux_3: 0.6510 (0.6433)  loss_giou_aux_4: 0.6512 (0.6432)  loss_giou_dn_0: 0.7540 (0.7321)  loss_giou_dn_1: 0.6184 (0.6065)  loss_giou_dn_2: 0.5950 (0.5865)  loss_giou_dn_3: 0.5895 (0.5816)  loss_giou_dn_4: 0.5881 (0.5804)  loss_giou_dn_5: 0.5880 (0.5804)  loss_giou_dn_pre: 0.7521 (0.7311)  loss_giou_enc_0: 0.7717 (0.7605)  loss_giou_pre: 0.6843 (0.6763)  loss_vfl: 0.7271 (0.7306)  loss_vfl_aux_0: 0.8059 (0.8125)  loss_vfl_aux_1: 0.7877 (0.7979)  loss_vfl_aux_2: 0.7467 (0.7674)  loss_vfl_aux_3: 0.7423 (0.7415)  loss_vfl_aux_4: 0.7258 (0.7312)  loss_vfl_dn_0: 0.5033 (0.5074)  loss_vfl_dn_1: 0.4883 (0.4901)  loss_vfl_dn_2: 0.4738 (0.4745)  loss_vfl_dn_3: 0.4605 (0.4633)  loss_vfl_dn_4: 0.4568 (0.4588)  loss_vfl_dn_5: 0.4578 (0.4585)  loss_vfl_dn_pre: 0.5030 (0.5079)  loss_vfl_enc_0: 0.8017 (0.8007)  loss_vfl_pre: 0.8149 (0.8143)  time: 1.0794  data: 0.0260  max mem: 17528
Epoch: [7/80]  [200/924]  eta: 0:13:12  lr: 0.000013  loss: 35.5626 (35.5776)  loss_bbox: 0.2350 (0.2242)  loss_bbox_aux_0: 0.2566 (0.2459)  loss_bbox_aux_1: 0.2392 (0.2278)  loss_bbox_aux_2: 0.2364 (0.2249)  loss_bbox_aux_3: 0.2351 (0.2243)  loss_bbox_aux_4: 0.2350 (0.2242)  loss_bbox_dn_0: 0.3456 (0.3383)  loss_bbox_dn_1: 0.2647 (0.2610)  loss_bbox_dn_2: 0.2519 (0.2486)  loss_bbox_dn_3: 0.2485 (0.2455)  loss_bbox_dn_4: 0.2474 (0.2449)  loss_bbox_dn_5: 0.2474 (0.2448)  loss_bbox_dn_pre: 0.3493 (0.3422)  loss_bbox_enc_0: 0.3106 (0.2962)  loss_bbox_pre: 0.2562 (0.2461)  loss_ddf_aux_0: 0.1004 (0.1039)  loss_ddf_aux_1: 0.0143 (0.0142)  loss_ddf_aux_2: 0.0021 (0.0021)  loss_ddf_aux_3: 0.0003 (0.0003)  loss_ddf_aux_4: 0.0001 (0.0001)  loss_ddf_dn_0: 0.2938 (0.3060)  loss_ddf_dn_1: 0.0408 (0.0424)  loss_ddf_dn_2: 0.0067 (0.0068)  loss_ddf_dn_3: 0.0010 (0.0009)  loss_ddf_dn_4: 0.0001 (0.0001)  loss_ddf_dn_5: 0.0000 (0.0000)  loss_fgl: 0.9691 (0.9668)  loss_fgl_aux_0: 1.0219 (1.0188)  loss_fgl_aux_1: 0.9753 (0.9726)  loss_fgl_aux_2: 0.9693 (0.9671)  loss_fgl_aux_3: 0.9692 (0.9669)  loss_fgl_aux_4: 0.9691 (0.9668)  loss_fgl_dn_0: 1.1035 (1.1076)  loss_fgl_dn_1: 1.0039 (1.0093)  loss_fgl_dn_2: 0.9932 (0.9993)  loss_fgl_dn_3: 0.9941 (1.0000)  loss_fgl_dn_4: 0.9944 (1.0006)  loss_fgl_dn_5: 0.9944 (1.0007)  loss_giou: 0.6373 (0.6434)  loss_giou_aux_0: 0.6784 (0.6792)  loss_giou_aux_1: 0.6435 (0.6490)  loss_giou_aux_2: 0.6379 (0.6441)  loss_giou_aux_3: 0.6373 (0.6434)  loss_giou_aux_4: 0.6373 (0.6434)  loss_giou_dn_0: 0.7406 (0.7333)  loss_giou_dn_1: 0.6091 (0.6059)  loss_giou_dn_2: 0.5868 (0.5856)  loss_giou_dn_3: 0.5821 (0.5807)  loss_giou_dn_4: 0.5808 (0.5796)  loss_giou_dn_5: 0.5806 (0.5795)  loss_giou_dn_pre: 0.7354 (0.7319)  loss_giou_enc_0: 0.7629 (0.7608)  loss_giou_pre: 0.6773 (0.6772)  loss_vfl: 0.7255 (0.7313)  loss_vfl_aux_0: 0.7993 (0.8089)  loss_vfl_aux_1: 0.7865 (0.7967)  loss_vfl_aux_2: 0.7625 (0.7682)  loss_vfl_aux_3: 0.7372 (0.7426)  loss_vfl_aux_4: 0.7235 (0.7319)  loss_vfl_dn_0: 0.5050 (0.5071)  loss_vfl_dn_1: 0.4886 (0.4903)  loss_vfl_dn_2: 0.4697 (0.4742)  loss_vfl_dn_3: 0.4608 (0.4633)  loss_vfl_dn_4: 0.4555 (0.4585)  loss_vfl_dn_5: 0.4544 (0.4581)  loss_vfl_dn_pre: 0.5055 (0.5076)  loss_vfl_enc_0: 0.7893 (0.7987)  loss_vfl_pre: 0.7975 (0.8106)  time: 1.0751  data: 0.0268  max mem: 17528
Epoch: [7/80]  [300/924]  eta: 0:11:20  lr: 0.000013  loss: 35.7006 (35.5787)  loss_bbox: 0.2197 (0.2233)  loss_bbox_aux_0: 0.2443 (0.2452)  loss_bbox_aux_1: 0.2249 (0.2269)  loss_bbox_aux_2: 0.2212 (0.2239)  loss_bbox_aux_3: 0.2199 (0.2233)  loss_bbox_aux_4: 0.2197 (0.2233)  loss_bbox_dn_0: 0.3504 (0.3367)  loss_bbox_dn_1: 0.2718 (0.2601)  loss_bbox_dn_2: 0.2601 (0.2477)  loss_bbox_dn_3: 0.2570 (0.2447)  loss_bbox_dn_4: 0.2563 (0.2440)  loss_bbox_dn_5: 0.2562 (0.2440)  loss_bbox_dn_pre: 0.3492 (0.3408)  loss_bbox_enc_0: 0.2978 (0.2965)  loss_bbox_pre: 0.2442 (0.2454)  loss_ddf_aux_0: 0.1019 (0.1043)  loss_ddf_aux_1: 0.0138 (0.0144)  loss_ddf_aux_2: 0.0021 (0.0021)  loss_ddf_aux_3: 0.0003 (0.0003)  loss_ddf_aux_4: 0.0001 (0.0001)  loss_ddf_dn_0: 0.2958 (0.3046)  loss_ddf_dn_1: 0.0392 (0.0422)  loss_ddf_dn_2: 0.0067 (0.0068)  loss_ddf_dn_3: 0.0010 (0.0009)  loss_ddf_dn_4: 0.0001 (0.0001)  loss_ddf_dn_5: 0.0000 (0.0000)  loss_fgl: 0.9775 (0.9689)  loss_fgl_aux_0: 1.0276 (1.0210)  loss_fgl_aux_1: 0.9827 (0.9747)  loss_fgl_aux_2: 0.9773 (0.9692)  loss_fgl_aux_3: 0.9775 (0.9689)  loss_fgl_aux_4: 0.9775 (0.9689)  loss_fgl_dn_0: 1.1070 (1.1071)  loss_fgl_dn_1: 1.0116 (1.0097)  loss_fgl_dn_2: 1.0008 (0.9998)  loss_fgl_dn_3: 1.0030 (1.0005)  loss_fgl_dn_4: 1.0034 (1.0011)  loss_fgl_dn_5: 1.0033 (1.0012)  loss_giou: 0.6265 (0.6416)  loss_giou_aux_0: 0.6564 (0.6776)  loss_giou_aux_1: 0.6312 (0.6473)  loss_giou_aux_2: 0.6271 (0.6423)  loss_giou_aux_3: 0.6264 (0.6416)  loss_giou_aux_4: 0.6264 (0.6416)  loss_giou_dn_0: 0.7253 (0.7320)  loss_giou_dn_1: 0.6046 (0.6051)  loss_giou_dn_2: 0.5858 (0.5850)  loss_giou_dn_3: 0.5813 (0.5801)  loss_giou_dn_4: 0.5797 (0.5790)  loss_giou_dn_5: 0.5796 (0.5789)  loss_giou_dn_pre: 0.7244 (0.7307)  loss_giou_enc_0: 0.7408 (0.7604)  loss_giou_pre: 0.6529 (0.6755)  loss_vfl: 0.7313 (0.7334)  loss_vfl_aux_0: 0.8278 (0.8114)  loss_vfl_aux_1: 0.8053 (0.7994)  loss_vfl_aux_2: 0.7748 (0.7704)  loss_vfl_aux_3: 0.7454 (0.7449)  loss_vfl_aux_4: 0.7296 (0.7341)  loss_vfl_dn_0: 0.5076 (0.5076)  loss_vfl_dn_1: 0.4904 (0.4906)  loss_vfl_dn_2: 0.4722 (0.4743)  loss_vfl_dn_3: 0.4628 (0.4637)  loss_vfl_dn_4: 0.4577 (0.4587)  loss_vfl_dn_5: 0.4578 (0.4584)  loss_vfl_dn_pre: 0.5084 (0.5082)  loss_vfl_enc_0: 0.8013 (0.7995)  loss_vfl_pre: 0.8276 (0.8131)  time: 1.0565  data: 0.0292  max mem: 17528
Epoch: [7/80]  [400/924]  eta: 0:09:37  lr: 0.000013  loss: 35.3966 (35.5696)  loss_bbox: 0.2221 (0.2234)  loss_bbox_aux_0: 0.2413 (0.2449)  loss_bbox_aux_1: 0.2255 (0.2269)  loss_bbox_aux_2: 0.2231 (0.2240)  loss_bbox_aux_3: 0.2222 (0.2234)  loss_bbox_aux_4: 0.2221 (0.2234)  loss_bbox_dn_0: 0.3302 (0.3366)  loss_bbox_dn_1: 0.2551 (0.2601)  loss_bbox_dn_2: 0.2404 (0.2477)  loss_bbox_dn_3: 0.2383 (0.2447)  loss_bbox_dn_4: 0.2388 (0.2440)  loss_bbox_dn_5: 0.2388 (0.2440)  loss_bbox_dn_pre: 0.3354 (0.3407)  loss_bbox_enc_0: 0.2857 (0.2961)  loss_bbox_pre: 0.2413 (0.2452)  loss_ddf_aux_0: 0.0968 (0.1029)  loss_ddf_aux_1: 0.0139 (0.0143)  loss_ddf_aux_2: 0.0020 (0.0021)  loss_ddf_aux_3: 0.0003 (0.0003)  loss_ddf_aux_4: 0.0001 (0.0001)  loss_ddf_dn_0: 0.3022 (0.3022)  loss_ddf_dn_1: 0.0431 (0.0419)  loss_ddf_dn_2: 0.0069 (0.0067)  loss_ddf_dn_3: 0.0010 (0.0009)  loss_ddf_dn_4: 0.0001 (0.0001)  loss_ddf_dn_5: 0.0000 (0.0000)  loss_fgl: 0.9583 (0.9695)  loss_fgl_aux_0: 1.0069 (1.0211)  loss_fgl_aux_1: 0.9645 (0.9752)  loss_fgl_aux_2: 0.9585 (0.9698)  loss_fgl_aux_3: 0.9585 (0.9695)  loss_fgl_aux_4: 0.9583 (0.9695)  loss_fgl_dn_0: 1.1062 (1.1070)  loss_fgl_dn_1: 1.0073 (1.0099)  loss_fgl_dn_2: 0.9983 (1.0002)  loss_fgl_dn_3: 0.9994 (1.0009)  loss_fgl_dn_4: 0.9999 (1.0015)  loss_fgl_dn_5: 0.9999 (1.0016)  loss_giou: 0.6236 (0.6411)  loss_giou_aux_0: 0.6551 (0.6766)  loss_giou_aux_1: 0.6286 (0.6468)  loss_giou_aux_2: 0.6240 (0.6418)  loss_giou_aux_3: 0.6236 (0.6412)  loss_giou_aux_4: 0.6235 (0.6411)  loss_giou_dn_0: 0.7201 (0.7313)  loss_giou_dn_1: 0.5977 (0.6047)  loss_giou_dn_2: 0.5775 (0.5846)  loss_giou_dn_3: 0.5734 (0.5797)  loss_giou_dn_4: 0.5721 (0.5786)  loss_giou_dn_5: 0.5719 (0.5785)  loss_giou_dn_pre: 0.7188 (0.7301)  loss_giou_enc_0: 0.7366 (0.7595)  loss_giou_pre: 0.6533 (0.6746)  loss_vfl: 0.7337 (0.7337)  loss_vfl_aux_0: 0.8048 (0.8114)  loss_vfl_aux_1: 0.7961 (0.7993)  loss_vfl_aux_2: 0.7710 (0.7710)  loss_vfl_aux_3: 0.7471 (0.7450)  loss_vfl_aux_4: 0.7429 (0.7345)  loss_vfl_dn_0: 0.5070 (0.5075)  loss_vfl_dn_1: 0.4861 (0.4902)  loss_vfl_dn_2: 0.4730 (0.4740)  loss_vfl_dn_3: 0.4609 (0.4634)  loss_vfl_dn_4: 0.4554 (0.4585)  loss_vfl_dn_5: 0.4555 (0.4581)  loss_vfl_dn_pre: 0.5081 (0.5081)  loss_vfl_enc_0: 0.8052 (0.7996)  loss_vfl_pre: 0.8053 (0.8132)  time: 1.2361  data: 0.0283  max mem: 17528
Epoch: [7/80]  [500/924]  eta: 0:07:49  lr: 0.000013  loss: 35.5284 (35.5657)  loss_bbox: 0.2207 (0.2228)  loss_bbox_aux_0: 0.2436 (0.2445)  loss_bbox_aux_1: 0.2266 (0.2264)  loss_bbox_aux_2: 0.2228 (0.2234)  loss_bbox_aux_3: 0.2210 (0.2229)  loss_bbox_aux_4: 0.2208 (0.2228)  loss_bbox_dn_0: 0.3220 (0.3362)  loss_bbox_dn_1: 0.2444 (0.2596)  loss_bbox_dn_2: 0.2319 (0.2473)  loss_bbox_dn_3: 0.2288 (0.2442)  loss_bbox_dn_4: 0.2283 (0.2435)  loss_bbox_dn_5: 0.2283 (0.2435)  loss_bbox_dn_pre: 0.3251 (0.3403)  loss_bbox_enc_0: 0.2835 (0.2955)  loss_bbox_pre: 0.2440 (0.2448)  loss_ddf_aux_0: 0.0968 (0.1027)  loss_ddf_aux_1: 0.0131 (0.0142)  loss_ddf_aux_2: 0.0021 (0.0021)  loss_ddf_aux_3: 0.0003 (0.0003)  loss_ddf_aux_4: 0.0001 (0.0001)  loss_ddf_dn_0: 0.2858 (0.3017)  loss_ddf_dn_1: 0.0391 (0.0417)  loss_ddf_dn_2: 0.0067 (0.0067)  loss_ddf_dn_3: 0.0009 (0.0009)  loss_ddf_dn_4: 0.0001 (0.0001)  loss_ddf_dn_5: 0.0000 (0.0000)  loss_fgl: 0.9715 (0.9702)  loss_fgl_aux_0: 1.0159 (1.0220)  loss_fgl_aux_1: 0.9760 (0.9760)  loss_fgl_aux_2: 0.9712 (0.9704)  loss_fgl_aux_3: 0.9712 (0.9702)  loss_fgl_aux_4: 0.9714 (0.9702)  loss_fgl_dn_0: 1.1047 (1.1071)  loss_fgl_dn_1: 1.0107 (1.0099)  loss_fgl_dn_2: 0.9980 (1.0001)  loss_fgl_dn_3: 0.9980 (1.0009)  loss_fgl_dn_4: 0.9980 (1.0015)  loss_fgl_dn_5: 0.9981 (1.0015)  loss_giou: 0.6374 (0.6399)  loss_giou_aux_0: 0.6736 (0.6753)  loss_giou_aux_1: 0.6458 (0.6455)  loss_giou_aux_2: 0.6399 (0.6406)  loss_giou_aux_3: 0.6376 (0.6399)  loss_giou_aux_4: 0.6372 (0.6398)  loss_giou_dn_0: 0.7289 (0.7307)  loss_giou_dn_1: 0.6082 (0.6040)  loss_giou_dn_2: 0.5882 (0.5839)  loss_giou_dn_3: 0.5816 (0.5790)  loss_giou_dn_4: 0.5794 (0.5779)  loss_giou_dn_5: 0.5794 (0.5778)  loss_giou_dn_pre: 0.7296 (0.7294)  loss_giou_enc_0: 0.7560 (0.7580)  loss_giou_pre: 0.6710 (0.6733)  loss_vfl: 0.7345 (0.7353)  loss_vfl_aux_0: 0.8110 (0.8132)  loss_vfl_aux_1: 0.7940 (0.8006)  loss_vfl_aux_2: 0.7678 (0.7728)  loss_vfl_aux_3: 0.7427 (0.7466)  loss_vfl_aux_4: 0.7345 (0.7363)  loss_vfl_dn_0: 0.5075 (0.5077)  loss_vfl_dn_1: 0.4897 (0.4904)  loss_vfl_dn_2: 0.4751 (0.4743)  loss_vfl_dn_3: 0.4616 (0.4636)  loss_vfl_dn_4: 0.4580 (0.4587)  loss_vfl_dn_5: 0.4586 (0.4582)  loss_vfl_dn_pre: 0.5080 (0.5083)  loss_vfl_enc_0: 0.8040 (0.8013)  loss_vfl_pre: 0.8105 (0.8150)  time: 1.0877  data: 0.0270  max mem: 17528
Epoch: [7/80]  [600/924]  eta: 0:06:04  lr: 0.000013  loss: 35.4210 (35.5502)  loss_bbox: 0.2100 (0.2224)  loss_bbox_aux_0: 0.2339 (0.2440)  loss_bbox_aux_1: 0.2153 (0.2260)  loss_bbox_aux_2: 0.2120 (0.2230)  loss_bbox_aux_3: 0.2102 (0.2225)  loss_bbox_aux_4: 0.2100 (0.2224)  loss_bbox_dn_0: 0.3149 (0.3351)  loss_bbox_dn_1: 0.2485 (0.2588)  loss_bbox_dn_2: 0.2376 (0.2466)  loss_bbox_dn_3: 0.2341 (0.2435)  loss_bbox_dn_4: 0.2332 (0.2429)  loss_bbox_dn_5: 0.2330 (0.2428)  loss_bbox_dn_pre: 0.3188 (0.3393)  loss_bbox_enc_0: 0.2879 (0.2947)  loss_bbox_pre: 0.2355 (0.2442)  loss_ddf_aux_0: 0.0998 (0.1023)  loss_ddf_aux_1: 0.0133 (0.0142)  loss_ddf_aux_2: 0.0021 (0.0021)  loss_ddf_aux_3: 0.0003 (0.0003)  loss_ddf_aux_4: 0.0001 (0.0001)  loss_ddf_dn_0: 0.2935 (0.3010)  loss_ddf_dn_1: 0.0390 (0.0415)  loss_ddf_dn_2: 0.0072 (0.0067)  loss_ddf_dn_3: 0.0010 (0.0009)  loss_ddf_dn_4: 0.0001 (0.0001)  loss_ddf_dn_5: 0.0000 (0.0000)  loss_fgl: 0.9641 (0.9699)  loss_fgl_aux_0: 1.0128 (1.0216)  loss_fgl_aux_1: 0.9703 (0.9758)  loss_fgl_aux_2: 0.9653 (0.9702)  loss_fgl_aux_3: 0.9642 (0.9700)  loss_fgl_aux_4: 0.9641 (0.9700)  loss_fgl_dn_0: 1.1023 (1.1066)  loss_fgl_dn_1: 1.0077 (1.0097)  loss_fgl_dn_2: 0.9984 (0.9999)  loss_fgl_dn_3: 0.9987 (1.0006)  loss_fgl_dn_4: 0.9997 (1.0012)  loss_fgl_dn_5: 0.9998 (1.0013)  loss_giou: 0.6513 (0.6403)  loss_giou_aux_0: 0.6906 (0.6757)  loss_giou_aux_1: 0.6564 (0.6459)  loss_giou_aux_2: 0.6523 (0.6410)  loss_giou_aux_3: 0.6514 (0.6404)  loss_giou_aux_4: 0.6513 (0.6403)  loss_giou_dn_0: 0.7300 (0.7308)  loss_giou_dn_1: 0.6183 (0.6040)  loss_giou_dn_2: 0.6022 (0.5841)  loss_giou_dn_3: 0.5965 (0.5792)  loss_giou_dn_4: 0.5952 (0.5780)  loss_giou_dn_5: 0.5950 (0.5779)  loss_giou_dn_pre: 0.7282 (0.7295)  loss_giou_enc_0: 0.7771 (0.7580)  loss_giou_pre: 0.6867 (0.6737)  loss_vfl: 0.7076 (0.7351)  loss_vfl_aux_0: 0.7918 (0.8127)  loss_vfl_aux_1: 0.7807 (0.8001)  loss_vfl_aux_2: 0.7506 (0.7723)  loss_vfl_aux_3: 0.7258 (0.7461)  loss_vfl_aux_4: 0.7139 (0.7361)  loss_vfl_dn_0: 0.5024 (0.5075)  loss_vfl_dn_1: 0.4822 (0.4902)  loss_vfl_dn_2: 0.4677 (0.4740)  loss_vfl_dn_3: 0.4612 (0.4634)  loss_vfl_dn_4: 0.4555 (0.4584)  loss_vfl_dn_5: 0.4543 (0.4580)  loss_vfl_dn_pre: 0.5031 (0.5081)  loss_vfl_enc_0: 0.7831 (0.8009)  loss_vfl_pre: 0.7941 (0.8145)  time: 1.1164  data: 0.0320  max mem: 17528
Epoch: [7/80]  [700/924]  eta: 0:04:11  lr: 0.000013  loss: 35.4325 (35.5462)  loss_bbox: 0.2204 (0.2224)  loss_bbox_aux_0: 0.2484 (0.2440)  loss_bbox_aux_1: 0.2241 (0.2260)  loss_bbox_aux_2: 0.2215 (0.2231)  loss_bbox_aux_3: 0.2206 (0.2225)  loss_bbox_aux_4: 0.2205 (0.2224)  loss_bbox_dn_0: 0.3426 (0.3348)  loss_bbox_dn_1: 0.2645 (0.2587)  loss_bbox_dn_2: 0.2519 (0.2465)  loss_bbox_dn_3: 0.2487 (0.2434)  loss_bbox_dn_4: 0.2478 (0.2428)  loss_bbox_dn_5: 0.2478 (0.2428)  loss_bbox_dn_pre: 0.3465 (0.3390)  loss_bbox_enc_0: 0.2951 (0.2944)  loss_bbox_pre: 0.2476 (0.2442)  loss_ddf_aux_0: 0.1100 (0.1025)  loss_ddf_aux_1: 0.0142 (0.0142)  loss_ddf_aux_2: 0.0020 (0.0021)  loss_ddf_aux_3: 0.0003 (0.0003)  loss_ddf_aux_4: 0.0001 (0.0001)  loss_ddf_dn_0: 0.3022 (0.3001)  loss_ddf_dn_1: 0.0391 (0.0413)  loss_ddf_dn_2: 0.0063 (0.0067)  loss_ddf_dn_3: 0.0009 (0.0009)  loss_ddf_dn_4: 0.0001 (0.0001)  loss_ddf_dn_5: 0.0000 (0.0000)  loss_fgl: 0.9703 (0.9696)  loss_fgl_aux_0: 1.0248 (1.0212)  loss_fgl_aux_1: 0.9745 (0.9754)  loss_fgl_aux_2: 0.9704 (0.9698)  loss_fgl_aux_3: 0.9704 (0.9696)  loss_fgl_aux_4: 0.9704 (0.9696)  loss_fgl_dn_0: 1.1003 (1.1065)  loss_fgl_dn_1: 1.0036 (1.0094)  loss_fgl_dn_2: 0.9951 (0.9996)  loss_fgl_dn_3: 0.9951 (1.0003)  loss_fgl_dn_4: 0.9956 (1.0009)  loss_fgl_dn_5: 0.9956 (1.0010)  loss_giou: 0.6179 (0.6405)  loss_giou_aux_0: 0.6548 (0.6760)  loss_giou_aux_1: 0.6221 (0.6461)  loss_giou_aux_2: 0.6175 (0.6412)  loss_giou_aux_3: 0.6178 (0.6405)  loss_giou_aux_4: 0.6179 (0.6405)  loss_giou_dn_0: 0.7308 (0.7304)  loss_giou_dn_1: 0.5960 (0.6036)  loss_giou_dn_2: 0.5764 (0.5838)  loss_giou_dn_3: 0.5708 (0.5789)  loss_giou_dn_4: 0.5692 (0.5778)  loss_giou_dn_5: 0.5692 (0.5777)  loss_giou_dn_pre: 0.7286 (0.7291)  loss_giou_enc_0: 0.7435 (0.7580)  loss_giou_pre: 0.6525 (0.6740)  loss_vfl: 0.7346 (0.7361)  loss_vfl_aux_0: 0.8113 (0.8128)  loss_vfl_aux_1: 0.8028 (0.8005)  loss_vfl_aux_2: 0.7667 (0.7730)  loss_vfl_aux_3: 0.7490 (0.7469)  loss_vfl_aux_4: 0.7275 (0.7369)  loss_vfl_dn_0: 0.5067 (0.5074)  loss_vfl_dn_1: 0.4866 (0.4900)  loss_vfl_dn_2: 0.4679 (0.4738)  loss_vfl_dn_3: 0.4603 (0.4631)  loss_vfl_dn_4: 0.4568 (0.4582)  loss_vfl_dn_5: 0.4570 (0.4577)  loss_vfl_dn_pre: 0.5078 (0.5081)  loss_vfl_enc_0: 0.8080 (0.8009)  loss_vfl_pre: 0.8149 (0.8146)  time: 1.0761  data: 0.0308  max mem: 17528
Epoch: [7/80]  [800/924]  eta: 0:02:18  lr: 0.000013  loss: 35.2420 (35.5349)  loss_bbox: 0.2176 (0.2223)  loss_bbox_aux_0: 0.2381 (0.2438)  loss_bbox_aux_1: 0.2222 (0.2259)  loss_bbox_aux_2: 0.2190 (0.2229)  loss_bbox_aux_3: 0.2179 (0.2223)  loss_bbox_aux_4: 0.2176 (0.2223)  loss_bbox_dn_0: 0.3243 (0.3337)  loss_bbox_dn_1: 0.2476 (0.2578)  loss_bbox_dn_2: 0.2373 (0.2456)  loss_bbox_dn_3: 0.2343 (0.2426)  loss_bbox_dn_4: 0.2342 (0.2420)  loss_bbox_dn_5: 0.2343 (0.2419)  loss_bbox_dn_pre: 0.3271 (0.3379)  loss_bbox_enc_0: 0.2866 (0.2942)  loss_bbox_pre: 0.2385 (0.2441)  loss_ddf_aux_0: 0.0987 (0.1022)  loss_ddf_aux_1: 0.0133 (0.0142)  loss_ddf_aux_2: 0.0020 (0.0021)  loss_ddf_aux_3: 0.0003 (0.0003)  loss_ddf_aux_4: 0.0001 (0.0001)  loss_ddf_dn_0: 0.2933 (0.2993)  loss_ddf_dn_1: 0.0377 (0.0411)  loss_ddf_dn_2: 0.0056 (0.0066)  loss_ddf_dn_3: 0.0007 (0.0009)  loss_ddf_dn_4: 0.0001 (0.0001)  loss_ddf_dn_5: 0.0000 (0.0000)  loss_fgl: 0.9585 (0.9693)  loss_fgl_aux_0: 1.0091 (1.0209)  loss_fgl_aux_1: 0.9629 (0.9751)  loss_fgl_aux_2: 0.9586 (0.9696)  loss_fgl_aux_3: 0.9588 (0.9693)  loss_fgl_aux_4: 0.9586 (0.9693)  loss_fgl_dn_0: 1.1013 (1.1064)  loss_fgl_dn_1: 1.0048 (1.0093)  loss_fgl_dn_2: 0.9961 (0.9995)  loss_fgl_dn_3: 0.9967 (1.0002)  loss_fgl_dn_4: 0.9971 (1.0008)  loss_fgl_dn_5: 0.9972 (1.0009)  loss_giou: 0.6349 (0.6412)  loss_giou_aux_0: 0.6701 (0.6766)  loss_giou_aux_1: 0.6419 (0.6468)  loss_giou_aux_2: 0.6366 (0.6419)  loss_giou_aux_3: 0.6348 (0.6412)  loss_giou_aux_4: 0.6347 (0.6411)  loss_giou_dn_0: 0.7108 (0.7301)  loss_giou_dn_1: 0.5894 (0.6034)  loss_giou_dn_2: 0.5719 (0.5837)  loss_giou_dn_3: 0.5669 (0.5788)  loss_giou_dn_4: 0.5658 (0.5777)  loss_giou_dn_5: 0.5657 (0.5776)  loss_giou_dn_pre: 0.7099 (0.7288)  loss_giou_enc_0: 0.7480 (0.7587)  loss_giou_pre: 0.6678 (0.6746)  loss_vfl: 0.7382 (0.7359)  loss_vfl_aux_0: 0.8199 (0.8124)  loss_vfl_aux_1: 0.8030 (0.7999)  loss_vfl_aux_2: 0.7723 (0.7727)  loss_vfl_aux_3: 0.7525 (0.7467)  loss_vfl_aux_4: 0.7437 (0.7367)  loss_vfl_dn_0: 0.5087 (0.5073)  loss_vfl_dn_1: 0.4893 (0.4897)  loss_vfl_dn_2: 0.4716 (0.4735)  loss_vfl_dn_3: 0.4592 (0.4628)  loss_vfl_dn_4: 0.4537 (0.4579)  loss_vfl_dn_5: 0.4535 (0.4574)  loss_vfl_dn_pre: 0.5093 (0.5080)  loss_vfl_enc_0: 0.8021 (0.8008)  loss_vfl_pre: 0.8224 (0.8142)  time: 1.0836  data: 0.0306  max mem: 17528
Epoch: [7/80]  [900/924]  eta: 0:00:26  lr: 0.000013  loss: 35.5609 (35.5261)  loss_bbox: 0.2188 (0.2224)  loss_bbox_aux_0: 0.2385 (0.2440)  loss_bbox_aux_1: 0.2234 (0.2260)  loss_bbox_aux_2: 0.2198 (0.2230)  loss_bbox_aux_3: 0.2187 (0.2225)  loss_bbox_aux_4: 0.2187 (0.2224)  loss_bbox_dn_0: 0.3190 (0.3337)  loss_bbox_dn_1: 0.2429 (0.2577)  loss_bbox_dn_2: 0.2312 (0.2455)  loss_bbox_dn_3: 0.2293 (0.2425)  loss_bbox_dn_4: 0.2281 (0.2418)  loss_bbox_dn_5: 0.2278 (0.2418)  loss_bbox_dn_pre: 0.3201 (0.3378)  loss_bbox_enc_0: 0.2852 (0.2944)  loss_bbox_pre: 0.2386 (0.2442)  loss_ddf_aux_0: 0.1066 (0.1025)  loss_ddf_aux_1: 0.0146 (0.0142)  loss_ddf_aux_2: 0.0020 (0.0021)  loss_ddf_aux_3: 0.0003 (0.0003)  loss_ddf_aux_4: 0.0001 (0.0001)  loss_ddf_dn_0: 0.2899 (0.2982)  loss_ddf_dn_1: 0.0415 (0.0409)  loss_ddf_dn_2: 0.0063 (0.0066)  loss_ddf_dn_3: 0.0008 (0.0009)  loss_ddf_dn_4: 0.0001 (0.0001)  loss_ddf_dn_5: 0.0000 (0.0000)  loss_fgl: 0.9732 (0.9692)  loss_fgl_aux_0: 1.0266 (1.0210)  loss_fgl_aux_1: 0.9768 (0.9750)  loss_fgl_aux_2: 0.9727 (0.9695)  loss_fgl_aux_3: 0.9731 (0.9692)  loss_fgl_aux_4: 0.9732 (0.9692)  loss_fgl_dn_0: 1.1031 (1.1064)  loss_fgl_dn_1: 1.0086 (1.0093)  loss_fgl_dn_2: 0.9978 (0.9995)  loss_fgl_dn_3: 0.9978 (1.0002)  loss_fgl_dn_4: 0.9985 (1.0008)  loss_fgl_dn_5: 0.9986 (1.0008)  loss_giou: 0.6298 (0.6409)  loss_giou_aux_0: 0.6639 (0.6764)  loss_giou_aux_1: 0.6350 (0.6466)  loss_giou_aux_2: 0.6306 (0.6416)  loss_giou_aux_3: 0.6301 (0.6410)  loss_giou_aux_4: 0.6299 (0.6409)  loss_giou_dn_0: 0.7243 (0.7295)  loss_giou_dn_1: 0.5958 (0.6030)  loss_giou_dn_2: 0.5778 (0.5833)  loss_giou_dn_3: 0.5729 (0.5785)  loss_giou_dn_4: 0.5722 (0.5773)  loss_giou_dn_5: 0.5721 (0.5773)  loss_giou_dn_pre: 0.7209 (0.7282)  loss_giou_enc_0: 0.7513 (0.7584)  loss_giou_pre: 0.6606 (0.6744)  loss_vfl: 0.7380 (0.7357)  loss_vfl_aux_0: 0.8086 (0.8117)  loss_vfl_aux_1: 0.7991 (0.7997)  loss_vfl_aux_2: 0.7713 (0.7726)  loss_vfl_aux_3: 0.7456 (0.7465)  loss_vfl_aux_4: 0.7372 (0.7365)  loss_vfl_dn_0: 0.5075 (0.5074)  loss_vfl_dn_1: 0.4923 (0.4896)  loss_vfl_dn_2: 0.4735 (0.4734)  loss_vfl_dn_3: 0.4602 (0.4627)  loss_vfl_dn_4: 0.4550 (0.4577)  loss_vfl_dn_5: 0.4560 (0.4573)  loss_vfl_dn_pre: 0.5091 (0.5081)  loss_vfl_enc_0: 0.7972 (0.8005)  loss_vfl_pre: 0.8103 (0.8135)  time: 1.0892  data: 0.0277  max mem: 17528
Epoch: [7/80]  [923/924]  eta: 0:00:01  lr: 0.000013  loss: 35.4990 (35.5258)  loss_bbox: 0.2210 (0.2225)  loss_bbox_aux_0: 0.2421 (0.2441)  loss_bbox_aux_1: 0.2245 (0.2261)  loss_bbox_aux_2: 0.2225 (0.2231)  loss_bbox_aux_3: 0.2214 (0.2225)  loss_bbox_aux_4: 0.2210 (0.2225)  loss_bbox_dn_0: 0.3180 (0.3337)  loss_bbox_dn_1: 0.2493 (0.2577)  loss_bbox_dn_2: 0.2358 (0.2455)  loss_bbox_dn_3: 0.2312 (0.2425)  loss_bbox_dn_4: 0.2309 (0.2419)  loss_bbox_dn_5: 0.2310 (0.2418)  loss_bbox_dn_pre: 0.3231 (0.3379)  loss_bbox_enc_0: 0.2927 (0.2944)  loss_bbox_pre: 0.2417 (0.2443)  loss_ddf_aux_0: 0.1039 (0.1026)  loss_ddf_aux_1: 0.0145 (0.0142)  loss_ddf_aux_2: 0.0021 (0.0021)  loss_ddf_aux_3: 0.0003 (0.0003)  loss_ddf_aux_4: 0.0001 (0.0001)  loss_ddf_dn_0: 0.2881 (0.2980)  loss_ddf_dn_1: 0.0412 (0.0409)  loss_ddf_dn_2: 0.0067 (0.0066)  loss_ddf_dn_3: 0.0010 (0.0009)  loss_ddf_dn_4: 0.0001 (0.0001)  loss_ddf_dn_5: 0.0000 (0.0000)  loss_fgl: 0.9708 (0.9693)  loss_fgl_aux_0: 1.0255 (1.0212)  loss_fgl_aux_1: 0.9734 (0.9751)  loss_fgl_aux_2: 0.9709 (0.9696)  loss_fgl_aux_3: 0.9708 (0.9694)  loss_fgl_aux_4: 0.9707 (0.9693)  loss_fgl_dn_0: 1.1068 (1.1066)  loss_fgl_dn_1: 1.0099 (1.0094)  loss_fgl_dn_2: 1.0024 (0.9997)  loss_fgl_dn_3: 1.0034 (1.0004)  loss_fgl_dn_4: 1.0038 (1.0009)  loss_fgl_dn_5: 1.0039 (1.0010)  loss_giou: 0.6229 (0.6407)  loss_giou_aux_0: 0.6673 (0.6762)  loss_giou_aux_1: 0.6304 (0.6464)  loss_giou_aux_2: 0.6232 (0.6414)  loss_giou_aux_3: 0.6231 (0.6408)  loss_giou_aux_4: 0.6229 (0.6407)  loss_giou_dn_0: 0.7168 (0.7294)  loss_giou_dn_1: 0.5873 (0.6028)  loss_giou_dn_2: 0.5669 (0.5831)  loss_giou_dn_3: 0.5610 (0.5782)  loss_giou_dn_4: 0.5597 (0.5771)  loss_giou_dn_5: 0.5597 (0.5770)  loss_giou_dn_pre: 0.7175 (0.7281)  loss_giou_enc_0: 0.7506 (0.7582)  loss_giou_pre: 0.6660 (0.6743)  loss_vfl: 0.7299 (0.7358)  loss_vfl_aux_0: 0.8007 (0.8118)  loss_vfl_aux_1: 0.7973 (0.7998)  loss_vfl_aux_2: 0.7622 (0.7727)  loss_vfl_aux_3: 0.7403 (0.7466)  loss_vfl_aux_4: 0.7300 (0.7365)  loss_vfl_dn_0: 0.5059 (0.5074)  loss_vfl_dn_1: 0.4886 (0.4896)  loss_vfl_dn_2: 0.4727 (0.4734)  loss_vfl_dn_3: 0.4604 (0.4626)  loss_vfl_dn_4: 0.4586 (0.4577)  loss_vfl_dn_5: 0.4559 (0.4572)  loss_vfl_dn_pre: 0.5064 (0.5081)  loss_vfl_enc_0: 0.7998 (0.8005)  loss_vfl_pre: 0.8036 (0.8135)  time: 1.0600  data: 0.0307  max mem: 17528
Epoch: [7/80] Total time: 0:17:11 (1.1162 s / it)
Averaged stats: lr: 0.000013  loss: 35.4990 (35.5258)  loss_bbox: 0.2210 (0.2225)  loss_bbox_aux_0: 0.2421 (0.2441)  loss_bbox_aux_1: 0.2245 (0.2261)  loss_bbox_aux_2: 0.2225 (0.2231)  loss_bbox_aux_3: 0.2214 (0.2225)  loss_bbox_aux_4: 0.2210 (0.2225)  loss_bbox_dn_0: 0.3180 (0.3337)  loss_bbox_dn_1: 0.2493 (0.2577)  loss_bbox_dn_2: 0.2358 (0.2455)  loss_bbox_dn_3: 0.2312 (0.2425)  loss_bbox_dn_4: 0.2309 (0.2419)  loss_bbox_dn_5: 0.2310 (0.2418)  loss_bbox_dn_pre: 0.3231 (0.3379)  loss_bbox_enc_0: 0.2927 (0.2944)  loss_bbox_pre: 0.2417 (0.2443)  loss_ddf_aux_0: 0.1039 (0.1026)  loss_ddf_aux_1: 0.0145 (0.0142)  loss_ddf_aux_2: 0.0021 (0.0021)  loss_ddf_aux_3: 0.0003 (0.0003)  loss_ddf_aux_4: 0.0001 (0.0001)  loss_ddf_dn_0: 0.2881 (0.2980)  loss_ddf_dn_1: 0.0412 (0.0409)  loss_ddf_dn_2: 0.0067 (0.0066)  loss_ddf_dn_3: 0.0010 (0.0009)  loss_ddf_dn_4: 0.0001 (0.0001)  loss_ddf_dn_5: 0.0000 (0.0000)  loss_fgl: 0.9708 (0.9693)  loss_fgl_aux_0: 1.0255 (1.0212)  loss_fgl_aux_1: 0.9734 (0.9751)  loss_fgl_aux_2: 0.9709 (0.9696)  loss_fgl_aux_3: 0.9708 (0.9694)  loss_fgl_aux_4: 0.9707 (0.9693)  loss_fgl_dn_0: 1.1068 (1.1066)  loss_fgl_dn_1: 1.0099 (1.0094)  loss_fgl_dn_2: 1.0024 (0.9997)  loss_fgl_dn_3: 1.0034 (1.0004)  loss_fgl_dn_4: 1.0038 (1.0009)  loss_fgl_dn_5: 1.0039 (1.0010)  loss_giou: 0.6229 (0.6407)  loss_giou_aux_0: 0.6673 (0.6762)  loss_giou_aux_1: 0.6304 (0.6464)  loss_giou_aux_2: 0.6232 (0.6414)  loss_giou_aux_3: 0.6231 (0.6408)  loss_giou_aux_4: 0.6229 (0.6407)  loss_giou_dn_0: 0.7168 (0.7294)  loss_giou_dn_1: 0.5873 (0.6028)  loss_giou_dn_2: 0.5669 (0.5831)  loss_giou_dn_3: 0.5610 (0.5782)  loss_giou_dn_4: 0.5597 (0.5771)  loss_giou_dn_5: 0.5597 (0.5770)  loss_giou_dn_pre: 0.7175 (0.7281)  loss_giou_enc_0: 0.7506 (0.7582)  loss_giou_pre: 0.6660 (0.6743)  loss_vfl: 0.7299 (0.7358)  loss_vfl_aux_0: 0.8007 (0.8118)  loss_vfl_aux_1: 0.7973 (0.7998)  loss_vfl_aux_2: 0.7622 (0.7727)  loss_vfl_aux_3: 0.7403 (0.7466)  loss_vfl_aux_4: 0.7300 (0.7365)  loss_vfl_dn_0: 0.5059 (0.5074)  loss_vfl_dn_1: 0.4886 (0.4896)  loss_vfl_dn_2: 0.4727 (0.4734)  loss_vfl_dn_3: 0.4604 (0.4626)  loss_vfl_dn_4: 0.4586 (0.4577)  loss_vfl_dn_5: 0.4559 (0.4572)  loss_vfl_dn_pre: 0.5064 (0.5081)  loss_vfl_enc_0: 0.7998 (0.8005)  loss_vfl_pre: 0.8036 (0.8135)
Test:  [ 0/79]  eta: 0:01:37    time: 1.2344  data: 0.9808  max mem: 17528
Test:  [10/79]  eta: 0:00:21    time: 0.3142  data: 0.1018  max mem: 17528
Test:  [20/79]  eta: 0:00:15    time: 0.2163  data: 0.0132  max mem: 17528
Test:  [30/79]  eta: 0:00:12    time: 0.2091  data: 0.0125  max mem: 17528
Test:  [40/79]  eta: 0:00:09    time: 0.2031  data: 0.0124  max mem: 17528
Test:  [50/79]  eta: 0:00:06    time: 0.2034  data: 0.0121  max mem: 17528
Test:  [60/79]  eta: 0:00:04    time: 0.2079  data: 0.0127  max mem: 17528
Test:  [70/79]  eta: 0:00:01    time: 0.2032  data: 0.0127  max mem: 17528
Test:  [78/79]  eta: 0:00:00    time: 0.1970  data: 0.0119  max mem: 17528
Test: Total time: 0:00:17 (0.2221 s / it)
Metrics: {'f1': 0.640540850234903, 'precision': 0.6875768757687577, 'recall': 0.5995280995280995, 'iou': 0.4046985536150569, 'TPs': 2795, 'FPs': 1270, 'FNs': 1867}
Averaged stats: 
Accumulating evaluation results...
COCOeval_opt.accumulate() finished...
DONE (t=2.29s).
IoU metric: bbox
 Average Precision  (AP) @[ IoU=0.50:0.95 | area=   all | maxDets=100 ] = 0.470
 Average Precision  (AP) @[ IoU=0.50      | area=   all | maxDets=100 ] = 0.641
 Average Precision  (AP) @[ IoU=0.75      | area=   all | maxDets=100 ] = 0.508
 Average Precision  (AP) @[ IoU=0.50:0.95 | area= small | maxDets=100 ] = 0.274
 Average Precision  (AP) @[ IoU=0.50:0.95 | area=medium | maxDets=100 ] = 0.518
 Average Precision  (AP) @[ IoU=0.50:0.95 | area= large | maxDets=100 ] = 0.653
 Average Recall     (AR) @[ IoU=0.50:0.95 | area=   all | maxDets=  1 ] = 0.368
 Average Recall     (AR) @[ IoU=0.50:0.95 | area=   all | maxDets= 10 ] = 0.608
 Average Recall     (AR) @[ IoU=0.50:0.95 | area=   all | maxDets=100 ] = 0.679
 Average Recall     (AR) @[ IoU=0.50:0.95 | area= small | maxDets=100 ] = 0.475
 Average Recall     (AR) @[ IoU=0.50:0.95 | area=medium | maxDets=100 ] = 0.731
 Average Recall     (AR) @[ IoU=0.50:0.95 | area= large | maxDets=100 ] = 0.875
 Average Recall     (AR) @[ IoU=0.50      | area=   all | maxDets=100 ] = 0.878
 Average Recall     (AR) @[ IoU=0.75      | area=   all | maxDets=100 ] = 0.731
best_stat: {'epoch': 7, 'coco_eval_bbox': 0.4699969832483457}
Epoch: [8/80]  [  0/924]  eta: 0:56:56  lr: 0.000013  loss: 34.9574 (34.9574)  loss_bbox: 0.2105 (0.2105)  loss_bbox_aux_0: 0.2283 (0.2283)  loss_bbox_aux_1: 0.2131 (0.2131)  loss_bbox_aux_2: 0.2109 (0.2109)  loss_bbox_aux_3: 0.2105 (0.2105)  loss_bbox_aux_4: 0.2105 (0.2105)  loss_bbox_dn_0: 0.3062 (0.3062)  loss_bbox_dn_1: 0.2286 (0.2286)  loss_bbox_dn_2: 0.2169 (0.2169)  loss_bbox_dn_3: 0.2148 (0.2148)  loss_bbox_dn_4: 0.2133 (0.2133)  loss_bbox_dn_5: 0.2132 (0.2132)  loss_bbox_dn_pre: 0.3084 (0.3084)  loss_bbox_enc_0: 0.2739 (0.2739)  loss_bbox_pre: 0.2279 (0.2279)  loss_ddf_aux_0: 0.0965 (0.0965)  loss_ddf_aux_1: 0.0124 (0.0124)  loss_ddf_aux_2: 0.0021 (0.0021)  loss_ddf_aux_3: 0.0003 (0.0003)  loss_ddf_aux_4: 0.0001 (0.0001)  loss_ddf_dn_0: 0.2779 (0.2779)  loss_ddf_dn_1: 0.0402 (0.0402)  loss_ddf_dn_2: 0.0068 (0.0068)  loss_ddf_dn_3: 0.0009 (0.0009)  loss_ddf_dn_4: 0.0001 (0.0001)  loss_ddf_dn_5: 0.0000 (0.0000)  loss_fgl: 0.9218 (0.9218)  loss_fgl_aux_0: 0.9689 (0.9689)  loss_fgl_aux_1: 0.9261 (0.9261)  loss_fgl_aux_2: 0.9223 (0.9223)  loss_fgl_aux_3: 0.9218 (0.9218)  loss_fgl_aux_4: 0.9219 (0.9219)  loss_fgl_dn_0: 1.0944 (1.0944)  loss_fgl_dn_1: 1.0004 (1.0004)  loss_fgl_dn_2: 0.9919 (0.9919)  loss_fgl_dn_3: 0.9927 (0.9927)  loss_fgl_dn_4: 0.9938 (0.9938)  loss_fgl_dn_5: 0.9939 (0.9939)  loss_giou: 0.7259 (0.7259)  loss_giou_aux_0: 0.7570 (0.7570)  loss_giou_aux_1: 0.7334 (0.7334)  loss_giou_aux_2: 0.7259 (0.7259)  loss_giou_aux_3: 0.7260 (0.7260)  loss_giou_aux_4: 0.7259 (0.7259)  loss_giou_dn_0: 0.7342 (0.7342)  loss_giou_dn_1: 0.6234 (0.6234)  loss_giou_dn_2: 0.6020 (0.6020)  loss_giou_dn_3: 0.5974 (0.5974)  loss_giou_dn_4: 0.5956 (0.5956)  loss_giou_dn_5: 0.5954 (0.5954)  loss_giou_dn_pre: 0.7326 (0.7326)  loss_giou_enc_0: 0.8321 (0.8321)  loss_giou_pre: 0.7546 (0.7546)  loss_vfl: 0.6574 (0.6574)  loss_vfl_aux_0: 0.7531 (0.7531)  loss_vfl_aux_1: 0.7094 (0.7094)  loss_vfl_aux_2: 0.6876 (0.6876)  loss_vfl_aux_3: 0.6622 (0.6622)  loss_vfl_aux_4: 0.6629 (0.6629)  loss_vfl_dn_0: 0.5082 (0.5082)  loss_vfl_dn_1: 0.4746 (0.4746)  loss_vfl_dn_2: 0.4581 (0.4581)  loss_vfl_dn_3: 0.4500 (0.4500)  loss_vfl_dn_4: 0.4477 (0.4477)  loss_vfl_dn_5: 0.4456 (0.4456)  loss_vfl_dn_pre: 0.5088 (0.5088)  loss_vfl_enc_0: 0.7380 (0.7380)  loss_vfl_pre: 0.7581 (0.7581)  time: 3.6970  data: 2.6191  max mem: 17528
Epoch: [8/80]  [100/924]  eta: 0:15:20  lr: 0.000013  loss: 35.2018 (35.2881)  loss_bbox: 0.2122 (0.2183)  loss_bbox_aux_0: 0.2325 (0.2390)  loss_bbox_aux_1: 0.2161 (0.2218)  loss_bbox_aux_2: 0.2133 (0.2189)  loss_bbox_aux_3: 0.2125 (0.2184)  loss_bbox_aux_4: 0.2123 (0.2183)  loss_bbox_dn_0: 0.3247 (0.3279)  loss_bbox_dn_1: 0.2487 (0.2537)  loss_bbox_dn_2: 0.2384 (0.2417)  loss_bbox_dn_3: 0.2356 (0.2385)  loss_bbox_dn_4: 0.2343 (0.2378)  loss_bbox_dn_5: 0.2341 (0.2378)  loss_bbox_dn_pre: 0.3283 (0.3322)  loss_bbox_enc_0: 0.2830 (0.2883)  loss_bbox_pre: 0.2335 (0.2393)  loss_ddf_aux_0: 0.1020 (0.0998)  loss_ddf_aux_1: 0.0139 (0.0135)  loss_ddf_aux_2: 0.0021 (0.0021)  loss_ddf_aux_3: 0.0003 (0.0003)  loss_ddf_aux_4: 0.0001 (0.0001)  loss_ddf_dn_0: 0.2989 (0.2929)  loss_ddf_dn_1: 0.0403 (0.0397)  loss_ddf_dn_2: 0.0062 (0.0067)  loss_ddf_dn_3: 0.0008 (0.0009)  loss_ddf_dn_4: 0.0001 (0.0001)  loss_ddf_dn_5: 0.0000 (0.0000)  loss_fgl: 0.9727 (0.9703)  loss_fgl_aux_0: 1.0287 (1.0222)  loss_fgl_aux_1: 0.9785 (0.9758)  loss_fgl_aux_2: 0.9732 (0.9707)  loss_fgl_aux_3: 0.9730 (0.9704)  loss_fgl_aux_4: 0.9728 (0.9703)  loss_fgl_dn_0: 1.1110 (1.1077)  loss_fgl_dn_1: 1.0099 (1.0094)  loss_fgl_dn_2: 1.0004 (0.9995)  loss_fgl_dn_3: 1.0017 (1.0001)  loss_fgl_dn_4: 1.0024 (1.0007)  loss_fgl_dn_5: 1.0026 (1.0008)  loss_giou: 0.5983 (0.6341)  loss_giou_aux_0: 0.6326 (0.6688)  loss_giou_aux_1: 0.6034 (0.6397)  loss_giou_aux_2: 0.5987 (0.6348)  loss_giou_aux_3: 0.5982 (0.6341)  loss_giou_aux_4: 0.5981 (0.6341)  loss_giou_dn_0: 0.6968 (0.7173)  loss_giou_dn_1: 0.5719 (0.5916)  loss_giou_dn_2: 0.5515 (0.5724)  loss_giou_dn_3: 0.5471 (0.5676)  loss_giou_dn_4: 0.5459 (0.5665)  loss_giou_dn_5: 0.5458 (0.5665)  loss_giou_dn_pre: 0.6972 (0.7161)  loss_giou_enc_0: 0.7153 (0.7504)  loss_giou_pre: 0.6302 (0.6669)  loss_vfl: 0.7380 (0.7333)  loss_vfl_aux_0: 0.8103 (0.8081)  loss_vfl_aux_1: 0.8019 (0.7964)  loss_vfl_aux_2: 0.7894 (0.7703)  loss_vfl_aux_3: 0.7399 (0.7436)  loss_vfl_aux_4: 0.7320 (0.7333)  loss_vfl_dn_0: 0.5107 (0.5076)  loss_vfl_dn_1: 0.4834 (0.4877)  loss_vfl_dn_2: 0.4688 (0.4718)  loss_vfl_dn_3: 0.4576 (0.4607)  loss_vfl_dn_4: 0.4552 (0.4559)  loss_vfl_dn_5: 0.4550 (0.4552)  loss_vfl_dn_pre: 0.5112 (0.5081)  loss_vfl_enc_0: 0.7910 (0.7990)  loss_vfl_pre: 0.8120 (0.8102)  time: 1.0949  data: 0.0290  max mem: 17528
Epoch: [8/80]  [200/924]  eta: 0:13:28  lr: 0.000013  loss: 35.3262 (35.3136)  loss_bbox: 0.2165 (0.2194)  loss_bbox_aux_0: 0.2404 (0.2411)  loss_bbox_aux_1: 0.2228 (0.2231)  loss_bbox_aux_2: 0.2184 (0.2200)  loss_bbox_aux_3: 0.2167 (0.2194)  loss_bbox_aux_4: 0.2165 (0.2194)  loss_bbox_dn_0: 0.3271 (0.3298)  loss_bbox_dn_1: 0.2522 (0.2550)  loss_bbox_dn_2: 0.2424 (0.2429)  loss_bbox_dn_3: 0.2408 (0.2398)  loss_bbox_dn_4: 0.2402 (0.2391)  loss_bbox_dn_5: 0.2403 (0.2391)  loss_bbox_dn_pre: 0.3277 (0.3341)  loss_bbox_enc_0: 0.2903 (0.2909)  loss_bbox_pre: 0.2385 (0.2414)  loss_ddf_aux_0: 0.1030 (0.1020)  loss_ddf_aux_1: 0.0149 (0.0142)  loss_ddf_aux_2: 0.0022 (0.0022)  loss_ddf_aux_3: 0.0003 (0.0003)  loss_ddf_aux_4: 0.0001 (0.0001)  loss_ddf_dn_0: 0.2909 (0.2921)  loss_ddf_dn_1: 0.0406 (0.0398)  loss_ddf_dn_2: 0.0067 (0.0066)  loss_ddf_dn_3: 0.0010 (0.0009)  loss_ddf_dn_4: 0.0001 (0.0001)  loss_ddf_dn_5: 0.0000 (0.0000)  loss_fgl: 0.9730 (0.9703)  loss_fgl_aux_0: 1.0362 (1.0231)  loss_fgl_aux_1: 0.9762 (0.9761)  loss_fgl_aux_2: 0.9735 (0.9707)  loss_fgl_aux_3: 0.9732 (0.9704)  loss_fgl_aux_4: 0.9731 (0.9703)  loss_fgl_dn_0: 1.1064 (1.1083)  loss_fgl_dn_1: 1.0126 (1.0097)  loss_fgl_dn_2: 1.0031 (0.9997)  loss_fgl_dn_3: 1.0046 (1.0003)  loss_fgl_dn_4: 1.0051 (1.0009)  loss_fgl_dn_5: 1.0051 (1.0010)  loss_giou: 0.6338 (0.6322)  loss_giou_aux_0: 0.6660 (0.6680)  loss_giou_aux_1: 0.6413 (0.6380)  loss_giou_aux_2: 0.6349 (0.6330)  loss_giou_aux_3: 0.6343 (0.6323)  loss_giou_aux_4: 0.6340 (0.6322)  loss_giou_dn_0: 0.7289 (0.7162)  loss_giou_dn_1: 0.5872 (0.5912)  loss_giou_dn_2: 0.5655 (0.5719)  loss_giou_dn_3: 0.5599 (0.5671)  loss_giou_dn_4: 0.5582 (0.5660)  loss_giou_dn_5: 0.5581 (0.5660)  loss_giou_dn_pre: 0.7261 (0.7150)  loss_giou_enc_0: 0.7391 (0.7499)  loss_giou_pre: 0.6650 (0.6662)  loss_vfl: 0.7214 (0.7341)  loss_vfl_aux_0: 0.8036 (0.8111)  loss_vfl_aux_1: 0.7864 (0.7993)  loss_vfl_aux_2: 0.7644 (0.7713)  loss_vfl_aux_3: 0.7284 (0.7443)  loss_vfl_aux_4: 0.7233 (0.7346)  loss_vfl_dn_0: 0.5081 (0.5080)  loss_vfl_dn_1: 0.4881 (0.4875)  loss_vfl_dn_2: 0.4711 (0.4711)  loss_vfl_dn_3: 0.4611 (0.4603)  loss_vfl_dn_4: 0.4568 (0.4555)  loss_vfl_dn_5: 0.4574 (0.4550)  loss_vfl_dn_pre: 0.5088 (0.5085)  loss_vfl_enc_0: 0.7938 (0.8012)  loss_vfl_pre: 0.8075 (0.8129)  time: 1.2578  data: 0.0296  max mem: 17528
Epoch: [8/80]  [300/924]  eta: 0:11:30  lr: 0.000013  loss: 35.5070 (35.3175)  loss_bbox: 0.2174 (0.2205)  loss_bbox_aux_0: 0.2419 (0.2427)  loss_bbox_aux_1: 0.2231 (0.2242)  loss_bbox_aux_2: 0.2188 (0.2212)  loss_bbox_aux_3: 0.2178 (0.2206)  loss_bbox_aux_4: 0.2175 (0.2205)  loss_bbox_dn_0: 0.3361 (0.3309)  loss_bbox_dn_1: 0.2563 (0.2551)  loss_bbox_dn_2: 0.2419 (0.2428)  loss_bbox_dn_3: 0.2407 (0.2397)  loss_bbox_dn_4: 0.2392 (0.2390)  loss_bbox_dn_5: 0.2393 (0.2390)  loss_bbox_dn_pre: 0.3436 (0.3351)  loss_bbox_enc_0: 0.2939 (0.2923)  loss_bbox_pre: 0.2414 (0.2430)  loss_ddf_aux_0: 0.1004 (0.1034)  loss_ddf_aux_1: 0.0142 (0.0145)  loss_ddf_aux_2: 0.0021 (0.0022)  loss_ddf_aux_3: 0.0003 (0.0003)  loss_ddf_aux_4: 0.0001 (0.0001)  loss_ddf_dn_0: 0.3047 (0.2946)  loss_ddf_dn_1: 0.0423 (0.0404)  loss_ddf_dn_2: 0.0074 (0.0066)  loss_ddf_dn_3: 0.0011 (0.0009)  loss_ddf_dn_4: 0.0001 (0.0001)  loss_ddf_dn_5: 0.0000 (0.0000)  loss_fgl: 0.9756 (0.9689)  loss_fgl_aux_0: 1.0253 (1.0227)  loss_fgl_aux_1: 0.9788 (0.9748)  loss_fgl_aux_2: 0.9754 (0.9693)  loss_fgl_aux_3: 0.9756 (0.9690)  loss_fgl_aux_4: 0.9755 (0.9690)  loss_fgl_dn_0: 1.1033 (1.1082)  loss_fgl_dn_1: 1.0076 (1.0086)  loss_fgl_dn_2: 0.9967 (0.9985)  loss_fgl_dn_3: 0.9965 (0.9992)  loss_fgl_dn_4: 0.9971 (0.9998)  loss_fgl_dn_5: 0.9973 (0.9998)  loss_giou: 0.6322 (0.6335)  loss_giou_aux_0: 0.6656 (0.6696)  loss_giou_aux_1: 0.6364 (0.6393)  loss_giou_aux_2: 0.6322 (0.6342)  loss_giou_aux_3: 0.6323 (0.6335)  loss_giou_aux_4: 0.6322 (0.6335)  loss_giou_dn_0: 0.7312 (0.7181)  loss_giou_dn_1: 0.6016 (0.5921)  loss_giou_dn_2: 0.5790 (0.5725)  loss_giou_dn_3: 0.5752 (0.5676)  loss_giou_dn_4: 0.5735 (0.5665)  loss_giou_dn_5: 0.5734 (0.5664)  loss_giou_dn_pre: 0.7279 (0.7167)  loss_giou_enc_0: 0.7446 (0.7509)  loss_giou_pre: 0.6635 (0.6677)  loss_vfl: 0.7308 (0.7319)  loss_vfl_aux_0: 0.8170 (0.8108)  loss_vfl_aux_1: 0.7931 (0.7976)  loss_vfl_aux_2: 0.7676 (0.7693)  loss_vfl_aux_3: 0.7401 (0.7419)  loss_vfl_aux_4: 0.7337 (0.7324)  loss_vfl_dn_0: 0.5041 (0.5073)  loss_vfl_dn_1: 0.4830 (0.4868)  loss_vfl_dn_2: 0.4657 (0.4703)  loss_vfl_dn_3: 0.4554 (0.4595)  loss_vfl_dn_4: 0.4522 (0.4546)  loss_vfl_dn_5: 0.4490 (0.4540)  loss_vfl_dn_pre: 0.5049 (0.5079)  loss_vfl_enc_0: 0.7974 (0.8008)  loss_vfl_pre: 0.8183 (0.8128)  time: 1.0859  data: 0.0281  max mem: 17528
Epoch: [8/80]  [400/924]  eta: 0:09:39  lr: 0.000013  loss: 35.2420 (35.3305)  loss_bbox: 0.2136 (0.2210)  loss_bbox_aux_0: 0.2385 (0.2432)  loss_bbox_aux_1: 0.2164 (0.2247)  loss_bbox_aux_2: 0.2140 (0.2217)  loss_bbox_aux_3: 0.2137 (0.2210)  loss_bbox_aux_4: 0.2136 (0.2210)  loss_bbox_dn_0: 0.3212 (0.3309)  loss_bbox_dn_1: 0.2430 (0.2551)  loss_bbox_dn_2: 0.2290 (0.2428)  loss_bbox_dn_3: 0.2262 (0.2397)  loss_bbox_dn_4: 0.2250 (0.2390)  loss_bbox_dn_5: 0.2250 (0.2390)  loss_bbox_dn_pre: 0.3236 (0.3351)  loss_bbox_enc_0: 0.2833 (0.2928)  loss_bbox_pre: 0.2375 (0.2434)  loss_ddf_aux_0: 0.0978 (0.1023)  loss_ddf_aux_1: 0.0132 (0.0144)  loss_ddf_aux_2: 0.0021 (0.0022)  loss_ddf_aux_3: 0.0003 (0.0003)  loss_ddf_aux_4: 0.0001 (0.0001)  loss_ddf_dn_0: 0.2906 (0.2943)  loss_ddf_dn_1: 0.0421 (0.0406)  loss_ddf_dn_2: 0.0072 (0.0067)  loss_ddf_dn_3: 0.0010 (0.0010)  loss_ddf_dn_4: 0.0001 (0.0001)  loss_ddf_dn_5: 0.0000 (0.0000)  loss_fgl: 0.9742 (0.9689)  loss_fgl_aux_0: 1.0235 (1.0221)  loss_fgl_aux_1: 0.9784 (0.9746)  loss_fgl_aux_2: 0.9743 (0.9692)  loss_fgl_aux_3: 0.9741 (0.9689)  loss_fgl_aux_4: 0.9742 (0.9689)  loss_fgl_dn_0: 1.1055 (1.1077)  loss_fgl_dn_1: 1.0090 (1.0084)  loss_fgl_dn_2: 0.9989 (0.9984)  loss_fgl_dn_3: 0.9991 (0.9991)  loss_fgl_dn_4: 0.9995 (0.9997)  loss_fgl_dn_5: 0.9996 (0.9998)  loss_giou: 0.6388 (0.6348)  loss_giou_aux_0: 0.6726 (0.6706)  loss_giou_aux_1: 0.6414 (0.6406)  loss_giou_aux_2: 0.6389 (0.6355)  loss_giou_aux_3: 0.6390 (0.6348)  loss_giou_aux_4: 0.6388 (0.6348)  loss_giou_dn_0: 0.7316 (0.7195)  loss_giou_dn_1: 0.6029 (0.5937)  loss_giou_dn_2: 0.5819 (0.5739)  loss_giou_dn_3: 0.5804 (0.5691)  loss_giou_dn_4: 0.5793 (0.5679)  loss_giou_dn_5: 0.5792 (0.5678)  loss_giou_dn_pre: 0.7299 (0.7181)  loss_giou_enc_0: 0.7560 (0.7519)  loss_giou_pre: 0.6691 (0.6687)  loss_vfl: 0.7174 (0.7319)  loss_vfl_aux_0: 0.7913 (0.8094)  loss_vfl_aux_1: 0.7768 (0.7964)  loss_vfl_aux_2: 0.7570 (0.7689)  loss_vfl_aux_3: 0.7316 (0.7421)  loss_vfl_aux_4: 0.7243 (0.7326)  loss_vfl_dn_0: 0.5030 (0.5069)  loss_vfl_dn_1: 0.4854 (0.4865)  loss_vfl_dn_2: 0.4681 (0.4702)  loss_vfl_dn_3: 0.4569 (0.4593)  loss_vfl_dn_4: 0.4530 (0.4544)  loss_vfl_dn_5: 0.4521 (0.4538)  loss_vfl_dn_pre: 0.5036 (0.5076)  loss_vfl_enc_0: 0.7851 (0.7994)  loss_vfl_pre: 0.7919 (0.8115)  time: 1.0613  data: 0.0269  max mem: 17528
Epoch: [8/80]  [500/924]  eta: 0:07:56  lr: 0.000013  loss: 35.1306 (35.3037)  loss_bbox: 0.2106 (0.2209)  loss_bbox_aux_0: 0.2330 (0.2429)  loss_bbox_aux_1: 0.2160 (0.2246)  loss_bbox_aux_2: 0.2115 (0.2216)  loss_bbox_aux_3: 0.2107 (0.2210)  loss_bbox_aux_4: 0.2107 (0.2209)  loss_bbox_dn_0: 0.3125 (0.3304)  loss_bbox_dn_1: 0.2464 (0.2547)  loss_bbox_dn_2: 0.2358 (0.2425)  loss_bbox_dn_3: 0.2332 (0.2394)  loss_bbox_dn_4: 0.2324 (0.2387)  loss_bbox_dn_5: 0.2323 (0.2386)  loss_bbox_dn_pre: 0.3135 (0.3346)  loss_bbox_enc_0: 0.2748 (0.2920)  loss_bbox_pre: 0.2339 (0.2431)  loss_ddf_aux_0: 0.0941 (0.1010)  loss_ddf_aux_1: 0.0142 (0.0142)  loss_ddf_aux_2: 0.0022 (0.0022)  loss_ddf_aux_3: 0.0003 (0.0003)  loss_ddf_aux_4: 0.0001 (0.0001)  loss_ddf_dn_0: 0.2817 (0.2937)  loss_ddf_dn_1: 0.0400 (0.0405)  loss_ddf_dn_2: 0.0068 (0.0067)  loss_ddf_dn_3: 0.0008 (0.0010)  loss_ddf_dn_4: 0.0001 (0.0001)  loss_ddf_dn_5: 0.0000 (0.0000)  loss_fgl: 0.9679 (0.9686)  loss_fgl_aux_0: 1.0213 (1.0213)  loss_fgl_aux_1: 0.9728 (0.9743)  loss_fgl_aux_2: 0.9687 (0.9689)  loss_fgl_aux_3: 0.9681 (0.9686)  loss_fgl_aux_4: 0.9680 (0.9686)  loss_fgl_dn_0: 1.1093 (1.1076)  loss_fgl_dn_1: 1.0044 (1.0081)  loss_fgl_dn_2: 0.9948 (0.9981)  loss_fgl_dn_3: 0.9944 (0.9988)  loss_fgl_dn_4: 0.9947 (0.9994)  loss_fgl_dn_5: 0.9948 (0.9995)  loss_giou: 0.6169 (0.6344)  loss_giou_aux_0: 0.6479 (0.6699)  loss_giou_aux_1: 0.6229 (0.6402)  loss_giou_aux_2: 0.6184 (0.6351)  loss_giou_aux_3: 0.6174 (0.6344)  loss_giou_aux_4: 0.6169 (0.6344)  loss_giou_dn_0: 0.6999 (0.7185)  loss_giou_dn_1: 0.5830 (0.5931)  loss_giou_dn_2: 0.5628 (0.5734)  loss_giou_dn_3: 0.5581 (0.5686)  loss_giou_dn_4: 0.5568 (0.5674)  loss_giou_dn_5: 0.5566 (0.5674)  loss_giou_dn_pre: 0.7008 (0.7171)  loss_giou_enc_0: 0.7250 (0.7507)  loss_giou_pre: 0.6459 (0.6679)  loss_vfl: 0.7333 (0.7310)  loss_vfl_aux_0: 0.8246 (0.8091)  loss_vfl_aux_1: 0.7970 (0.7956)  loss_vfl_aux_2: 0.7695 (0.7678)  loss_vfl_aux_3: 0.7469 (0.7415)  loss_vfl_aux_4: 0.7368 (0.7318)  loss_vfl_dn_0: 0.5106 (0.5070)  loss_vfl_dn_1: 0.4875 (0.4861)  loss_vfl_dn_2: 0.4703 (0.4698)  loss_vfl_dn_3: 0.4590 (0.4590)  loss_vfl_dn_4: 0.4551 (0.4541)  loss_vfl_dn_5: 0.4542 (0.4535)  loss_vfl_dn_pre: 0.5111 (0.5077)  loss_vfl_enc_0: 0.7939 (0.7990)  loss_vfl_pre: 0.8239 (0.8111)  time: 1.3440  data: 0.0301  max mem: 17528
Epoch: [8/80]  [600/924]  eta: 0:06:04  lr: 0.000013  loss: 34.9442 (35.2787)  loss_bbox: 0.2147 (0.2203)  loss_bbox_aux_0: 0.2363 (0.2421)  loss_bbox_aux_1: 0.2172 (0.2240)  loss_bbox_aux_2: 0.2146 (0.2210)  loss_bbox_aux_3: 0.2149 (0.2204)  loss_bbox_aux_4: 0.2148 (0.2204)  loss_bbox_dn_0: 0.3482 (0.3300)  loss_bbox_dn_1: 0.2600 (0.2545)  loss_bbox_dn_2: 0.2455 (0.2424)  loss_bbox_dn_3: 0.2407 (0.2393)  loss_bbox_dn_4: 0.2409 (0.2386)  loss_bbox_dn_5: 0.2409 (0.2385)  loss_bbox_dn_pre: 0.3495 (0.3342)  loss_bbox_enc_0: 0.2893 (0.2912)  loss_bbox_pre: 0.2365 (0.2423)  loss_ddf_aux_0: 0.0994 (0.1002)  loss_ddf_aux_1: 0.0141 (0.0142)  loss_ddf_aux_2: 0.0021 (0.0022)  loss_ddf_aux_3: 0.0003 (0.0003)  loss_ddf_aux_4: 0.0001 (0.0001)  loss_ddf_dn_0: 0.2936 (0.2925)  loss_ddf_dn_1: 0.0406 (0.0401)  loss_ddf_dn_2: 0.0067 (0.0067)  loss_ddf_dn_3: 0.0009 (0.0009)  loss_ddf_dn_4: 0.0001 (0.0001)  loss_ddf_dn_5: 0.0000 (0.0000)  loss_fgl: 0.9717 (0.9685)  loss_fgl_aux_0: 1.0260 (1.0209)  loss_fgl_aux_1: 0.9766 (0.9741)  loss_fgl_aux_2: 0.9720 (0.9688)  loss_fgl_aux_3: 0.9716 (0.9686)  loss_fgl_aux_4: 0.9717 (0.9685)  loss_fgl_dn_0: 1.1128 (1.1077)  loss_fgl_dn_1: 1.0075 (1.0080)  loss_fgl_dn_2: 0.9976 (0.9982)  loss_fgl_dn_3: 0.9989 (0.9988)  loss_fgl_dn_4: 0.9998 (0.9994)  loss_fgl_dn_5: 0.9998 (0.9995)  loss_giou: 0.6088 (0.6337)  loss_giou_aux_0: 0.6481 (0.6690)  loss_giou_aux_1: 0.6152 (0.6395)  loss_giou_aux_2: 0.6091 (0.6344)  loss_giou_aux_3: 0.6088 (0.6337)  loss_giou_aux_4: 0.6088 (0.6337)  loss_giou_dn_0: 0.7138 (0.7171)  loss_giou_dn_1: 0.5839 (0.5919)  loss_giou_dn_2: 0.5658 (0.5724)  loss_giou_dn_3: 0.5602 (0.5676)  loss_giou_dn_4: 0.5598 (0.5664)  loss_giou_dn_5: 0.5598 (0.5664)  loss_giou_dn_pre: 0.7113 (0.7157)  loss_giou_enc_0: 0.7252 (0.7497)  loss_giou_pre: 0.6467 (0.6671)  loss_vfl: 0.7197 (0.7313)  loss_vfl_aux_0: 0.7983 (0.8086)  loss_vfl_aux_1: 0.7843 (0.7949)  loss_vfl_aux_2: 0.7582 (0.7678)  loss_vfl_aux_3: 0.7281 (0.7416)  loss_vfl_aux_4: 0.7216 (0.7320)  loss_vfl_dn_0: 0.5089 (0.5073)  loss_vfl_dn_1: 0.4806 (0.4861)  loss_vfl_dn_2: 0.4648 (0.4698)  loss_vfl_dn_3: 0.4546 (0.4589)  loss_vfl_dn_4: 0.4497 (0.4540)  loss_vfl_dn_5: 0.4487 (0.4534)  loss_vfl_dn_pre: 0.5092 (0.5080)  loss_vfl_enc_0: 0.7830 (0.7986)  loss_vfl_pre: 0.8011 (0.8107)  time: 1.0772  data: 0.0304  max mem: 17528
Epoch: [8/80]  [700/924]  eta: 0:04:11  lr: 0.000013  loss: 35.1856 (35.2690)  loss_bbox: 0.2168 (0.2202)  loss_bbox_aux_0: 0.2369 (0.2418)  loss_bbox_aux_1: 0.2209 (0.2238)  loss_bbox_aux_2: 0.2175 (0.2209)  loss_bbox_aux_3: 0.2169 (0.2203)  loss_bbox_aux_4: 0.2168 (0.2202)  loss_bbox_dn_0: 0.3244 (0.3300)  loss_bbox_dn_1: 0.2489 (0.2543)  loss_bbox_dn_2: 0.2366 (0.2422)  loss_bbox_dn_3: 0.2334 (0.2391)  loss_bbox_dn_4: 0.2328 (0.2384)  loss_bbox_dn_5: 0.2328 (0.2384)  loss_bbox_dn_pre: 0.3306 (0.3342)  loss_bbox_enc_0: 0.2793 (0.2906)  loss_bbox_pre: 0.2355 (0.2420)  loss_ddf_aux_0: 0.0951 (0.0994)  loss_ddf_aux_1: 0.0135 (0.0140)  loss_ddf_aux_2: 0.0021 (0.0022)  loss_ddf_aux_3: 0.0003 (0.0003)  loss_ddf_aux_4: 0.0001 (0.0001)  loss_ddf_dn_0: 0.2873 (0.2925)  loss_ddf_dn_1: 0.0402 (0.0401)  loss_ddf_dn_2: 0.0068 (0.0067)  loss_ddf_dn_3: 0.0009 (0.0009)  loss_ddf_dn_4: 0.0001 (0.0001)  loss_ddf_dn_5: 0.0000 (0.0000)  loss_fgl: 0.9612 (0.9687)  loss_fgl_aux_0: 1.0150 (1.0209)  loss_fgl_aux_1: 0.9654 (0.9743)  loss_fgl_aux_2: 0.9613 (0.9690)  loss_fgl_aux_3: 0.9611 (0.9688)  loss_fgl_aux_4: 0.9611 (0.9687)  loss_fgl_dn_0: 1.1023 (1.1077)  loss_fgl_dn_1: 1.0051 (1.0078)  loss_fgl_dn_2: 0.9956 (0.9979)  loss_fgl_dn_3: 0.9956 (0.9986)  loss_fgl_dn_4: 0.9964 (0.9992)  loss_fgl_dn_5: 0.9966 (0.9993)  loss_giou: 0.6228 (0.6335)  loss_giou_aux_0: 0.6562 (0.6688)  loss_giou_aux_1: 0.6277 (0.6393)  loss_giou_aux_2: 0.6244 (0.6343)  loss_giou_aux_3: 0.6225 (0.6336)  loss_giou_aux_4: 0.6228 (0.6335)  loss_giou_dn_0: 0.7163 (0.7175)  loss_giou_dn_1: 0.5844 (0.5921)  loss_giou_dn_2: 0.5628 (0.5726)  loss_giou_dn_3: 0.5580 (0.5678)  loss_giou_dn_4: 0.5565 (0.5666)  loss_giou_dn_5: 0.5565 (0.5666)  loss_giou_dn_pre: 0.7161 (0.7161)  loss_giou_enc_0: 0.7410 (0.7493)  loss_giou_pre: 0.6555 (0.6668)  loss_vfl: 0.7287 (0.7310)  loss_vfl_aux_0: 0.8029 (0.8080)  loss_vfl_aux_1: 0.7878 (0.7945)  loss_vfl_aux_2: 0.7635 (0.7672)  loss_vfl_aux_3: 0.7362 (0.7411)  loss_vfl_aux_4: 0.7305 (0.7317)  loss_vfl_dn_0: 0.5066 (0.5072)  loss_vfl_dn_1: 0.4828 (0.4857)  loss_vfl_dn_2: 0.4680 (0.4695)  loss_vfl_dn_3: 0.4554 (0.4587)  loss_vfl_dn_4: 0.4512 (0.4538)  loss_vfl_dn_5: 0.4516 (0.4532)  loss_vfl_dn_pre: 0.5073 (0.5078)  loss_vfl_enc_0: 0.7910 (0.7975)  loss_vfl_pre: 0.8019 (0.8100)  time: 1.0778  data: 0.0290  max mem: 17528
Epoch: [8/80]  [800/924]  eta: 0:02:18  lr: 0.000013  loss: 35.2991 (35.2624)  loss_bbox: 0.2199 (0.2203)  loss_bbox_aux_0: 0.2346 (0.2417)  loss_bbox_aux_1: 0.2215 (0.2239)  loss_bbox_aux_2: 0.2202 (0.2210)  loss_bbox_aux_3: 0.2200 (0.2204)  loss_bbox_aux_4: 0.2199 (0.2203)  loss_bbox_dn_0: 0.3084 (0.3292)  loss_bbox_dn_1: 0.2351 (0.2536)  loss_bbox_dn_2: 0.2255 (0.2415)  loss_bbox_dn_3: 0.2234 (0.2384)  loss_bbox_dn_4: 0.2226 (0.2377)  loss_bbox_dn_5: 0.2226 (0.2376)  loss_bbox_dn_pre: 0.3127 (0.3334)  loss_bbox_enc_0: 0.2844 (0.2906)  loss_bbox_pre: 0.2344 (0.2419)  loss_ddf_aux_0: 0.0927 (0.0991)  loss_ddf_aux_1: 0.0130 (0.0140)  loss_ddf_aux_2: 0.0022 (0.0021)  loss_ddf_aux_3: 0.0003 (0.0003)  loss_ddf_aux_4: 0.0001 (0.0001)  loss_ddf_dn_0: 0.2911 (0.2923)  loss_ddf_dn_1: 0.0400 (0.0400)  loss_ddf_dn_2: 0.0069 (0.0067)  loss_ddf_dn_3: 0.0010 (0.0010)  loss_ddf_dn_4: 0.0001 (0.0001)  loss_ddf_dn_5: 0.0000 (0.0000)  loss_fgl: 0.9597 (0.9681)  loss_fgl_aux_0: 1.0102 (1.0200)  loss_fgl_aux_1: 0.9644 (0.9736)  loss_fgl_aux_2: 0.9603 (0.9684)  loss_fgl_aux_3: 0.9598 (0.9681)  loss_fgl_aux_4: 0.9596 (0.9681)  loss_fgl_dn_0: 1.1042 (1.1075)  loss_fgl_dn_1: 1.0041 (1.0076)  loss_fgl_dn_2: 0.9957 (0.9978)  loss_fgl_dn_3: 0.9966 (0.9985)  loss_fgl_dn_4: 0.9974 (0.9990)  loss_fgl_dn_5: 0.9976 (0.9991)  loss_giou: 0.6487 (0.6352)  loss_giou_aux_0: 0.6799 (0.6703)  loss_giou_aux_1: 0.6540 (0.6410)  loss_giou_aux_2: 0.6488 (0.6360)  loss_giou_aux_3: 0.6489 (0.6353)  loss_giou_aux_4: 0.6488 (0.6352)  loss_giou_dn_0: 0.7112 (0.7176)  loss_giou_dn_1: 0.5891 (0.5922)  loss_giou_dn_2: 0.5687 (0.5726)  loss_giou_dn_3: 0.5636 (0.5678)  loss_giou_dn_4: 0.5627 (0.5666)  loss_giou_dn_5: 0.5627 (0.5665)  loss_giou_dn_pre: 0.7092 (0.7162)  loss_giou_enc_0: 0.7610 (0.7510)  loss_giou_pre: 0.6782 (0.6684)  loss_vfl: 0.7086 (0.7303)  loss_vfl_aux_0: 0.7841 (0.8069)  loss_vfl_aux_1: 0.7747 (0.7934)  loss_vfl_aux_2: 0.7351 (0.7662)  loss_vfl_aux_3: 0.7169 (0.7403)  loss_vfl_aux_4: 0.7070 (0.7310)  loss_vfl_dn_0: 0.5053 (0.5071)  loss_vfl_dn_1: 0.4780 (0.4854)  loss_vfl_dn_2: 0.4647 (0.4692)  loss_vfl_dn_3: 0.4536 (0.4584)  loss_vfl_dn_4: 0.4476 (0.4535)  loss_vfl_dn_5: 0.4482 (0.4529)  loss_vfl_dn_pre: 0.5062 (0.5078)  loss_vfl_enc_0: 0.7730 (0.7967)  loss_vfl_pre: 0.7836 (0.8089)  time: 1.0718  data: 0.0277  max mem: 17528
Epoch: [8/80]  [900/924]  eta: 0:00:26  lr: 0.000013  loss: 35.2648 (35.2504)  loss_bbox: 0.2224 (0.2203)  loss_bbox_aux_0: 0.2433 (0.2417)  loss_bbox_aux_1: 0.2265 (0.2239)  loss_bbox_aux_2: 0.2237 (0.2210)  loss_bbox_aux_3: 0.2225 (0.2204)  loss_bbox_aux_4: 0.2223 (0.2203)  loss_bbox_dn_0: 0.3195 (0.3289)  loss_bbox_dn_1: 0.2480 (0.2534)  loss_bbox_dn_2: 0.2371 (0.2413)  loss_bbox_dn_3: 0.2343 (0.2382)  loss_bbox_dn_4: 0.2335 (0.2375)  loss_bbox_dn_5: 0.2335 (0.2375)  loss_bbox_dn_pre: 0.3229 (0.3331)  loss_bbox_enc_0: 0.2874 (0.2905)  loss_bbox_pre: 0.2441 (0.2419)  loss_ddf_aux_0: 0.0873 (0.0985)  loss_ddf_aux_1: 0.0127 (0.0139)  loss_ddf_aux_2: 0.0021 (0.0021)  loss_ddf_aux_3: 0.0003 (0.0003)  loss_ddf_aux_4: 0.0001 (0.0001)  loss_ddf_dn_0: 0.2853 (0.2917)  loss_ddf_dn_1: 0.0375 (0.0399)  loss_ddf_dn_2: 0.0065 (0.0066)  loss_ddf_dn_3: 0.0009 (0.0009)  loss_ddf_dn_4: 0.0001 (0.0001)  loss_ddf_dn_5: 0.0000 (0.0000)  loss_fgl: 0.9761 (0.9684)  loss_fgl_aux_0: 1.0253 (1.0200)  loss_fgl_aux_1: 0.9802 (0.9740)  loss_fgl_aux_2: 0.9762 (0.9687)  loss_fgl_aux_3: 0.9763 (0.9685)  loss_fgl_aux_4: 0.9762 (0.9684)  loss_fgl_dn_0: 1.1109 (1.1075)  loss_fgl_dn_1: 1.0116 (1.0075)  loss_fgl_dn_2: 1.0036 (0.9978)  loss_fgl_dn_3: 1.0034 (0.9985)  loss_fgl_dn_4: 1.0040 (0.9990)  loss_fgl_dn_5: 1.0041 (0.9991)  loss_giou: 0.6091 (0.6342)  loss_giou_aux_0: 0.6478 (0.6692)  loss_giou_aux_1: 0.6166 (0.6399)  loss_giou_aux_2: 0.6111 (0.6349)  loss_giou_aux_3: 0.6092 (0.6342)  loss_giou_aux_4: 0.6091 (0.6342)  loss_giou_dn_0: 0.6940 (0.7161)  loss_giou_dn_1: 0.5777 (0.5911)  loss_giou_dn_2: 0.5571 (0.5715)  loss_giou_dn_3: 0.5541 (0.5667)  loss_giou_dn_4: 0.5533 (0.5656)  loss_giou_dn_5: 0.5534 (0.5655)  loss_giou_dn_pre: 0.6925 (0.7147)  loss_giou_enc_0: 0.7239 (0.7498)  loss_giou_pre: 0.6457 (0.6672)  loss_vfl: 0.7308 (0.7311)  loss_vfl_aux_0: 0.8131 (0.8076)  loss_vfl_aux_1: 0.7977 (0.7941)  loss_vfl_aux_2: 0.7739 (0.7670)  loss_vfl_aux_3: 0.7460 (0.7412)  loss_vfl_aux_4: 0.7332 (0.7318)  loss_vfl_dn_0: 0.5135 (0.5074)  loss_vfl_dn_1: 0.4857 (0.4853)  loss_vfl_dn_2: 0.4708 (0.4691)  loss_vfl_dn_3: 0.4590 (0.4583)  loss_vfl_dn_4: 0.4532 (0.4534)  loss_vfl_dn_5: 0.4539 (0.4528)  loss_vfl_dn_pre: 0.5142 (0.5081)  loss_vfl_enc_0: 0.7836 (0.7972)  loss_vfl_pre: 0.8148 (0.8097)  time: 1.0997  data: 0.0285  max mem: 17528
Epoch: [8/80]  [923/924]  eta: 0:00:01  lr: 0.000013  loss: 34.8818 (35.2453)  loss_bbox: 0.2170 (0.2203)  loss_bbox_aux_0: 0.2399 (0.2417)  loss_bbox_aux_1: 0.2221 (0.2240)  loss_bbox_aux_2: 0.2192 (0.2210)  loss_bbox_aux_3: 0.2172 (0.2204)  loss_bbox_aux_4: 0.2171 (0.2204)  loss_bbox_dn_0: 0.3142 (0.3286)  loss_bbox_dn_1: 0.2416 (0.2532)  loss_bbox_dn_2: 0.2312 (0.2411)  loss_bbox_dn_3: 0.2286 (0.2380)  loss_bbox_dn_4: 0.2285 (0.2373)  loss_bbox_dn_5: 0.2285 (0.2373)  loss_bbox_dn_pre: 0.3196 (0.3328)  loss_bbox_enc_0: 0.2879 (0.2905)  loss_bbox_pre: 0.2406 (0.2419)  loss_ddf_aux_0: 0.0903 (0.0983)  loss_ddf_aux_1: 0.0124 (0.0139)  loss_ddf_aux_2: 0.0020 (0.0021)  loss_ddf_aux_3: 0.0003 (0.0003)  loss_ddf_aux_4: 0.0001 (0.0001)  loss_ddf_dn_0: 0.2647 (0.2913)  loss_ddf_dn_1: 0.0372 (0.0398)  loss_ddf_dn_2: 0.0060 (0.0066)  loss_ddf_dn_3: 0.0008 (0.0009)  loss_ddf_dn_4: 0.0001 (0.0001)  loss_ddf_dn_5: 0.0000 (0.0000)  loss_fgl: 0.9729 (0.9684)  loss_fgl_aux_0: 1.0155 (1.0199)  loss_fgl_aux_1: 0.9769 (0.9739)  loss_fgl_aux_2: 0.9728 (0.9687)  loss_fgl_aux_3: 0.9731 (0.9684)  loss_fgl_aux_4: 0.9730 (0.9684)  loss_fgl_dn_0: 1.1057 (1.1074)  loss_fgl_dn_1: 1.0044 (1.0075)  loss_fgl_dn_2: 0.9959 (0.9977)  loss_fgl_dn_3: 0.9973 (0.9984)  loss_fgl_dn_4: 0.9973 (0.9990)  loss_fgl_dn_5: 0.9973 (0.9991)  loss_giou: 0.6214 (0.6342)  loss_giou_aux_0: 0.6603 (0.6692)  loss_giou_aux_1: 0.6267 (0.6399)  loss_giou_aux_2: 0.6217 (0.6350)  loss_giou_aux_3: 0.6208 (0.6343)  loss_giou_aux_4: 0.6212 (0.6342)  loss_giou_dn_0: 0.6919 (0.7158)  loss_giou_dn_1: 0.5838 (0.5910)  loss_giou_dn_2: 0.5686 (0.5714)  loss_giou_dn_3: 0.5653 (0.5666)  loss_giou_dn_4: 0.5639 (0.5655)  loss_giou_dn_5: 0.5638 (0.5654)  loss_giou_dn_pre: 0.6924 (0.7145)  loss_giou_enc_0: 0.7389 (0.7498)  loss_giou_pre: 0.6581 (0.6672)  loss_vfl: 0.7280 (0.7311)  loss_vfl_aux_0: 0.8054 (0.8075)  loss_vfl_aux_1: 0.7934 (0.7939)  loss_vfl_aux_2: 0.7633 (0.7668)  loss_vfl_aux_3: 0.7418 (0.7411)  loss_vfl_aux_4: 0.7288 (0.7318)  loss_vfl_dn_0: 0.5087 (0.5074)  loss_vfl_dn_1: 0.4840 (0.4852)  loss_vfl_dn_2: 0.4616 (0.4690)  loss_vfl_dn_3: 0.4515 (0.4582)  loss_vfl_dn_4: 0.4456 (0.4533)  loss_vfl_dn_5: 0.4442 (0.4527)  loss_vfl_dn_pre: 0.5095 (0.5081)  loss_vfl_enc_0: 0.7939 (0.7971)  loss_vfl_pre: 0.8080 (0.8095)  time: 1.1653  data: 0.0276  max mem: 17528
Epoch: [8/80] Total time: 0:17:15 (1.1203 s / it)
Averaged stats: lr: 0.000013  loss: 34.8818 (35.2453)  loss_bbox: 0.2170 (0.2203)  loss_bbox_aux_0: 0.2399 (0.2417)  loss_bbox_aux_1: 0.2221 (0.2240)  loss_bbox_aux_2: 0.2192 (0.2210)  loss_bbox_aux_3: 0.2172 (0.2204)  loss_bbox_aux_4: 0.2171 (0.2204)  loss_bbox_dn_0: 0.3142 (0.3286)  loss_bbox_dn_1: 0.2416 (0.2532)  loss_bbox_dn_2: 0.2312 (0.2411)  loss_bbox_dn_3: 0.2286 (0.2380)  loss_bbox_dn_4: 0.2285 (0.2373)  loss_bbox_dn_5: 0.2285 (0.2373)  loss_bbox_dn_pre: 0.3196 (0.3328)  loss_bbox_enc_0: 0.2879 (0.2905)  loss_bbox_pre: 0.2406 (0.2419)  loss_ddf_aux_0: 0.0903 (0.0983)  loss_ddf_aux_1: 0.0124 (0.0139)  loss_ddf_aux_2: 0.0020 (0.0021)  loss_ddf_aux_3: 0.0003 (0.0003)  loss_ddf_aux_4: 0.0001 (0.0001)  loss_ddf_dn_0: 0.2647 (0.2913)  loss_ddf_dn_1: 0.0372 (0.0398)  loss_ddf_dn_2: 0.0060 (0.0066)  loss_ddf_dn_3: 0.0008 (0.0009)  loss_ddf_dn_4: 0.0001 (0.0001)  loss_ddf_dn_5: 0.0000 (0.0000)  loss_fgl: 0.9729 (0.9684)  loss_fgl_aux_0: 1.0155 (1.0199)  loss_fgl_aux_1: 0.9769 (0.9739)  loss_fgl_aux_2: 0.9728 (0.9687)  loss_fgl_aux_3: 0.9731 (0.9684)  loss_fgl_aux_4: 0.9730 (0.9684)  loss_fgl_dn_0: 1.1057 (1.1074)  loss_fgl_dn_1: 1.0044 (1.0075)  loss_fgl_dn_2: 0.9959 (0.9977)  loss_fgl_dn_3: 0.9973 (0.9984)  loss_fgl_dn_4: 0.9973 (0.9990)  loss_fgl_dn_5: 0.9973 (0.9991)  loss_giou: 0.6214 (0.6342)  loss_giou_aux_0: 0.6603 (0.6692)  loss_giou_aux_1: 0.6267 (0.6399)  loss_giou_aux_2: 0.6217 (0.6350)  loss_giou_aux_3: 0.6208 (0.6343)  loss_giou_aux_4: 0.6212 (0.6342)  loss_giou_dn_0: 0.6919 (0.7158)  loss_giou_dn_1: 0.5838 (0.5910)  loss_giou_dn_2: 0.5686 (0.5714)  loss_giou_dn_3: 0.5653 (0.5666)  loss_giou_dn_4: 0.5639 (0.5655)  loss_giou_dn_5: 0.5638 (0.5654)  loss_giou_dn_pre: 0.6924 (0.7145)  loss_giou_enc_0: 0.7389 (0.7498)  loss_giou_pre: 0.6581 (0.6672)  loss_vfl: 0.7280 (0.7311)  loss_vfl_aux_0: 0.8054 (0.8075)  loss_vfl_aux_1: 0.7934 (0.7939)  loss_vfl_aux_2: 0.7633 (0.7668)  loss_vfl_aux_3: 0.7418 (0.7411)  loss_vfl_aux_4: 0.7288 (0.7318)  loss_vfl_dn_0: 0.5087 (0.5074)  loss_vfl_dn_1: 0.4840 (0.4852)  loss_vfl_dn_2: 0.4616 (0.4690)  loss_vfl_dn_3: 0.4515 (0.4582)  loss_vfl_dn_4: 0.4456 (0.4533)  loss_vfl_dn_5: 0.4442 (0.4527)  loss_vfl_dn_pre: 0.5095 (0.5081)  loss_vfl_enc_0: 0.7939 (0.7971)  loss_vfl_pre: 0.8080 (0.8095)
Test:  [ 0/79]  eta: 0:01:36    time: 1.2212  data: 1.0021  max mem: 17528
Test:  [10/79]  eta: 0:00:21    time: 0.3084  data: 0.1047  max mem: 17528
Test:  [20/79]  eta: 0:00:15    time: 0.2150  data: 0.0146  max mem: 17528
Test:  [30/79]  eta: 0:00:11    time: 0.2096  data: 0.0137  max mem: 17528
Test:  [40/79]  eta: 0:00:09    time: 0.2044  data: 0.0122  max mem: 17528
Test:  [50/79]  eta: 0:00:06    time: 0.2001  data: 0.0118  max mem: 17528
Test:  [60/79]  eta: 0:00:04    time: 0.1985  data: 0.0124  max mem: 17528
Test:  [70/79]  eta: 0:00:02    time: 0.3403  data: 0.0130  max mem: 17528
Test:  [78/79]  eta: 0:00:00    time: 0.3369  data: 0.0133  max mem: 17528
Test: Total time: 0:00:20 (0.2555 s / it)
Metrics: {'f1': 0.6441451723350833, 'precision': 0.6882926829268292, 'recall': 0.6053196053196053, 'iou': 0.40828108411244673, 'TPs': 2822, 'FPs': 1278, 'FNs': 1840}
Averaged stats: 
Accumulating evaluation results...
COCOeval_opt.accumulate() finished...
DONE (t=3.41s).
IoU metric: bbox
 Average Precision  (AP) @[ IoU=0.50:0.95 | area=   all | maxDets=100 ] = 0.473
 Average Precision  (AP) @[ IoU=0.50      | area=   all | maxDets=100 ] = 0.644
 Average Precision  (AP) @[ IoU=0.75      | area=   all | maxDets=100 ] = 0.512
 Average Precision  (AP) @[ IoU=0.50:0.95 | area= small | maxDets=100 ] = 0.274
 Average Precision  (AP) @[ IoU=0.50:0.95 | area=medium | maxDets=100 ] = 0.521
 Average Precision  (AP) @[ IoU=0.50:0.95 | area= large | maxDets=100 ] = 0.657
 Average Recall     (AR) @[ IoU=0.50:0.95 | area=   all | maxDets=  1 ] = 0.369
 Average Recall     (AR) @[ IoU=0.50:0.95 | area=   all | maxDets= 10 ] = 0.612
 Average Recall     (AR) @[ IoU=0.50:0.95 | area=   all | maxDets=100 ] = 0.683
 Average Recall     (AR) @[ IoU=0.50:0.95 | area= small | maxDets=100 ] = 0.475
 Average Recall     (AR) @[ IoU=0.50:0.95 | area=medium | maxDets=100 ] = 0.738
 Average Recall     (AR) @[ IoU=0.50:0.95 | area= large | maxDets=100 ] = 0.875
 Average Recall     (AR) @[ IoU=0.50      | area=   all | maxDets=100 ] = 0.882
 Average Recall     (AR) @[ IoU=0.75      | area=   all | maxDets=100 ] = 0.737
best_stat: {'epoch': 8, 'coco_eval_bbox': 0.47326948503262634}
Epoch: [9/80]  [  0/924]  eta: 0:45:54  lr: 0.000013  loss: 34.4994 (34.4994)  loss_bbox: 0.1909 (0.1909)  loss_bbox_aux_0: 0.2141 (0.2141)  loss_bbox_aux_1: 0.1944 (0.1944)  loss_bbox_aux_2: 0.1915 (0.1915)  loss_bbox_aux_3: 0.1910 (0.1910)  loss_bbox_aux_4: 0.1909 (0.1909)  loss_bbox_dn_0: 0.3193 (0.3193)  loss_bbox_dn_1: 0.2452 (0.2452)  loss_bbox_dn_2: 0.2300 (0.2300)  loss_bbox_dn_3: 0.2269 (0.2269)  loss_bbox_dn_4: 0.2262 (0.2262)  loss_bbox_dn_5: 0.2262 (0.2262)  loss_bbox_dn_pre: 0.3247 (0.3247)  loss_bbox_enc_0: 0.2697 (0.2697)  loss_bbox_pre: 0.2152 (0.2152)  loss_ddf_aux_0: 0.1028 (0.1028)  loss_ddf_aux_1: 0.0136 (0.0136)  loss_ddf_aux_2: 0.0020 (0.0020)  loss_ddf_aux_3: 0.0003 (0.0003)  loss_ddf_aux_4: 0.0001 (0.0001)  loss_ddf_dn_0: 0.3094 (0.3094)  loss_ddf_dn_1: 0.0421 (0.0421)  loss_ddf_dn_2: 0.0072 (0.0072)  loss_ddf_dn_3: 0.0009 (0.0009)  loss_ddf_dn_4: 0.0001 (0.0001)  loss_ddf_dn_5: 0.0000 (0.0000)  loss_fgl: 0.9632 (0.9632)  loss_fgl_aux_0: 1.0237 (1.0237)  loss_fgl_aux_1: 0.9693 (0.9693)  loss_fgl_aux_2: 0.9635 (0.9635)  loss_fgl_aux_3: 0.9634 (0.9634)  loss_fgl_aux_4: 0.9632 (0.9632)  loss_fgl_dn_0: 1.1251 (1.1251)  loss_fgl_dn_1: 1.0091 (1.0091)  loss_fgl_dn_2: 0.9968 (0.9968)  loss_fgl_dn_3: 0.9964 (0.9964)  loss_fgl_dn_4: 0.9968 (0.9968)  loss_fgl_dn_5: 0.9969 (0.9969)  loss_giou: 0.6015 (0.6015)  loss_giou_aux_0: 0.6398 (0.6398)  loss_giou_aux_1: 0.6108 (0.6108)  loss_giou_aux_2: 0.6021 (0.6021)  loss_giou_aux_3: 0.6015 (0.6015)  loss_giou_aux_4: 0.6015 (0.6015)  loss_giou_dn_0: 0.6907 (0.6907)  loss_giou_dn_1: 0.5667 (0.5667)  loss_giou_dn_2: 0.5472 (0.5472)  loss_giou_dn_3: 0.5444 (0.5444)  loss_giou_dn_4: 0.5434 (0.5434)  loss_giou_dn_5: 0.5433 (0.5433)  loss_giou_dn_pre: 0.6869 (0.6869)  loss_giou_enc_0: 0.7142 (0.7142)  loss_giou_pre: 0.6371 (0.6371)  loss_vfl: 0.7149 (0.7149)  loss_vfl_aux_0: 0.8287 (0.8287)  loss_vfl_aux_1: 0.7803 (0.7803)  loss_vfl_aux_2: 0.7726 (0.7726)  loss_vfl_aux_3: 0.7288 (0.7288)  loss_vfl_aux_4: 0.7214 (0.7214)  loss_vfl_dn_0: 0.5089 (0.5089)  loss_vfl_dn_1: 0.4802 (0.4802)  loss_vfl_dn_2: 0.4629 (0.4629)  loss_vfl_dn_3: 0.4482 (0.4482)  loss_vfl_dn_4: 0.4398 (0.4398)  loss_vfl_dn_5: 0.4372 (0.4372)  loss_vfl_dn_pre: 0.5099 (0.5099)  loss_vfl_enc_0: 0.8045 (0.8045)  loss_vfl_pre: 0.8282 (0.8282)  time: 2.9806  data: 1.9284  max mem: 17528
Epoch: [9/80]  [100/924]  eta: 0:15:18  lr: 0.000013  loss: 35.0749 (35.0207)  loss_bbox: 0.2148 (0.2176)  loss_bbox_aux_0: 0.2343 (0.2388)  loss_bbox_aux_1: 0.2203 (0.2214)  loss_bbox_aux_2: 0.2161 (0.2184)  loss_bbox_aux_3: 0.2149 (0.2177)  loss_bbox_aux_4: 0.2148 (0.2176)  loss_bbox_dn_0: 0.3229 (0.3226)  loss_bbox_dn_1: 0.2473 (0.2471)  loss_bbox_dn_2: 0.2340 (0.2351)  loss_bbox_dn_3: 0.2317 (0.2319)  loss_bbox_dn_4: 0.2312 (0.2312)  loss_bbox_dn_5: 0.2313 (0.2311)  loss_bbox_dn_pre: 0.3291 (0.3269)  loss_bbox_enc_0: 0.2802 (0.2911)  loss_bbox_pre: 0.2348 (0.2390)  loss_ddf_aux_0: 0.0994 (0.0988)  loss_ddf_aux_1: 0.0140 (0.0139)  loss_ddf_aux_2: 0.0023 (0.0023)  loss_ddf_aux_3: 0.0003 (0.0003)  loss_ddf_aux_4: 0.0001 (0.0001)  loss_ddf_dn_0: 0.2870 (0.2899)  loss_ddf_dn_1: 0.0387 (0.0389)  loss_ddf_dn_2: 0.0066 (0.0065)  loss_ddf_dn_3: 0.0010 (0.0009)  loss_ddf_dn_4: 0.0001 (0.0001)  loss_ddf_dn_5: 0.0000 (0.0000)  loss_fgl: 0.9685 (0.9636)  loss_fgl_aux_0: 1.0202 (1.0155)  loss_fgl_aux_1: 0.9732 (0.9688)  loss_fgl_aux_2: 0.9690 (0.9639)  loss_fgl_aux_3: 0.9687 (0.9638)  loss_fgl_aux_4: 0.9685 (0.9637)  loss_fgl_dn_0: 1.1106 (1.1081)  loss_fgl_dn_1: 1.0061 (1.0053)  loss_fgl_dn_2: 0.9973 (0.9951)  loss_fgl_dn_3: 0.9980 (0.9958)  loss_fgl_dn_4: 0.9988 (0.9964)  loss_fgl_dn_5: 0.9988 (0.9964)  loss_giou: 0.6310 (0.6356)  loss_giou_aux_0: 0.6626 (0.6706)  loss_giou_aux_1: 0.6346 (0.6416)  loss_giou_aux_2: 0.6323 (0.6364)  loss_giou_aux_3: 0.6314 (0.6356)  loss_giou_aux_4: 0.6310 (0.6356)  loss_giou_dn_0: 0.7034 (0.7056)  loss_giou_dn_1: 0.5788 (0.5826)  loss_giou_dn_2: 0.5556 (0.5641)  loss_giou_dn_3: 0.5530 (0.5592)  loss_giou_dn_4: 0.5522 (0.5581)  loss_giou_dn_5: 0.5522 (0.5581)  loss_giou_dn_pre: 0.6998 (0.7041)  loss_giou_enc_0: 0.7422 (0.7554)  loss_giou_pre: 0.6617 (0.6687)  loss_vfl: 0.7258 (0.7208)  loss_vfl_aux_0: 0.8049 (0.8004)  loss_vfl_aux_1: 0.7864 (0.7836)  loss_vfl_aux_2: 0.7601 (0.7571)  loss_vfl_aux_3: 0.7331 (0.7315)  loss_vfl_aux_4: 0.7299 (0.7218)  loss_vfl_dn_0: 0.5091 (0.5082)  loss_vfl_dn_1: 0.4840 (0.4836)  loss_vfl_dn_2: 0.4686 (0.4671)  loss_vfl_dn_3: 0.4559 (0.4560)  loss_vfl_dn_4: 0.4514 (0.4510)  loss_vfl_dn_5: 0.4513 (0.4505)  loss_vfl_dn_pre: 0.5094 (0.5089)  loss_vfl_enc_0: 0.7942 (0.7908)  loss_vfl_pre: 0.8092 (0.8024)  time: 1.1291  data: 0.0286  max mem: 17528
Epoch: [9/80]  [200/924]  eta: 0:13:17  lr: 0.000013  loss: 34.8750 (35.0100)  loss_bbox: 0.2129 (0.2153)  loss_bbox_aux_0: 0.2315 (0.2364)  loss_bbox_aux_1: 0.2158 (0.2191)  loss_bbox_aux_2: 0.2129 (0.2161)  loss_bbox_aux_3: 0.2130 (0.2154)  loss_bbox_aux_4: 0.2129 (0.2153)  loss_bbox_dn_0: 0.3191 (0.3208)  loss_bbox_dn_1: 0.2423 (0.2465)  loss_bbox_dn_2: 0.2322 (0.2347)  loss_bbox_dn_3: 0.2292 (0.2314)  loss_bbox_dn_4: 0.2287 (0.2307)  loss_bbox_dn_5: 0.2287 (0.2307)  loss_bbox_dn_pre: 0.3249 (0.3252)  loss_bbox_enc_0: 0.2797 (0.2868)  loss_bbox_pre: 0.2326 (0.2367)  loss_ddf_aux_0: 0.0932 (0.0959)  loss_ddf_aux_1: 0.0132 (0.0136)  loss_ddf_aux_2: 0.0022 (0.0022)  loss_ddf_aux_3: 0.0003 (0.0003)  loss_ddf_aux_4: 0.0001 (0.0001)  loss_ddf_dn_0: 0.2917 (0.2849)  loss_ddf_dn_1: 0.0385 (0.0384)  loss_ddf_dn_2: 0.0064 (0.0065)  loss_ddf_dn_3: 0.0009 (0.0009)  loss_ddf_dn_4: 0.0001 (0.0001)  loss_ddf_dn_5: 0.0000 (0.0000)  loss_fgl: 0.9600 (0.9647)  loss_fgl_aux_0: 1.0073 (1.0159)  loss_fgl_aux_1: 0.9633 (0.9700)  loss_fgl_aux_2: 0.9602 (0.9650)  loss_fgl_aux_3: 0.9598 (0.9648)  loss_fgl_aux_4: 0.9599 (0.9647)  loss_fgl_dn_0: 1.0990 (1.1062)  loss_fgl_dn_1: 1.0037 (1.0054)  loss_fgl_dn_2: 0.9945 (0.9955)  loss_fgl_dn_3: 0.9936 (0.9962)  loss_fgl_dn_4: 0.9946 (0.9968)  loss_fgl_dn_5: 0.9948 (0.9969)  loss_giou: 0.6291 (0.6361)  loss_giou_aux_0: 0.6652 (0.6704)  loss_giou_aux_1: 0.6357 (0.6418)  loss_giou_aux_2: 0.6297 (0.6368)  loss_giou_aux_3: 0.6291 (0.6361)  loss_giou_aux_4: 0.6291 (0.6361)  loss_giou_dn_0: 0.7053 (0.7075)  loss_giou_dn_1: 0.5791 (0.5847)  loss_giou_dn_2: 0.5607 (0.5660)  loss_giou_dn_3: 0.5572 (0.5611)  loss_giou_dn_4: 0.5559 (0.5600)  loss_giou_dn_5: 0.5558 (0.5600)  loss_giou_dn_pre: 0.7075 (0.7063)  loss_giou_enc_0: 0.7499 (0.7533)  loss_giou_pre: 0.6621 (0.6686)  loss_vfl: 0.7214 (0.7241)  loss_vfl_aux_0: 0.7944 (0.8001)  loss_vfl_aux_1: 0.7757 (0.7852)  loss_vfl_aux_2: 0.7480 (0.7587)  loss_vfl_aux_3: 0.7317 (0.7338)  loss_vfl_aux_4: 0.7220 (0.7247)  loss_vfl_dn_0: 0.5027 (0.5077)  loss_vfl_dn_1: 0.4803 (0.4827)  loss_vfl_dn_2: 0.4641 (0.4661)  loss_vfl_dn_3: 0.4527 (0.4551)  loss_vfl_dn_4: 0.4484 (0.4501)  loss_vfl_dn_5: 0.4463 (0.4494)  loss_vfl_dn_pre: 0.5026 (0.5084)  loss_vfl_enc_0: 0.7778 (0.7907)  loss_vfl_pre: 0.7932 (0.8023)  time: 1.0897  data: 0.0303  max mem: 17528
Epoch: [9/80]  [300/924]  eta: 0:11:25  lr: 0.000013  loss: 34.9367 (35.0272)  loss_bbox: 0.2129 (0.2159)  loss_bbox_aux_0: 0.2330 (0.2366)  loss_bbox_aux_1: 0.2168 (0.2195)  loss_bbox_aux_2: 0.2137 (0.2166)  loss_bbox_aux_3: 0.2129 (0.2160)  loss_bbox_aux_4: 0.2129 (0.2159)  loss_bbox_dn_0: 0.3102 (0.3216)  loss_bbox_dn_1: 0.2366 (0.2472)  loss_bbox_dn_2: 0.2261 (0.2355)  loss_bbox_dn_3: 0.2239 (0.2323)  loss_bbox_dn_4: 0.2229 (0.2316)  loss_bbox_dn_5: 0.2229 (0.2316)  loss_bbox_dn_pre: 0.3137 (0.3259)  loss_bbox_enc_0: 0.2785 (0.2860)  loss_bbox_pre: 0.2342 (0.2369)  loss_ddf_aux_0: 0.0927 (0.0951)  loss_ddf_aux_1: 0.0129 (0.0134)  loss_ddf_aux_2: 0.0018 (0.0021)  loss_ddf_aux_3: 0.0003 (0.0003)  loss_ddf_aux_4: 0.0001 (0.0001)  loss_ddf_dn_0: 0.2915 (0.2860)  loss_ddf_dn_1: 0.0380 (0.0386)  loss_ddf_dn_2: 0.0059 (0.0065)  loss_ddf_dn_3: 0.0009 (0.0009)  loss_ddf_dn_4: 0.0001 (0.0001)  loss_ddf_dn_5: 0.0000 (0.0000)  loss_fgl: 0.9765 (0.9651)  loss_fgl_aux_0: 1.0219 (1.0162)  loss_fgl_aux_1: 0.9823 (0.9705)  loss_fgl_aux_2: 0.9766 (0.9655)  loss_fgl_aux_3: 0.9764 (0.9652)  loss_fgl_aux_4: 0.9766 (0.9652)  loss_fgl_dn_0: 1.1085 (1.1060)  loss_fgl_dn_1: 1.0109 (1.0050)  loss_fgl_dn_2: 0.9992 (0.9952)  loss_fgl_dn_3: 1.0004 (0.9959)  loss_fgl_dn_4: 1.0014 (0.9965)  loss_fgl_dn_5: 1.0015 (0.9966)  loss_giou: 0.6320 (0.6369)  loss_giou_aux_0: 0.6727 (0.6711)  loss_giou_aux_1: 0.6407 (0.6425)  loss_giou_aux_2: 0.6327 (0.6376)  loss_giou_aux_3: 0.6317 (0.6370)  loss_giou_aux_4: 0.6318 (0.6369)  loss_giou_dn_0: 0.6960 (0.7098)  loss_giou_dn_1: 0.5764 (0.5863)  loss_giou_dn_2: 0.5570 (0.5673)  loss_giou_dn_3: 0.5549 (0.5624)  loss_giou_dn_4: 0.5541 (0.5613)  loss_giou_dn_5: 0.5540 (0.5613)  loss_giou_dn_pre: 0.6940 (0.7086)  loss_giou_enc_0: 0.7528 (0.7534)  loss_giou_pre: 0.6692 (0.6692)  loss_vfl: 0.7195 (0.7234)  loss_vfl_aux_0: 0.8002 (0.7993)  loss_vfl_aux_1: 0.7844 (0.7844)  loss_vfl_aux_2: 0.7546 (0.7581)  loss_vfl_aux_3: 0.7290 (0.7334)  loss_vfl_aux_4: 0.7213 (0.7240)  loss_vfl_dn_0: 0.5049 (0.5072)  loss_vfl_dn_1: 0.4776 (0.4820)  loss_vfl_dn_2: 0.4630 (0.4659)  loss_vfl_dn_3: 0.4531 (0.4548)  loss_vfl_dn_4: 0.4486 (0.4499)  loss_vfl_dn_5: 0.4478 (0.4492)  loss_vfl_dn_pre: 0.5061 (0.5079)  loss_vfl_enc_0: 0.7908 (0.7895)  loss_vfl_pre: 0.8017 (0.8013)  time: 1.0980  data: 0.0286  max mem: 17528
Epoch: [9/80]  [400/924]  eta: 0:09:36  lr: 0.000013  loss: 35.1636 (35.0187)  loss_bbox: 0.2141 (0.2161)  loss_bbox_aux_0: 0.2351 (0.2367)  loss_bbox_aux_1: 0.2148 (0.2197)  loss_bbox_aux_2: 0.2137 (0.2168)  loss_bbox_aux_3: 0.2139 (0.2162)  loss_bbox_aux_4: 0.2139 (0.2161)  loss_bbox_dn_0: 0.3293 (0.3216)  loss_bbox_dn_1: 0.2562 (0.2472)  loss_bbox_dn_2: 0.2436 (0.2355)  loss_bbox_dn_3: 0.2393 (0.2324)  loss_bbox_dn_4: 0.2389 (0.2317)  loss_bbox_dn_5: 0.2390 (0.2317)  loss_bbox_dn_pre: 0.3315 (0.3260)  loss_bbox_enc_0: 0.2842 (0.2858)  loss_bbox_pre: 0.2354 (0.2370)  loss_ddf_aux_0: 0.0978 (0.0951)  loss_ddf_aux_1: 0.0131 (0.0133)  loss_ddf_aux_2: 0.0022 (0.0021)  loss_ddf_aux_3: 0.0003 (0.0003)  loss_ddf_aux_4: 0.0001 (0.0001)  loss_ddf_dn_0: 0.2765 (0.2845)  loss_ddf_dn_1: 0.0364 (0.0381)  loss_ddf_dn_2: 0.0062 (0.0064)  loss_ddf_dn_3: 0.0008 (0.0009)  loss_ddf_dn_4: 0.0001 (0.0001)  loss_ddf_dn_5: 0.0000 (0.0000)  loss_fgl: 0.9704 (0.9660)  loss_fgl_aux_0: 1.0194 (1.0167)  loss_fgl_aux_1: 0.9750 (0.9712)  loss_fgl_aux_2: 0.9714 (0.9662)  loss_fgl_aux_3: 0.9705 (0.9660)  loss_fgl_aux_4: 0.9704 (0.9660)  loss_fgl_dn_0: 1.1017 (1.1063)  loss_fgl_dn_1: 1.0021 (1.0054)  loss_fgl_dn_2: 0.9931 (0.9956)  loss_fgl_dn_3: 0.9931 (0.9963)  loss_fgl_dn_4: 0.9939 (0.9969)  loss_fgl_dn_5: 0.9939 (0.9969)  loss_giou: 0.6191 (0.6349)  loss_giou_aux_0: 0.6555 (0.6691)  loss_giou_aux_1: 0.6246 (0.6406)  loss_giou_aux_2: 0.6212 (0.6357)  loss_giou_aux_3: 0.6195 (0.6350)  loss_giou_aux_4: 0.6192 (0.6349)  loss_giou_dn_0: 0.7030 (0.7085)  loss_giou_dn_1: 0.5798 (0.5852)  loss_giou_dn_2: 0.5611 (0.5663)  loss_giou_dn_3: 0.5555 (0.5615)  loss_giou_dn_4: 0.5543 (0.5603)  loss_giou_dn_5: 0.5544 (0.5603)  loss_giou_dn_pre: 0.7018 (0.7072)  loss_giou_enc_0: 0.7349 (0.7507)  loss_giou_pre: 0.6532 (0.6672)  loss_vfl: 0.7316 (0.7248)  loss_vfl_aux_0: 0.8185 (0.8002)  loss_vfl_aux_1: 0.7943 (0.7859)  loss_vfl_aux_2: 0.7676 (0.7598)  loss_vfl_aux_3: 0.7450 (0.7349)  loss_vfl_aux_4: 0.7369 (0.7254)  loss_vfl_dn_0: 0.5064 (0.5072)  loss_vfl_dn_1: 0.4803 (0.4821)  loss_vfl_dn_2: 0.4649 (0.4659)  loss_vfl_dn_3: 0.4535 (0.4547)  loss_vfl_dn_4: 0.4472 (0.4498)  loss_vfl_dn_5: 0.4469 (0.4492)  loss_vfl_dn_pre: 0.5070 (0.5078)  loss_vfl_enc_0: 0.7891 (0.7905)  loss_vfl_pre: 0.8219 (0.8023)  time: 1.1011  data: 0.0310  max mem: 17528
Epoch: [9/80]  [500/924]  eta: 0:07:49  lr: 0.000013  loss: 34.9055 (35.0347)  loss_bbox: 0.2065 (0.2157)  loss_bbox_aux_0: 0.2258 (0.2360)  loss_bbox_aux_1: 0.2097 (0.2192)  loss_bbox_aux_2: 0.2074 (0.2164)  loss_bbox_aux_3: 0.2066 (0.2158)  loss_bbox_aux_4: 0.2066 (0.2157)  loss_bbox_dn_0: 0.3096 (0.3208)  loss_bbox_dn_1: 0.2359 (0.2466)  loss_bbox_dn_2: 0.2232 (0.2349)  loss_bbox_dn_3: 0.2213 (0.2318)  loss_bbox_dn_4: 0.2204 (0.2312)  loss_bbox_dn_5: 0.2203 (0.2312)  loss_bbox_dn_pre: 0.3133 (0.3251)  loss_bbox_enc_0: 0.2738 (0.2842)  loss_bbox_pre: 0.2264 (0.2363)  loss_ddf_aux_0: 0.0934 (0.0951)  loss_ddf_aux_1: 0.0126 (0.0132)  loss_ddf_aux_2: 0.0019 (0.0021)  loss_ddf_aux_3: 0.0003 (0.0003)  loss_ddf_aux_4: 0.0001 (0.0001)  loss_ddf_dn_0: 0.2815 (0.2846)  loss_ddf_dn_1: 0.0364 (0.0379)  loss_ddf_dn_2: 0.0058 (0.0064)  loss_ddf_dn_3: 0.0010 (0.0009)  loss_ddf_dn_4: 0.0001 (0.0001)  loss_ddf_dn_5: 0.0000 (0.0000)  loss_fgl: 0.9695 (0.9662)  loss_fgl_aux_0: 1.0197 (1.0167)  loss_fgl_aux_1: 0.9738 (0.9713)  loss_fgl_aux_2: 0.9691 (0.9664)  loss_fgl_aux_3: 0.9697 (0.9662)  loss_fgl_aux_4: 0.9696 (0.9662)  loss_fgl_dn_0: 1.1024 (1.1064)  loss_fgl_dn_1: 1.0075 (1.0057)  loss_fgl_dn_2: 0.9956 (0.9960)  loss_fgl_dn_3: 0.9970 (0.9967)  loss_fgl_dn_4: 0.9971 (0.9973)  loss_fgl_dn_5: 0.9971 (0.9973)  loss_giou: 0.6286 (0.6371)  loss_giou_aux_0: 0.6667 (0.6712)  loss_giou_aux_1: 0.6357 (0.6427)  loss_giou_aux_2: 0.6303 (0.6378)  loss_giou_aux_3: 0.6288 (0.6371)  loss_giou_aux_4: 0.6285 (0.6371)  loss_giou_dn_0: 0.7190 (0.7102)  loss_giou_dn_1: 0.5846 (0.5865)  loss_giou_dn_2: 0.5635 (0.5675)  loss_giou_dn_3: 0.5578 (0.5628)  loss_giou_dn_4: 0.5573 (0.5616)  loss_giou_dn_5: 0.5573 (0.5616)  loss_giou_dn_pre: 0.7181 (0.7090)  loss_giou_enc_0: 0.7468 (0.7518)  loss_giou_pre: 0.6651 (0.6693)  loss_vfl: 0.7339 (0.7248)  loss_vfl_aux_0: 0.7877 (0.7993)  loss_vfl_aux_1: 0.7820 (0.7857)  loss_vfl_aux_2: 0.7599 (0.7595)  loss_vfl_aux_3: 0.7364 (0.7347)  loss_vfl_aux_4: 0.7330 (0.7254)  loss_vfl_dn_0: 0.5039 (0.5068)  loss_vfl_dn_1: 0.4791 (0.4821)  loss_vfl_dn_2: 0.4623 (0.4660)  loss_vfl_dn_3: 0.4508 (0.4549)  loss_vfl_dn_4: 0.4476 (0.4499)  loss_vfl_dn_5: 0.4488 (0.4494)  loss_vfl_dn_pre: 0.5048 (0.5075)  loss_vfl_enc_0: 0.7881 (0.7899)  loss_vfl_pre: 0.7896 (0.8014)  time: 1.0862  data: 0.0285  max mem: 17528
Epoch: [9/80]  [600/924]  eta: 0:06:04  lr: 0.000013  loss: 34.7737 (35.0099)  loss_bbox: 0.2078 (0.2157)  loss_bbox_aux_0: 0.2280 (0.2361)  loss_bbox_aux_1: 0.2106 (0.2192)  loss_bbox_aux_2: 0.2082 (0.2164)  loss_bbox_aux_3: 0.2080 (0.2158)  loss_bbox_aux_4: 0.2080 (0.2157)  loss_bbox_dn_0: 0.3038 (0.3213)  loss_bbox_dn_1: 0.2418 (0.2469)  loss_bbox_dn_2: 0.2278 (0.2351)  loss_bbox_dn_3: 0.2253 (0.2320)  loss_bbox_dn_4: 0.2250 (0.2313)  loss_bbox_dn_5: 0.2251 (0.2313)  loss_bbox_dn_pre: 0.3056 (0.3256)  loss_bbox_enc_0: 0.2732 (0.2844)  loss_bbox_pre: 0.2284 (0.2363)  loss_ddf_aux_0: 0.0892 (0.0947)  loss_ddf_aux_1: 0.0122 (0.0131)  loss_ddf_aux_2: 0.0019 (0.0021)  loss_ddf_aux_3: 0.0003 (0.0003)  loss_ddf_aux_4: 0.0001 (0.0001)  loss_ddf_dn_0: 0.2760 (0.2846)  loss_ddf_dn_1: 0.0365 (0.0380)  loss_ddf_dn_2: 0.0060 (0.0064)  loss_ddf_dn_3: 0.0009 (0.0009)  loss_ddf_dn_4: 0.0001 (0.0001)  loss_ddf_dn_5: 0.0000 (0.0000)  loss_fgl: 0.9638 (0.9668)  loss_fgl_aux_0: 1.0139 (1.0172)  loss_fgl_aux_1: 0.9690 (0.9720)  loss_fgl_aux_2: 0.9638 (0.9671)  loss_fgl_aux_3: 0.9640 (0.9669)  loss_fgl_aux_4: 0.9638 (0.9668)  loss_fgl_dn_0: 1.1057 (1.1066)  loss_fgl_dn_1: 1.0067 (1.0057)  loss_fgl_dn_2: 0.9985 (0.9960)  loss_fgl_dn_3: 0.9993 (0.9967)  loss_fgl_dn_4: 0.9996 (0.9973)  loss_fgl_dn_5: 0.9996 (0.9973)  loss_giou: 0.6298 (0.6348)  loss_giou_aux_0: 0.6629 (0.6689)  loss_giou_aux_1: 0.6364 (0.6404)  loss_giou_aux_2: 0.6312 (0.6355)  loss_giou_aux_3: 0.6300 (0.6348)  loss_giou_aux_4: 0.6299 (0.6348)  loss_giou_dn_0: 0.6977 (0.7086)  loss_giou_dn_1: 0.5813 (0.5850)  loss_giou_dn_2: 0.5607 (0.5660)  loss_giou_dn_3: 0.5552 (0.5612)  loss_giou_dn_4: 0.5543 (0.5600)  loss_giou_dn_5: 0.5543 (0.5600)  loss_giou_dn_pre: 0.6971 (0.7074)  loss_giou_enc_0: 0.7364 (0.7494)  loss_giou_pre: 0.6617 (0.6670)  loss_vfl: 0.7264 (0.7247)  loss_vfl_aux_0: 0.7921 (0.7997)  loss_vfl_aux_1: 0.7809 (0.7855)  loss_vfl_aux_2: 0.7597 (0.7592)  loss_vfl_aux_3: 0.7344 (0.7345)  loss_vfl_aux_4: 0.7207 (0.7254)  loss_vfl_dn_0: 0.5070 (0.5069)  loss_vfl_dn_1: 0.4797 (0.4820)  loss_vfl_dn_2: 0.4627 (0.4658)  loss_vfl_dn_3: 0.4529 (0.4547)  loss_vfl_dn_4: 0.4455 (0.4497)  loss_vfl_dn_5: 0.4455 (0.4491)  loss_vfl_dn_pre: 0.5068 (0.5076)  loss_vfl_enc_0: 0.7830 (0.7901)  loss_vfl_pre: 0.7959 (0.8018)  time: 1.2344  data: 0.0262  max mem: 17528
Epoch: [9/80]  [700/924]  eta: 0:04:10  lr: 0.000013  loss: 34.8095 (34.9943)  loss_bbox: 0.2074 (0.2154)  loss_bbox_aux_0: 0.2315 (0.2358)  loss_bbox_aux_1: 0.2137 (0.2190)  loss_bbox_aux_2: 0.2088 (0.2161)  loss_bbox_aux_3: 0.2076 (0.2155)  loss_bbox_aux_4: 0.2075 (0.2154)  loss_bbox_dn_0: 0.3141 (0.3211)  loss_bbox_dn_1: 0.2454 (0.2467)  loss_bbox_dn_2: 0.2369 (0.2349)  loss_bbox_dn_3: 0.2359 (0.2318)  loss_bbox_dn_4: 0.2359 (0.2312)  loss_bbox_dn_5: 0.2360 (0.2311)  loss_bbox_dn_pre: 0.3195 (0.3254)  loss_bbox_enc_0: 0.2780 (0.2839)  loss_bbox_pre: 0.2304 (0.2360)  loss_ddf_aux_0: 0.0948 (0.0941)  loss_ddf_aux_1: 0.0132 (0.0131)  loss_ddf_aux_2: 0.0020 (0.0021)  loss_ddf_aux_3: 0.0003 (0.0003)  loss_ddf_aux_4: 0.0001 (0.0001)  loss_ddf_dn_0: 0.2903 (0.2847)  loss_ddf_dn_1: 0.0373 (0.0380)  loss_ddf_dn_2: 0.0060 (0.0064)  loss_ddf_dn_3: 0.0009 (0.0009)  loss_ddf_dn_4: 0.0001 (0.0001)  loss_ddf_dn_5: 0.0000 (0.0000)  loss_fgl: 0.9694 (0.9674)  loss_fgl_aux_0: 1.0177 (1.0176)  loss_fgl_aux_1: 0.9774 (0.9725)  loss_fgl_aux_2: 0.9696 (0.9676)  loss_fgl_aux_3: 0.9696 (0.9674)  loss_fgl_aux_4: 0.9695 (0.9674)  loss_fgl_dn_0: 1.1125 (1.1070)  loss_fgl_dn_1: 1.0116 (1.0060)  loss_fgl_dn_2: 0.9993 (0.9963)  loss_fgl_dn_3: 0.9989 (0.9970)  loss_fgl_dn_4: 0.9995 (0.9976)  loss_fgl_dn_5: 0.9996 (0.9976)  loss_giou: 0.6325 (0.6338)  loss_giou_aux_0: 0.6627 (0.6679)  loss_giou_aux_1: 0.6367 (0.6394)  loss_giou_aux_2: 0.6330 (0.6346)  loss_giou_aux_3: 0.6328 (0.6339)  loss_giou_aux_4: 0.6326 (0.6338)  loss_giou_dn_0: 0.7067 (0.7078)  loss_giou_dn_1: 0.5766 (0.5841)  loss_giou_dn_2: 0.5578 (0.5652)  loss_giou_dn_3: 0.5557 (0.5604)  loss_giou_dn_4: 0.5550 (0.5593)  loss_giou_dn_5: 0.5550 (0.5592)  loss_giou_dn_pre: 0.7067 (0.7065)  loss_giou_enc_0: 0.7275 (0.7481)  loss_giou_pre: 0.6595 (0.6659)  loss_vfl: 0.7179 (0.7244)  loss_vfl_aux_0: 0.7894 (0.7995)  loss_vfl_aux_1: 0.7725 (0.7854)  loss_vfl_aux_2: 0.7584 (0.7592)  loss_vfl_aux_3: 0.7289 (0.7342)  loss_vfl_aux_4: 0.7249 (0.7250)  loss_vfl_dn_0: 0.5042 (0.5070)  loss_vfl_dn_1: 0.4769 (0.4818)  loss_vfl_dn_2: 0.4626 (0.4655)  loss_vfl_dn_3: 0.4502 (0.4544)  loss_vfl_dn_4: 0.4475 (0.4494)  loss_vfl_dn_5: 0.4446 (0.4489)  loss_vfl_dn_pre: 0.5049 (0.5076)  loss_vfl_enc_0: 0.7810 (0.7899)  loss_vfl_pre: 0.7941 (0.8017)  time: 1.0905  data: 0.0280  max mem: 17528
Epoch: [9/80]  [800/924]  eta: 0:02:18  lr: 0.000013  loss: 35.1156 (34.9907)  loss_bbox: 0.2178 (0.2152)  loss_bbox_aux_0: 0.2437 (0.2356)  loss_bbox_aux_1: 0.2230 (0.2187)  loss_bbox_aux_2: 0.2189 (0.2159)  loss_bbox_aux_3: 0.2180 (0.2153)  loss_bbox_aux_4: 0.2178 (0.2152)  loss_bbox_dn_0: 0.3165 (0.3212)  loss_bbox_dn_1: 0.2361 (0.2465)  loss_bbox_dn_2: 0.2243 (0.2348)  loss_bbox_dn_3: 0.2235 (0.2316)  loss_bbox_dn_4: 0.2224 (0.2309)  loss_bbox_dn_5: 0.2223 (0.2309)  loss_bbox_dn_pre: 0.3210 (0.3255)  loss_bbox_enc_0: 0.2852 (0.2837)  loss_bbox_pre: 0.2431 (0.2359)  loss_ddf_aux_0: 0.1012 (0.0945)  loss_ddf_aux_1: 0.0146 (0.0131)  loss_ddf_aux_2: 0.0023 (0.0021)  loss_ddf_aux_3: 0.0003 (0.0003)  loss_ddf_aux_4: 0.0001 (0.0001)  loss_ddf_dn_0: 0.2989 (0.2859)  loss_ddf_dn_1: 0.0419 (0.0381)  loss_ddf_dn_2: 0.0075 (0.0064)  loss_ddf_dn_3: 0.0011 (0.0009)  loss_ddf_dn_4: 0.0001 (0.0001)  loss_ddf_dn_5: 0.0000 (0.0000)  loss_fgl: 0.9584 (0.9673)  loss_fgl_aux_0: 1.0102 (1.0177)  loss_fgl_aux_1: 0.9637 (0.9725)  loss_fgl_aux_2: 0.9597 (0.9676)  loss_fgl_aux_3: 0.9588 (0.9674)  loss_fgl_aux_4: 0.9586 (0.9673)  loss_fgl_dn_0: 1.0995 (1.1069)  loss_fgl_dn_1: 1.0029 (1.0057)  loss_fgl_dn_2: 0.9956 (0.9960)  loss_fgl_dn_3: 0.9956 (0.9967)  loss_fgl_dn_4: 0.9967 (0.9973)  loss_fgl_dn_5: 0.9969 (0.9973)  loss_giou: 0.6491 (0.6335)  loss_giou_aux_0: 0.6858 (0.6677)  loss_giou_aux_1: 0.6539 (0.6392)  loss_giou_aux_2: 0.6488 (0.6343)  loss_giou_aux_3: 0.6488 (0.6336)  loss_giou_aux_4: 0.6490 (0.6335)  loss_giou_dn_0: 0.7320 (0.7084)  loss_giou_dn_1: 0.6049 (0.5841)  loss_giou_dn_2: 0.5810 (0.5651)  loss_giou_dn_3: 0.5738 (0.5603)  loss_giou_dn_4: 0.5722 (0.5592)  loss_giou_dn_5: 0.5721 (0.5591)  loss_giou_dn_pre: 0.7286 (0.7071)  loss_giou_enc_0: 0.7666 (0.7479)  loss_giou_pre: 0.6831 (0.6658)  loss_vfl: 0.7118 (0.7246)  loss_vfl_aux_0: 0.7852 (0.7998)  loss_vfl_aux_1: 0.7664 (0.7855)  loss_vfl_aux_2: 0.7429 (0.7593)  loss_vfl_aux_3: 0.7223 (0.7344)  loss_vfl_aux_4: 0.7130 (0.7253)  loss_vfl_dn_0: 0.5006 (0.5067)  loss_vfl_dn_1: 0.4802 (0.4815)  loss_vfl_dn_2: 0.4632 (0.4653)  loss_vfl_dn_3: 0.4514 (0.4541)  loss_vfl_dn_4: 0.4480 (0.4492)  loss_vfl_dn_5: 0.4473 (0.4486)  loss_vfl_dn_pre: 0.5011 (0.5073)  loss_vfl_enc_0: 0.7810 (0.7900)  loss_vfl_pre: 0.7850 (0.8020)  time: 1.0906  data: 0.0268  max mem: 17528
Epoch: [9/80]  [900/924]  eta: 0:00:26  lr: 0.000013  loss: 34.8973 (34.9852)  loss_bbox: 0.2123 (0.2156)  loss_bbox_aux_0: 0.2304 (0.2360)  loss_bbox_aux_1: 0.2149 (0.2191)  loss_bbox_aux_2: 0.2135 (0.2163)  loss_bbox_aux_3: 0.2124 (0.2157)  loss_bbox_aux_4: 0.2124 (0.2156)  loss_bbox_dn_0: 0.3184 (0.3210)  loss_bbox_dn_1: 0.2434 (0.2465)  loss_bbox_dn_2: 0.2306 (0.2347)  loss_bbox_dn_3: 0.2273 (0.2316)  loss_bbox_dn_4: 0.2266 (0.2309)  loss_bbox_dn_5: 0.2265 (0.2309)  loss_bbox_dn_pre: 0.3238 (0.3253)  loss_bbox_enc_0: 0.2822 (0.2840)  loss_bbox_pre: 0.2313 (0.2363)  loss_ddf_aux_0: 0.0953 (0.0944)  loss_ddf_aux_1: 0.0128 (0.0131)  loss_ddf_aux_2: 0.0019 (0.0021)  loss_ddf_aux_3: 0.0002 (0.0003)  loss_ddf_aux_4: 0.0001 (0.0001)  loss_ddf_dn_0: 0.2833 (0.2855)  loss_ddf_dn_1: 0.0391 (0.0381)  loss_ddf_dn_2: 0.0067 (0.0064)  loss_ddf_dn_3: 0.0008 (0.0009)  loss_ddf_dn_4: 0.0001 (0.0001)  loss_ddf_dn_5: 0.0000 (0.0000)  loss_fgl: 0.9584 (0.9672)  loss_fgl_aux_0: 1.0099 (1.0174)  loss_fgl_aux_1: 0.9627 (0.9723)  loss_fgl_aux_2: 0.9589 (0.9675)  loss_fgl_aux_3: 0.9585 (0.9673)  loss_fgl_aux_4: 0.9583 (0.9672)  loss_fgl_dn_0: 1.1058 (1.1067)  loss_fgl_dn_1: 1.0066 (1.0055)  loss_fgl_dn_2: 0.9980 (0.9958)  loss_fgl_dn_3: 0.9993 (0.9965)  loss_fgl_dn_4: 0.9998 (0.9971)  loss_fgl_dn_5: 0.9998 (0.9971)  loss_giou: 0.6305 (0.6336)  loss_giou_aux_0: 0.6682 (0.6678)  loss_giou_aux_1: 0.6350 (0.6393)  loss_giou_aux_2: 0.6305 (0.6344)  loss_giou_aux_3: 0.6304 (0.6337)  loss_giou_aux_4: 0.6306 (0.6336)  loss_giou_dn_0: 0.7017 (0.7081)  loss_giou_dn_1: 0.5802 (0.5840)  loss_giou_dn_2: 0.5610 (0.5649)  loss_giou_dn_3: 0.5586 (0.5602)  loss_giou_dn_4: 0.5576 (0.5590)  loss_giou_dn_5: 0.5576 (0.5590)  loss_giou_dn_pre: 0.7002 (0.7068)  loss_giou_enc_0: 0.7466 (0.7480)  loss_giou_pre: 0.6658 (0.6659)  loss_vfl: 0.7214 (0.7241)  loss_vfl_aux_0: 0.7960 (0.7993)  loss_vfl_aux_1: 0.7727 (0.7849)  loss_vfl_aux_2: 0.7571 (0.7587)  loss_vfl_aux_3: 0.7289 (0.7339)  loss_vfl_aux_4: 0.7191 (0.7248)  loss_vfl_dn_0: 0.5043 (0.5066)  loss_vfl_dn_1: 0.4794 (0.4813)  loss_vfl_dn_2: 0.4611 (0.4651)  loss_vfl_dn_3: 0.4511 (0.4540)  loss_vfl_dn_4: 0.4442 (0.4491)  loss_vfl_dn_5: 0.4446 (0.4485)  loss_vfl_dn_pre: 0.5047 (0.5073)  loss_vfl_enc_0: 0.7909 (0.7891)  loss_vfl_pre: 0.7973 (0.8016)  time: 1.2055  data: 0.0286  max mem: 17528
Epoch: [9/80]  [923/924]  eta: 0:00:01  lr: 0.000013  loss: 34.9810 (34.9838)  loss_bbox: 0.2166 (0.2156)  loss_bbox_aux_0: 0.2334 (0.2360)  loss_bbox_aux_1: 0.2164 (0.2191)  loss_bbox_aux_2: 0.2161 (0.2162)  loss_bbox_aux_3: 0.2165 (0.2156)  loss_bbox_aux_4: 0.2166 (0.2156)  loss_bbox_dn_0: 0.3099 (0.3210)  loss_bbox_dn_1: 0.2378 (0.2465)  loss_bbox_dn_2: 0.2263 (0.2347)  loss_bbox_dn_3: 0.2247 (0.2316)  loss_bbox_dn_4: 0.2247 (0.2309)  loss_bbox_dn_5: 0.2246 (0.2309)  loss_bbox_dn_pre: 0.3178 (0.3253)  loss_bbox_enc_0: 0.2776 (0.2841)  loss_bbox_pre: 0.2324 (0.2362)  loss_ddf_aux_0: 0.0922 (0.0944)  loss_ddf_aux_1: 0.0129 (0.0131)  loss_ddf_aux_2: 0.0020 (0.0021)  loss_ddf_aux_3: 0.0003 (0.0003)  loss_ddf_aux_4: 0.0001 (0.0001)  loss_ddf_dn_0: 0.2733 (0.2854)  loss_ddf_dn_1: 0.0356 (0.0381)  loss_ddf_dn_2: 0.0061 (0.0064)  loss_ddf_dn_3: 0.0009 (0.0009)  loss_ddf_dn_4: 0.0001 (0.0001)  loss_ddf_dn_5: 0.0000 (0.0000)  loss_fgl: 0.9633 (0.9671)  loss_fgl_aux_0: 1.0113 (1.0174)  loss_fgl_aux_1: 0.9673 (0.9722)  loss_fgl_aux_2: 0.9636 (0.9674)  loss_fgl_aux_3: 0.9634 (0.9672)  loss_fgl_aux_4: 0.9633 (0.9671)  loss_fgl_dn_0: 1.1108 (1.1067)  loss_fgl_dn_1: 1.0037 (1.0054)  loss_fgl_dn_2: 0.9917 (0.9958)  loss_fgl_dn_3: 0.9929 (0.9965)  loss_fgl_dn_4: 0.9934 (0.9970)  loss_fgl_dn_5: 0.9934 (0.9971)  loss_giou: 0.6270 (0.6337)  loss_giou_aux_0: 0.6666 (0.6679)  loss_giou_aux_1: 0.6342 (0.6393)  loss_giou_aux_2: 0.6272 (0.6344)  loss_giou_aux_3: 0.6270 (0.6337)  loss_giou_aux_4: 0.6271 (0.6337)  loss_giou_dn_0: 0.7042 (0.7080)  loss_giou_dn_1: 0.5818 (0.5840)  loss_giou_dn_2: 0.5628 (0.5649)  loss_giou_dn_3: 0.5579 (0.5601)  loss_giou_dn_4: 0.5566 (0.5590)  loss_giou_dn_5: 0.5562 (0.5589)  loss_giou_dn_pre: 0.7059 (0.7067)  loss_giou_enc_0: 0.7527 (0.7482)  loss_giou_pre: 0.6649 (0.6659)  loss_vfl: 0.7220 (0.7239)  loss_vfl_aux_0: 0.8109 (0.7995)  loss_vfl_aux_1: 0.8011 (0.7849)  loss_vfl_aux_2: 0.7653 (0.7586)  loss_vfl_aux_3: 0.7350 (0.7339)  loss_vfl_aux_4: 0.7256 (0.7247)  loss_vfl_dn_0: 0.5082 (0.5066)  loss_vfl_dn_1: 0.4810 (0.4813)  loss_vfl_dn_2: 0.4657 (0.4651)  loss_vfl_dn_3: 0.4531 (0.4540)  loss_vfl_dn_4: 0.4485 (0.4491)  loss_vfl_dn_5: 0.4475 (0.4485)  loss_vfl_dn_pre: 0.5096 (0.5073)  loss_vfl_enc_0: 0.7830 (0.7891)  loss_vfl_pre: 0.8135 (0.8017)  time: 1.0814  data: 0.0290  max mem: 17528
Epoch: [9/80] Total time: 0:17:12 (1.1169 s / it)
Averaged stats: lr: 0.000013  loss: 34.9810 (34.9838)  loss_bbox: 0.2166 (0.2156)  loss_bbox_aux_0: 0.2334 (0.2360)  loss_bbox_aux_1: 0.2164 (0.2191)  loss_bbox_aux_2: 0.2161 (0.2162)  loss_bbox_aux_3: 0.2165 (0.2156)  loss_bbox_aux_4: 0.2166 (0.2156)  loss_bbox_dn_0: 0.3099 (0.3210)  loss_bbox_dn_1: 0.2378 (0.2465)  loss_bbox_dn_2: 0.2263 (0.2347)  loss_bbox_dn_3: 0.2247 (0.2316)  loss_bbox_dn_4: 0.2247 (0.2309)  loss_bbox_dn_5: 0.2246 (0.2309)  loss_bbox_dn_pre: 0.3178 (0.3253)  loss_bbox_enc_0: 0.2776 (0.2841)  loss_bbox_pre: 0.2324 (0.2362)  loss_ddf_aux_0: 0.0922 (0.0944)  loss_ddf_aux_1: 0.0129 (0.0131)  loss_ddf_aux_2: 0.0020 (0.0021)  loss_ddf_aux_3: 0.0003 (0.0003)  loss_ddf_aux_4: 0.0001 (0.0001)  loss_ddf_dn_0: 0.2733 (0.2854)  loss_ddf_dn_1: 0.0356 (0.0381)  loss_ddf_dn_2: 0.0061 (0.0064)  loss_ddf_dn_3: 0.0009 (0.0009)  loss_ddf_dn_4: 0.0001 (0.0001)  loss_ddf_dn_5: 0.0000 (0.0000)  loss_fgl: 0.9633 (0.9671)  loss_fgl_aux_0: 1.0113 (1.0174)  loss_fgl_aux_1: 0.9673 (0.9722)  loss_fgl_aux_2: 0.9636 (0.9674)  loss_fgl_aux_3: 0.9634 (0.9672)  loss_fgl_aux_4: 0.9633 (0.9671)  loss_fgl_dn_0: 1.1108 (1.1067)  loss_fgl_dn_1: 1.0037 (1.0054)  loss_fgl_dn_2: 0.9917 (0.9958)  loss_fgl_dn_3: 0.9929 (0.9965)  loss_fgl_dn_4: 0.9934 (0.9970)  loss_fgl_dn_5: 0.9934 (0.9971)  loss_giou: 0.6270 (0.6337)  loss_giou_aux_0: 0.6666 (0.6679)  loss_giou_aux_1: 0.6342 (0.6393)  loss_giou_aux_2: 0.6272 (0.6344)  loss_giou_aux_3: 0.6270 (0.6337)  loss_giou_aux_4: 0.6271 (0.6337)  loss_giou_dn_0: 0.7042 (0.7080)  loss_giou_dn_1: 0.5818 (0.5840)  loss_giou_dn_2: 0.5628 (0.5649)  loss_giou_dn_3: 0.5579 (0.5601)  loss_giou_dn_4: 0.5566 (0.5590)  loss_giou_dn_5: 0.5562 (0.5589)  loss_giou_dn_pre: 0.7059 (0.7067)  loss_giou_enc_0: 0.7527 (0.7482)  loss_giou_pre: 0.6649 (0.6659)  loss_vfl: 0.7220 (0.7239)  loss_vfl_aux_0: 0.8109 (0.7995)  loss_vfl_aux_1: 0.8011 (0.7849)  loss_vfl_aux_2: 0.7653 (0.7586)  loss_vfl_aux_3: 0.7350 (0.7339)  loss_vfl_aux_4: 0.7256 (0.7247)  loss_vfl_dn_0: 0.5082 (0.5066)  loss_vfl_dn_1: 0.4810 (0.4813)  loss_vfl_dn_2: 0.4657 (0.4651)  loss_vfl_dn_3: 0.4531 (0.4540)  loss_vfl_dn_4: 0.4485 (0.4491)  loss_vfl_dn_5: 0.4475 (0.4485)  loss_vfl_dn_pre: 0.5096 (0.5073)  loss_vfl_enc_0: 0.7830 (0.7891)  loss_vfl_pre: 0.8135 (0.8017)
Test:  [ 0/79]  eta: 0:01:41    time: 1.2797  data: 1.0001  max mem: 17528
Test:  [10/79]  eta: 0:00:21    time: 0.3095  data: 0.1019  max mem: 17528
Test:  [20/79]  eta: 0:00:15    time: 0.2134  data: 0.0134  max mem: 17528
Test:  [30/79]  eta: 0:00:16    time: 0.3586  data: 0.0139  max mem: 17528
Test:  [40/79]  eta: 0:00:12    time: 0.3554  data: 0.0131  max mem: 17528
Test:  [50/79]  eta: 0:00:08    time: 0.2033  data: 0.0126  max mem: 17528
Test:  [60/79]  eta: 0:00:05    time: 0.1989  data: 0.0123  max mem: 17528
Test:  [70/79]  eta: 0:00:02    time: 0.1965  data: 0.0120  max mem: 17528
Test:  [78/79]  eta: 0:00:00    time: 0.1925  data: 0.0124  max mem: 17528
Test: Total time: 0:00:20 (0.2584 s / it)
Metrics: {'f1': 0.6454700854700856, 'precision': 0.6885485047410649, 'recall': 0.6074646074646075, 'iou': 0.4092316500229525, 'TPs': 2832, 'FPs': 1281, 'FNs': 1830}
Averaged stats: 
Accumulating evaluation results...
COCOeval_opt.accumulate() finished...
DONE (t=2.77s).
IoU metric: bbox
 Average Precision  (AP) @[ IoU=0.50:0.95 | area=   all | maxDets=100 ] = 0.476
 Average Precision  (AP) @[ IoU=0.50      | area=   all | maxDets=100 ] = 0.648
 Average Precision  (AP) @[ IoU=0.75      | area=   all | maxDets=100 ] = 0.515
 Average Precision  (AP) @[ IoU=0.50:0.95 | area= small | maxDets=100 ] = 0.279
 Average Precision  (AP) @[ IoU=0.50:0.95 | area=medium | maxDets=100 ] = 0.524
 Average Precision  (AP) @[ IoU=0.50:0.95 | area= large | maxDets=100 ] = 0.660
 Average Recall     (AR) @[ IoU=0.50:0.95 | area=   all | maxDets=  1 ] = 0.370
 Average Recall     (AR) @[ IoU=0.50:0.95 | area=   all | maxDets= 10 ] = 0.615
 Average Recall     (AR) @[ IoU=0.50:0.95 | area=   all | maxDets=100 ] = 0.685
 Average Recall     (AR) @[ IoU=0.50:0.95 | area= small | maxDets=100 ] = 0.483
 Average Recall     (AR) @[ IoU=0.50:0.95 | area=medium | maxDets=100 ] = 0.740
 Average Recall     (AR) @[ IoU=0.50:0.95 | area= large | maxDets=100 ] = 0.877
 Average Recall     (AR) @[ IoU=0.50      | area=   all | maxDets=100 ] = 0.886
 Average Recall     (AR) @[ IoU=0.75      | area=   all | maxDets=100 ] = 0.738
best_stat: {'epoch': 9, 'coco_eval_bbox': 0.4760091587340937}
Epoch: [10/80]  [  0/924]  eta: 0:42:54  lr: 0.000013  loss: 35.1206 (35.1206)  loss_bbox: 0.2240 (0.2240)  loss_bbox_aux_0: 0.2474 (0.2474)  loss_bbox_aux_1: 0.2272 (0.2272)  loss_bbox_aux_2: 0.2246 (0.2246)  loss_bbox_aux_3: 0.2242 (0.2242)  loss_bbox_aux_4: 0.2240 (0.2240)  loss_bbox_dn_0: 0.3317 (0.3317)  loss_bbox_dn_1: 0.2555 (0.2555)  loss_bbox_dn_2: 0.2466 (0.2466)  loss_bbox_dn_3: 0.2424 (0.2424)  loss_bbox_dn_4: 0.2412 (0.2412)  loss_bbox_dn_5: 0.2412 (0.2412)  loss_bbox_dn_pre: 0.3374 (0.3374)  loss_bbox_enc_0: 0.3030 (0.3030)  loss_bbox_pre: 0.2473 (0.2473)  loss_ddf_aux_0: 0.0900 (0.0900)  loss_ddf_aux_1: 0.0135 (0.0135)  loss_ddf_aux_2: 0.0023 (0.0023)  loss_ddf_aux_3: 0.0003 (0.0003)  loss_ddf_aux_4: 0.0001 (0.0001)  loss_ddf_dn_0: 0.2665 (0.2665)  loss_ddf_dn_1: 0.0374 (0.0374)  loss_ddf_dn_2: 0.0069 (0.0069)  loss_ddf_dn_3: 0.0011 (0.0011)  loss_ddf_dn_4: 0.0001 (0.0001)  loss_ddf_dn_5: 0.0000 (0.0000)  loss_fgl: 0.9611 (0.9611)  loss_fgl_aux_0: 1.0163 (1.0163)  loss_fgl_aux_1: 0.9671 (0.9671)  loss_fgl_aux_2: 0.9613 (0.9613)  loss_fgl_aux_3: 0.9613 (0.9613)  loss_fgl_aux_4: 0.9613 (0.9613)  loss_fgl_dn_0: 1.1079 (1.1079)  loss_fgl_dn_1: 1.0119 (1.0119)  loss_fgl_dn_2: 1.0031 (1.0031)  loss_fgl_dn_3: 1.0039 (1.0039)  loss_fgl_dn_4: 1.0046 (1.0046)  loss_fgl_dn_5: 1.0047 (1.0047)  loss_giou: 0.6518 (0.6518)  loss_giou_aux_0: 0.6895 (0.6895)  loss_giou_aux_1: 0.6589 (0.6589)  loss_giou_aux_2: 0.6531 (0.6531)  loss_giou_aux_3: 0.6521 (0.6521)  loss_giou_aux_4: 0.6518 (0.6518)  loss_giou_dn_0: 0.7105 (0.7105)  loss_giou_dn_1: 0.5858 (0.5858)  loss_giou_dn_2: 0.5657 (0.5657)  loss_giou_dn_3: 0.5594 (0.5594)  loss_giou_dn_4: 0.5575 (0.5575)  loss_giou_dn_5: 0.5573 (0.5573)  loss_giou_dn_pre: 0.7101 (0.7101)  loss_giou_enc_0: 0.7679 (0.7679)  loss_giou_pre: 0.6862 (0.6862)  loss_vfl: 0.7297 (0.7297)  loss_vfl_aux_0: 0.7717 (0.7717)  loss_vfl_aux_1: 0.7481 (0.7481)  loss_vfl_aux_2: 0.7480 (0.7480)  loss_vfl_aux_3: 0.7029 (0.7029)  loss_vfl_aux_4: 0.7209 (0.7209)  loss_vfl_dn_0: 0.4984 (0.4984)  loss_vfl_dn_1: 0.4778 (0.4778)  loss_vfl_dn_2: 0.4639 (0.4639)  loss_vfl_dn_3: 0.4510 (0.4510)  loss_vfl_dn_4: 0.4488 (0.4488)  loss_vfl_dn_5: 0.4510 (0.4510)  loss_vfl_dn_pre: 0.4992 (0.4992)  loss_vfl_enc_0: 0.7759 (0.7759)  loss_vfl_pre: 0.7747 (0.7747)  time: 2.7868  data: 1.8016  max mem: 17528
Epoch: [10/80]  [100/924]  eta: 0:15:11  lr: 0.000013  loss: 34.6797 (34.7823)  loss_bbox: 0.2075 (0.2155)  loss_bbox_aux_0: 0.2271 (0.2351)  loss_bbox_aux_1: 0.2120 (0.2191)  loss_bbox_aux_2: 0.2083 (0.2163)  loss_bbox_aux_3: 0.2077 (0.2157)  loss_bbox_aux_4: 0.2075 (0.2156)  loss_bbox_dn_0: 0.3066 (0.3143)  loss_bbox_dn_1: 0.2353 (0.2430)  loss_bbox_dn_2: 0.2227 (0.2314)  loss_bbox_dn_3: 0.2185 (0.2285)  loss_bbox_dn_4: 0.2182 (0.2278)  loss_bbox_dn_5: 0.2182 (0.2277)  loss_bbox_dn_pre: 0.3108 (0.3186)  loss_bbox_enc_0: 0.2682 (0.2822)  loss_bbox_pre: 0.2266 (0.2353)  loss_ddf_aux_0: 0.0866 (0.0890)  loss_ddf_aux_1: 0.0126 (0.0131)  loss_ddf_aux_2: 0.0020 (0.0023)  loss_ddf_aux_3: 0.0003 (0.0003)  loss_ddf_aux_4: 0.0001 (0.0001)  loss_ddf_dn_0: 0.2754 (0.2762)  loss_ddf_dn_1: 0.0360 (0.0374)  loss_ddf_dn_2: 0.0059 (0.0067)  loss_ddf_dn_3: 0.0009 (0.0009)  loss_ddf_dn_4: 0.0001 (0.0001)  loss_ddf_dn_5: 0.0000 (0.0000)  loss_fgl: 0.9661 (0.9670)  loss_fgl_aux_0: 1.0195 (1.0154)  loss_fgl_aux_1: 0.9707 (0.9720)  loss_fgl_aux_2: 0.9667 (0.9674)  loss_fgl_aux_3: 0.9663 (0.9671)  loss_fgl_aux_4: 0.9661 (0.9670)  loss_fgl_dn_0: 1.1102 (1.1070)  loss_fgl_dn_1: 1.0073 (1.0062)  loss_fgl_dn_2: 0.9982 (0.9970)  loss_fgl_dn_3: 0.9981 (0.9976)  loss_fgl_dn_4: 0.9985 (0.9981)  loss_fgl_dn_5: 0.9985 (0.9982)  loss_giou: 0.6206 (0.6318)  loss_giou_aux_0: 0.6574 (0.6648)  loss_giou_aux_1: 0.6267 (0.6374)  loss_giou_aux_2: 0.6213 (0.6325)  loss_giou_aux_3: 0.6208 (0.6318)  loss_giou_aux_4: 0.6208 (0.6318)  loss_giou_dn_0: 0.6929 (0.6945)  loss_giou_dn_1: 0.5759 (0.5761)  loss_giou_dn_2: 0.5534 (0.5575)  loss_giou_dn_3: 0.5474 (0.5528)  loss_giou_dn_4: 0.5469 (0.5517)  loss_giou_dn_5: 0.5469 (0.5517)  loss_giou_dn_pre: 0.6896 (0.6932)  loss_giou_enc_0: 0.7301 (0.7444)  loss_giou_pre: 0.6554 (0.6627)  loss_vfl: 0.7190 (0.7166)  loss_vfl_aux_0: 0.7916 (0.7942)  loss_vfl_aux_1: 0.7772 (0.7789)  loss_vfl_aux_2: 0.7414 (0.7499)  loss_vfl_aux_3: 0.7273 (0.7262)  loss_vfl_aux_4: 0.7182 (0.7172)  loss_vfl_dn_0: 0.5039 (0.5064)  loss_vfl_dn_1: 0.4753 (0.4776)  loss_vfl_dn_2: 0.4589 (0.4615)  loss_vfl_dn_3: 0.4496 (0.4504)  loss_vfl_dn_4: 0.4466 (0.4455)  loss_vfl_dn_5: 0.4456 (0.4450)  loss_vfl_dn_pre: 0.5046 (0.5070)  loss_vfl_enc_0: 0.7793 (0.7829)  loss_vfl_pre: 0.7915 (0.7962)  time: 1.0839  data: 0.0276  max mem: 17528
Epoch: [10/80]  [200/924]  eta: 0:13:10  lr: 0.000013  loss: 34.7281 (34.7447)  loss_bbox: 0.2048 (0.2132)  loss_bbox_aux_0: 0.2251 (0.2330)  loss_bbox_aux_1: 0.2075 (0.2167)  loss_bbox_aux_2: 0.2051 (0.2139)  loss_bbox_aux_3: 0.2046 (0.2133)  loss_bbox_aux_4: 0.2049 (0.2132)  loss_bbox_dn_0: 0.3130 (0.3151)  loss_bbox_dn_1: 0.2423 (0.2423)  loss_bbox_dn_2: 0.2316 (0.2305)  loss_bbox_dn_3: 0.2275 (0.2273)  loss_bbox_dn_4: 0.2266 (0.2267)  loss_bbox_dn_5: 0.2266 (0.2266)  loss_bbox_dn_pre: 0.3140 (0.3196)  loss_bbox_enc_0: 0.2732 (0.2804)  loss_bbox_pre: 0.2271 (0.2332)  loss_ddf_aux_0: 0.0966 (0.0911)  loss_ddf_aux_1: 0.0135 (0.0132)  loss_ddf_aux_2: 0.0022 (0.0022)  loss_ddf_aux_3: 0.0003 (0.0003)  loss_ddf_aux_4: 0.0001 (0.0001)  loss_ddf_dn_0: 0.2857 (0.2780)  loss_ddf_dn_1: 0.0402 (0.0377)  loss_ddf_dn_2: 0.0071 (0.0067)  loss_ddf_dn_3: 0.0010 (0.0010)  loss_ddf_dn_4: 0.0001 (0.0001)  loss_ddf_dn_5: 0.0000 (0.0000)  loss_fgl: 0.9692 (0.9671)  loss_fgl_aux_0: 1.0240 (1.0163)  loss_fgl_aux_1: 0.9741 (0.9721)  loss_fgl_aux_2: 0.9691 (0.9674)  loss_fgl_aux_3: 0.9692 (0.9672)  loss_fgl_aux_4: 0.9692 (0.9671)  loss_fgl_dn_0: 1.1065 (1.1068)  loss_fgl_dn_1: 1.0055 (1.0048)  loss_fgl_dn_2: 0.9972 (0.9952)  loss_fgl_dn_3: 0.9978 (0.9960)  loss_fgl_dn_4: 0.9987 (0.9966)  loss_fgl_dn_5: 0.9989 (0.9966)  loss_giou: 0.6229 (0.6275)  loss_giou_aux_0: 0.6611 (0.6613)  loss_giou_aux_1: 0.6271 (0.6333)  loss_giou_aux_2: 0.6229 (0.6283)  loss_giou_aux_3: 0.6227 (0.6275)  loss_giou_aux_4: 0.6228 (0.6275)  loss_giou_dn_0: 0.7039 (0.6961)  loss_giou_dn_1: 0.5751 (0.5755)  loss_giou_dn_2: 0.5528 (0.5566)  loss_giou_dn_3: 0.5479 (0.5516)  loss_giou_dn_4: 0.5468 (0.5505)  loss_giou_dn_5: 0.5467 (0.5504)  loss_giou_dn_pre: 0.7045 (0.6949)  loss_giou_enc_0: 0.7456 (0.7409)  loss_giou_pre: 0.6592 (0.6593)  loss_vfl: 0.7207 (0.7192)  loss_vfl_aux_0: 0.7900 (0.7952)  loss_vfl_aux_1: 0.7713 (0.7798)  loss_vfl_aux_2: 0.7489 (0.7531)  loss_vfl_aux_3: 0.7319 (0.7292)  loss_vfl_aux_4: 0.7225 (0.7199)  loss_vfl_dn_0: 0.5036 (0.5066)  loss_vfl_dn_1: 0.4774 (0.4781)  loss_vfl_dn_2: 0.4589 (0.4618)  loss_vfl_dn_3: 0.4494 (0.4509)  loss_vfl_dn_4: 0.4442 (0.4457)  loss_vfl_dn_5: 0.4439 (0.4452)  loss_vfl_dn_pre: 0.5044 (0.5072)  loss_vfl_enc_0: 0.7913 (0.7862)  loss_vfl_pre: 0.7953 (0.7973)  time: 1.0585  data: 0.0281  max mem: 17528
Epoch: [10/80]  [300/924]  eta: 0:11:18  lr: 0.000013  loss: 34.9902 (34.8042)  loss_bbox: 0.2119 (0.2131)  loss_bbox_aux_0: 0.2321 (0.2330)  loss_bbox_aux_1: 0.2147 (0.2167)  loss_bbox_aux_2: 0.2125 (0.2138)  loss_bbox_aux_3: 0.2121 (0.2132)  loss_bbox_aux_4: 0.2119 (0.2132)  loss_bbox_dn_0: 0.3103 (0.3158)  loss_bbox_dn_1: 0.2441 (0.2426)  loss_bbox_dn_2: 0.2308 (0.2308)  loss_bbox_dn_3: 0.2271 (0.2276)  loss_bbox_dn_4: 0.2262 (0.2270)  loss_bbox_dn_5: 0.2262 (0.2269)  loss_bbox_dn_pre: 0.3135 (0.3201)  loss_bbox_enc_0: 0.2779 (0.2797)  loss_bbox_pre: 0.2336 (0.2332)  loss_ddf_aux_0: 0.0956 (0.0922)  loss_ddf_aux_1: 0.0135 (0.0132)  loss_ddf_aux_2: 0.0020 (0.0021)  loss_ddf_aux_3: 0.0003 (0.0003)  loss_ddf_aux_4: 0.0001 (0.0001)  loss_ddf_dn_0: 0.2745 (0.2808)  loss_ddf_dn_1: 0.0377 (0.0384)  loss_ddf_dn_2: 0.0061 (0.0068)  loss_ddf_dn_3: 0.0009 (0.0010)  loss_ddf_dn_4: 0.0001 (0.0001)  loss_ddf_dn_5: 0.0000 (0.0000)  loss_fgl: 0.9536 (0.9670)  loss_fgl_aux_0: 1.0040 (1.0159)  loss_fgl_aux_1: 0.9581 (0.9720)  loss_fgl_aux_2: 0.9538 (0.9673)  loss_fgl_aux_3: 0.9536 (0.9670)  loss_fgl_aux_4: 0.9536 (0.9670)  loss_fgl_dn_0: 1.0969 (1.1063)  loss_fgl_dn_1: 1.0024 (1.0044)  loss_fgl_dn_2: 0.9920 (0.9950)  loss_fgl_dn_3: 0.9930 (0.9957)  loss_fgl_dn_4: 0.9936 (0.9963)  loss_fgl_dn_5: 0.9936 (0.9964)  loss_giou: 0.6665 (0.6308)  loss_giou_aux_0: 0.7019 (0.6646)  loss_giou_aux_1: 0.6725 (0.6366)  loss_giou_aux_2: 0.6677 (0.6316)  loss_giou_aux_3: 0.6670 (0.6309)  loss_giou_aux_4: 0.6666 (0.6308)  loss_giou_dn_0: 0.7044 (0.7002)  loss_giou_dn_1: 0.5904 (0.5789)  loss_giou_dn_2: 0.5738 (0.5597)  loss_giou_dn_3: 0.5691 (0.5547)  loss_giou_dn_4: 0.5678 (0.5536)  loss_giou_dn_5: 0.5676 (0.5535)  loss_giou_dn_pre: 0.7043 (0.6989)  loss_giou_enc_0: 0.7734 (0.7434)  loss_giou_pre: 0.6989 (0.6627)  loss_vfl: 0.7304 (0.7200)  loss_vfl_aux_0: 0.8085 (0.7962)  loss_vfl_aux_1: 0.7843 (0.7812)  loss_vfl_aux_2: 0.7545 (0.7545)  loss_vfl_aux_3: 0.7274 (0.7304)  loss_vfl_aux_4: 0.7283 (0.7210)  loss_vfl_dn_0: 0.5073 (0.5060)  loss_vfl_dn_1: 0.4799 (0.4778)  loss_vfl_dn_2: 0.4618 (0.4616)  loss_vfl_dn_3: 0.4534 (0.4508)  loss_vfl_dn_4: 0.4488 (0.4458)  loss_vfl_dn_5: 0.4474 (0.4453)  loss_vfl_dn_pre: 0.5077 (0.5066)  loss_vfl_enc_0: 0.7861 (0.7859)  loss_vfl_pre: 0.8114 (0.7983)  time: 1.0744  data: 0.0270  max mem: 17528
Epoch: [10/80]  [400/924]  eta: 0:09:32  lr: 0.000013  loss: 34.6373 (34.7822)  loss_bbox: 0.2142 (0.2135)  loss_bbox_aux_0: 0.2322 (0.2333)  loss_bbox_aux_1: 0.2176 (0.2170)  loss_bbox_aux_2: 0.2130 (0.2142)  loss_bbox_aux_3: 0.2138 (0.2136)  loss_bbox_aux_4: 0.2140 (0.2135)  loss_bbox_dn_0: 0.3093 (0.3155)  loss_bbox_dn_1: 0.2409 (0.2425)  loss_bbox_dn_2: 0.2293 (0.2308)  loss_bbox_dn_3: 0.2262 (0.2277)  loss_bbox_dn_4: 0.2259 (0.2270)  loss_bbox_dn_5: 0.2258 (0.2270)  loss_bbox_dn_pre: 0.3135 (0.3199)  loss_bbox_enc_0: 0.2769 (0.2806)  loss_bbox_pre: 0.2328 (0.2335)  loss_ddf_aux_0: 0.0941 (0.0918)  loss_ddf_aux_1: 0.0128 (0.0131)  loss_ddf_aux_2: 0.0022 (0.0021)  loss_ddf_aux_3: 0.0003 (0.0003)  loss_ddf_aux_4: 0.0001 (0.0001)  loss_ddf_dn_0: 0.2793 (0.2805)  loss_ddf_dn_1: 0.0377 (0.0382)  loss_ddf_dn_2: 0.0069 (0.0067)  loss_ddf_dn_3: 0.0009 (0.0010)  loss_ddf_dn_4: 0.0001 (0.0001)  loss_ddf_dn_5: 0.0000 (0.0000)  loss_fgl: 0.9679 (0.9670)  loss_fgl_aux_0: 1.0201 (1.0160)  loss_fgl_aux_1: 0.9735 (0.9720)  loss_fgl_aux_2: 0.9680 (0.9672)  loss_fgl_aux_3: 0.9679 (0.9670)  loss_fgl_aux_4: 0.9680 (0.9670)  loss_fgl_dn_0: 1.1110 (1.1066)  loss_fgl_dn_1: 1.0029 (1.0044)  loss_fgl_dn_2: 0.9930 (0.9949)  loss_fgl_dn_3: 0.9938 (0.9957)  loss_fgl_dn_4: 0.9946 (0.9963)  loss_fgl_dn_5: 0.9947 (0.9964)  loss_giou: 0.6365 (0.6286)  loss_giou_aux_0: 0.6688 (0.6620)  loss_giou_aux_1: 0.6410 (0.6343)  loss_giou_aux_2: 0.6370 (0.6294)  loss_giou_aux_3: 0.6367 (0.6286)  loss_giou_aux_4: 0.6367 (0.6286)  loss_giou_dn_0: 0.6955 (0.6977)  loss_giou_dn_1: 0.5754 (0.5767)  loss_giou_dn_2: 0.5557 (0.5576)  loss_giou_dn_3: 0.5504 (0.5527)  loss_giou_dn_4: 0.5493 (0.5515)  loss_giou_dn_5: 0.5492 (0.5515)  loss_giou_dn_pre: 0.6948 (0.6965)  loss_giou_enc_0: 0.7436 (0.7416)  loss_giou_pre: 0.6673 (0.6601)  loss_vfl: 0.7177 (0.7209)  loss_vfl_aux_0: 0.7986 (0.7976)  loss_vfl_aux_1: 0.7766 (0.7820)  loss_vfl_aux_2: 0.7571 (0.7556)  loss_vfl_aux_3: 0.7264 (0.7312)  loss_vfl_aux_4: 0.7228 (0.7218)  loss_vfl_dn_0: 0.5076 (0.5064)  loss_vfl_dn_1: 0.4753 (0.4780)  loss_vfl_dn_2: 0.4617 (0.4618)  loss_vfl_dn_3: 0.4496 (0.4510)  loss_vfl_dn_4: 0.4460 (0.4460)  loss_vfl_dn_5: 0.4459 (0.4455)  loss_vfl_dn_pre: 0.5079 (0.5070)  loss_vfl_enc_0: 0.7809 (0.7863)  loss_vfl_pre: 0.8000 (0.7997)  time: 1.0832  data: 0.0309  max mem: 17528
Epoch: [10/80]  [500/924]  eta: 0:07:44  lr: 0.000013  loss: 35.0408 (34.7730)  loss_bbox: 0.2197 (0.2137)  loss_bbox_aux_0: 0.2389 (0.2335)  loss_bbox_aux_1: 0.2236 (0.2172)  loss_bbox_aux_2: 0.2202 (0.2144)  loss_bbox_aux_3: 0.2196 (0.2138)  loss_bbox_aux_4: 0.2196 (0.2137)  loss_bbox_dn_0: 0.3202 (0.3146)  loss_bbox_dn_1: 0.2437 (0.2418)  loss_bbox_dn_2: 0.2330 (0.2302)  loss_bbox_dn_3: 0.2296 (0.2271)  loss_bbox_dn_4: 0.2289 (0.2264)  loss_bbox_dn_5: 0.2289 (0.2264)  loss_bbox_dn_pre: 0.3221 (0.3190)  loss_bbox_enc_0: 0.2853 (0.2808)  loss_bbox_pre: 0.2393 (0.2337)  loss_ddf_aux_0: 0.0954 (0.0920)  loss_ddf_aux_1: 0.0139 (0.0131)  loss_ddf_aux_2: 0.0021 (0.0021)  loss_ddf_aux_3: 0.0003 (0.0003)  loss_ddf_aux_4: 0.0001 (0.0001)  loss_ddf_dn_0: 0.2796 (0.2798)  loss_ddf_dn_1: 0.0404 (0.0382)  loss_ddf_dn_2: 0.0068 (0.0067)  loss_ddf_dn_3: 0.0009 (0.0010)  loss_ddf_dn_4: 0.0001 (0.0001)  loss_ddf_dn_5: 0.0000 (0.0000)  loss_fgl: 0.9701 (0.9668)  loss_fgl_aux_0: 1.0186 (1.0158)  loss_fgl_aux_1: 0.9736 (0.9717)  loss_fgl_aux_2: 0.9700 (0.9670)  loss_fgl_aux_3: 0.9704 (0.9668)  loss_fgl_aux_4: 0.9702 (0.9668)  loss_fgl_dn_0: 1.1022 (1.1065)  loss_fgl_dn_1: 1.0011 (1.0045)  loss_fgl_dn_2: 0.9943 (0.9949)  loss_fgl_dn_3: 0.9952 (0.9957)  loss_fgl_dn_4: 0.9958 (0.9963)  loss_fgl_dn_5: 0.9958 (0.9963)  loss_giou: 0.6214 (0.6286)  loss_giou_aux_0: 0.6534 (0.6620)  loss_giou_aux_1: 0.6290 (0.6344)  loss_giou_aux_2: 0.6231 (0.6294)  loss_giou_aux_3: 0.6211 (0.6286)  loss_giou_aux_4: 0.6214 (0.6286)  loss_giou_dn_0: 0.6888 (0.6967)  loss_giou_dn_1: 0.5723 (0.5763)  loss_giou_dn_2: 0.5540 (0.5572)  loss_giou_dn_3: 0.5494 (0.5523)  loss_giou_dn_4: 0.5483 (0.5511)  loss_giou_dn_5: 0.5482 (0.5511)  loss_giou_dn_pre: 0.6913 (0.6955)  loss_giou_enc_0: 0.7375 (0.7416)  loss_giou_pre: 0.6513 (0.6601)  loss_vfl: 0.7342 (0.7210)  loss_vfl_aux_0: 0.7996 (0.7975)  loss_vfl_aux_1: 0.7917 (0.7818)  loss_vfl_aux_2: 0.7603 (0.7553)  loss_vfl_aux_3: 0.7485 (0.7313)  loss_vfl_aux_4: 0.7336 (0.7219)  loss_vfl_dn_0: 0.5074 (0.5066)  loss_vfl_dn_1: 0.4788 (0.4780)  loss_vfl_dn_2: 0.4686 (0.4619)  loss_vfl_dn_3: 0.4562 (0.4510)  loss_vfl_dn_4: 0.4522 (0.4461)  loss_vfl_dn_5: 0.4517 (0.4455)  loss_vfl_dn_pre: 0.5075 (0.5073)  loss_vfl_enc_0: 0.7939 (0.7860)  loss_vfl_pre: 0.8015 (0.7996)  time: 1.0860  data: 0.0269  max mem: 17528
Epoch: [10/80]  [600/924]  eta: 0:05:58  lr: 0.000013  loss: 34.8427 (34.7650)  loss_bbox: 0.2123 (0.2133)  loss_bbox_aux_0: 0.2325 (0.2332)  loss_bbox_aux_1: 0.2168 (0.2168)  loss_bbox_aux_2: 0.2141 (0.2140)  loss_bbox_aux_3: 0.2124 (0.2134)  loss_bbox_aux_4: 0.2122 (0.2133)  loss_bbox_dn_0: 0.3019 (0.3139)  loss_bbox_dn_1: 0.2382 (0.2412)  loss_bbox_dn_2: 0.2297 (0.2296)  loss_bbox_dn_3: 0.2241 (0.2264)  loss_bbox_dn_4: 0.2230 (0.2257)  loss_bbox_dn_5: 0.2231 (0.2257)  loss_bbox_dn_pre: 0.3098 (0.3182)  loss_bbox_enc_0: 0.2795 (0.2807)  loss_bbox_pre: 0.2323 (0.2334)  loss_ddf_aux_0: 0.0916 (0.0922)  loss_ddf_aux_1: 0.0128 (0.0132)  loss_ddf_aux_2: 0.0022 (0.0021)  loss_ddf_aux_3: 0.0003 (0.0003)  loss_ddf_aux_4: 0.0001 (0.0001)  loss_ddf_dn_0: 0.2760 (0.2794)  loss_ddf_dn_1: 0.0373 (0.0381)  loss_ddf_dn_2: 0.0068 (0.0067)  loss_ddf_dn_3: 0.0010 (0.0010)  loss_ddf_dn_4: 0.0001 (0.0001)  loss_ddf_dn_5: 0.0000 (0.0000)  loss_fgl: 0.9618 (0.9666)  loss_fgl_aux_0: 1.0042 (1.0157)  loss_fgl_aux_1: 0.9678 (0.9716)  loss_fgl_aux_2: 0.9616 (0.9668)  loss_fgl_aux_3: 0.9616 (0.9666)  loss_fgl_aux_4: 0.9618 (0.9666)  loss_fgl_dn_0: 1.1010 (1.1065)  loss_fgl_dn_1: 1.0064 (1.0047)  loss_fgl_dn_2: 0.9961 (0.9951)  loss_fgl_dn_3: 0.9969 (0.9958)  loss_fgl_dn_4: 0.9974 (0.9964)  loss_fgl_dn_5: 0.9974 (0.9965)  loss_giou: 0.6377 (0.6298)  loss_giou_aux_0: 0.6732 (0.6634)  loss_giou_aux_1: 0.6451 (0.6356)  loss_giou_aux_2: 0.6394 (0.6306)  loss_giou_aux_3: 0.6373 (0.6298)  loss_giou_aux_4: 0.6376 (0.6298)  loss_giou_dn_0: 0.7076 (0.6967)  loss_giou_dn_1: 0.5887 (0.5762)  loss_giou_dn_2: 0.5698 (0.5573)  loss_giou_dn_3: 0.5643 (0.5524)  loss_giou_dn_4: 0.5630 (0.5512)  loss_giou_dn_5: 0.5628 (0.5512)  loss_giou_dn_pre: 0.7090 (0.6954)  loss_giou_enc_0: 0.7544 (0.7434)  loss_giou_pre: 0.6701 (0.6614)  loss_vfl: 0.7125 (0.7194)  loss_vfl_aux_0: 0.7859 (0.7960)  loss_vfl_aux_1: 0.7750 (0.7805)  loss_vfl_aux_2: 0.7489 (0.7546)  loss_vfl_aux_3: 0.7191 (0.7300)  loss_vfl_aux_4: 0.7123 (0.7204)  loss_vfl_dn_0: 0.5079 (0.5066)  loss_vfl_dn_1: 0.4754 (0.4778)  loss_vfl_dn_2: 0.4597 (0.4618)  loss_vfl_dn_3: 0.4490 (0.4509)  loss_vfl_dn_4: 0.4414 (0.4459)  loss_vfl_dn_5: 0.4437 (0.4454)  loss_vfl_dn_pre: 0.5085 (0.5073)  loss_vfl_enc_0: 0.7782 (0.7846)  loss_vfl_pre: 0.7867 (0.7981)  time: 1.1009  data: 0.0278  max mem: 17528
Epoch: [10/80]  [700/924]  eta: 0:04:09  lr: 0.000013  loss: 34.6798 (34.7531)  loss_bbox: 0.2150 (0.2132)  loss_bbox_aux_0: 0.2337 (0.2330)  loss_bbox_aux_1: 0.2174 (0.2167)  loss_bbox_aux_2: 0.2157 (0.2138)  loss_bbox_aux_3: 0.2149 (0.2133)  loss_bbox_aux_4: 0.2150 (0.2132)  loss_bbox_dn_0: 0.3244 (0.3142)  loss_bbox_dn_1: 0.2458 (0.2413)  loss_bbox_dn_2: 0.2342 (0.2297)  loss_bbox_dn_3: 0.2316 (0.2266)  loss_bbox_dn_4: 0.2310 (0.2259)  loss_bbox_dn_5: 0.2311 (0.2259)  loss_bbox_dn_pre: 0.3364 (0.3186)  loss_bbox_enc_0: 0.2816 (0.2803)  loss_bbox_pre: 0.2335 (0.2332)  loss_ddf_aux_0: 0.0948 (0.0923)  loss_ddf_aux_1: 0.0125 (0.0131)  loss_ddf_aux_2: 0.0018 (0.0021)  loss_ddf_aux_3: 0.0003 (0.0003)  loss_ddf_aux_4: 0.0001 (0.0001)  loss_ddf_dn_0: 0.2829 (0.2797)  loss_ddf_dn_1: 0.0372 (0.0379)  loss_ddf_dn_2: 0.0065 (0.0067)  loss_ddf_dn_3: 0.0010 (0.0009)  loss_ddf_dn_4: 0.0001 (0.0001)  loss_ddf_dn_5: 0.0000 (0.0000)  loss_fgl: 0.9697 (0.9667)  loss_fgl_aux_0: 1.0252 (1.0158)  loss_fgl_aux_1: 0.9760 (0.9717)  loss_fgl_aux_2: 0.9706 (0.9669)  loss_fgl_aux_3: 0.9700 (0.9667)  loss_fgl_aux_4: 0.9697 (0.9667)  loss_fgl_dn_0: 1.1124 (1.1067)  loss_fgl_dn_1: 1.0003 (1.0044)  loss_fgl_dn_2: 0.9891 (0.9949)  loss_fgl_dn_3: 0.9899 (0.9956)  loss_fgl_dn_4: 0.9907 (0.9962)  loss_fgl_dn_5: 0.9908 (0.9962)  loss_giou: 0.5960 (0.6290)  loss_giou_aux_0: 0.6216 (0.6626)  loss_giou_aux_1: 0.5991 (0.6348)  loss_giou_aux_2: 0.5968 (0.6298)  loss_giou_aux_3: 0.5964 (0.6291)  loss_giou_aux_4: 0.5960 (0.6290)  loss_giou_dn_0: 0.6788 (0.6963)  loss_giou_dn_1: 0.5599 (0.5756)  loss_giou_dn_2: 0.5437 (0.5567)  loss_giou_dn_3: 0.5390 (0.5518)  loss_giou_dn_4: 0.5376 (0.5507)  loss_giou_dn_5: 0.5377 (0.5506)  loss_giou_dn_pre: 0.6782 (0.6951)  loss_giou_enc_0: 0.7073 (0.7423)  loss_giou_pre: 0.6214 (0.6607)  loss_vfl: 0.7260 (0.7194)  loss_vfl_aux_0: 0.8009 (0.7959)  loss_vfl_aux_1: 0.7871 (0.7806)  loss_vfl_aux_2: 0.7631 (0.7548)  loss_vfl_aux_3: 0.7393 (0.7299)  loss_vfl_aux_4: 0.7255 (0.7204)  loss_vfl_dn_0: 0.5107 (0.5067)  loss_vfl_dn_1: 0.4803 (0.4777)  loss_vfl_dn_2: 0.4631 (0.4616)  loss_vfl_dn_3: 0.4505 (0.4507)  loss_vfl_dn_4: 0.4447 (0.4457)  loss_vfl_dn_5: 0.4433 (0.4451)  loss_vfl_dn_pre: 0.5120 (0.5073)  loss_vfl_enc_0: 0.8047 (0.7847)  loss_vfl_pre: 0.7997 (0.7979)  time: 1.0806  data: 0.0275  max mem: 17528
